grviIn,meanRefR,meanRefG,illumR,illumG,blockIdx,sunRoll,sunPitch,sunYaw,camRoll,camPitch,camYaw,grviOut
0.2935284972190857,0.0006740565877407,0.0011789638083428,550.956812,480.270977,0.0,180.0,-42.301559,-85.835487,-0.0,-20.084,-0.0,0.1550569683313369
0.255916565656662,0.0007662195130251,0.0012787426821887,550.956812,480.270977,1.0,180.0,-42.301559,-85.835487,-0.0,-20.084,-0.0,0.121730588376522
0.2361705899238586,0.0007521974039264,0.0012182088103145,550.956812,480.270977,2.0,180.0,-42.301559,-85.835487,-0.0,-20.084,-0.0,0.0993751063942909
0.2169009149074554,0.0007477594772353,0.0011899168603122,550.956812,480.270977,3.0,180.0,-42.301559,-85.835487,-0.0,-20.084,-0.0,0.0998861715197563
0.244525134563446,0.0007302041631191,0.0011937140952795,550.956812,480.270977,4.0,180.0,-42.301559,-85.835487,-0.0,-20.084,-0.0,0.0974565222859382
0.2405754476785659,0.0007506952970288,0.0012177391909062,550.956812,480.270977,5.0,180.0,-42.301559,-85.835487,-0.0,-20.084,-0.0,0.1009046360850334
0.2406025379896164,0.000700524833519,0.0011340784840285,550.956812,480.270977,6.0,180.0,-42.301559,-85.835487,-0.0,-20.084,-0.0,0.1036196872591972
0.2714993357658386,0.0007282979786396,0.0012185734231024,550.956812,480.270977,7.0,180.0,-42.301559,-85.835487,-0.0,-20.084,-0.0,0.128982588648796
0.2343719154596328,0.0007493466837331,0.0012011606013402,550.956812,480.270977,8.0,180.0,-42.301559,-85.835487,-0.0,-20.084,-0.0,0.1069609224796295
0.2099941670894622,0.0006855978863313,0.001062324270606,550.956812,480.270977,9.0,180.0,-42.301559,-85.835487,-0.0,-20.084,-0.0,0.0893934220075607
0.2279923558235168,0.0005848923465237,0.0009290777961723,550.956812,480.270977,10.0,180.0,-42.301559,-85.835487,-0.0,-20.084,-0.0,0.0951745063066482
0.2481715828180313,0.0005939890979789,0.00096467777621,550.956812,480.270977,11.0,180.0,-42.301559,-85.835487,-0.0,-20.084,-0.0,0.1177772805094719
0.2945715188980102,0.0005247770459391,0.000899352133274,550.956812,480.270977,12.0,180.0,-42.301559,-85.835487,-0.0,-20.084,-0.0,0.1386119276285171
0.2254834324121475,0.0004413395363371,0.0006825482705608,550.956812,480.270977,13.0,180.0,-42.301559,-85.835487,-0.0,-20.084,-0.0,0.1082723066210746
0.2643856704235077,0.0003942014882341,0.0006450423388741,550.956812,480.270977,14.0,180.0,-42.301559,-85.835487,-0.0,-20.084,-0.0,0.1287239491939544
0.2124436795711517,0.000359938974725,0.0005500164115801,550.956812,480.270977,15.0,180.0,-42.301559,-85.835487,-0.0,-20.084,-0.0,0.0943100899457931
0.3118461370468139,0.0003541836922522,0.0006190511048771,550.956812,480.270977,16.0,180.0,-42.301559,-85.835487,-0.0,-20.084,-0.0,0.1586023867130279
0.2612006068229675,0.0002602000895421,0.0004203578864689,550.956812,480.270977,17.0,180.0,-42.301559,-85.835487,-0.0,-20.084,-0.0,0.1167173981666565
0.2878912687301636,0.0002730561827775,0.0004590797179844,550.956812,480.270977,18.0,180.0,-42.301559,-85.835487,-0.0,-20.084,-0.0,0.1310867220163345
0.2796536982059479,0.000246428331593,0.0004023566143587,550.956812,480.270977,19.0,180.0,-42.301559,-85.835487,-0.0,-20.084,-0.0,0.1331412643194198
0.2905123233795166,0.0006811722996644,0.0011870091548189,550.956812,480.270977,0.0,180.0,-42.301559,-85.835487,-0.0,-20.058,-0.0,0.1381617486476898
0.2811802625656128,0.0007847577217034,0.0013550776056945,550.956812,480.270977,1.0,180.0,-42.301559,-85.835487,-0.0,-20.058,-0.0,0.1407830566167831
0.2607848644256592,0.0007892195135354,0.0013257971731945,550.956812,480.270977,2.0,180.0,-42.301559,-85.835487,-0.0,-20.058,-0.0,0.1160858944058418
0.2661295235157013,0.0007348376675508,0.001239355537109,550.956812,480.270977,3.0,180.0,-42.301559,-85.835487,-0.0,-20.058,-0.0,0.1185073554515838
0.2635179460048675,0.0007694942760281,0.0012902235612273,550.956812,480.270977,4.0,180.0,-42.301559,-85.835487,-0.0,-20.058,-0.0,0.1293489784002304
0.2503572106361389,0.0007214229553937,0.0011835681507363,550.956812,480.270977,5.0,180.0,-42.301559,-85.835487,-0.0,-20.058,-0.0,0.1096249222755432
0.259213238954544,0.0007563816034235,0.0012602540664374,550.956812,480.270977,6.0,180.0,-42.301559,-85.835487,-0.0,-20.058,-0.0,0.1204298883676529
0.2303195893764495,0.0007334385882131,0.0011732055572792,550.956812,480.270977,7.0,180.0,-42.301559,-85.835487,-0.0,-20.058,-0.0,0.1012221500277519
0.2332437932491302,0.0006685590487904,0.0010671803029254,550.956812,480.270977,8.0,180.0,-42.301559,-85.835487,-0.0,-20.058,-0.0,0.0958175882697105
0.1831898540258407,0.0007033653091639,0.0010371702956035,550.956812,480.270977,9.0,180.0,-42.301559,-85.835487,-0.0,-20.058,-0.0,0.0784930437803268
0.1953272074460983,0.0006386850145645,0.0009620265918783,550.956812,480.270977,10.0,180.0,-42.301559,-85.835487,-0.0,-20.058,-0.0,0.0832649767398834
0.1723677068948745,0.0005164715112186,0.0007455819868482,550.956812,480.270977,11.0,180.0,-42.301559,-85.835487,-0.0,-20.058,-0.0,0.0655193552374839
0.2067952305078506,0.0005149738281033,0.0007716228137724,550.956812,480.270977,12.0,180.0,-42.301559,-85.835487,-0.0,-20.058,-0.0,0.0919326022267341
0.2120496034622192,0.00046607494005,0.0007041898206807,550.956812,480.270977,13.0,180.0,-42.301559,-85.835487,-0.0,-20.058,-0.0,0.0904106721282005
0.2645709812641144,0.0004006526723969,0.0006594982696697,550.956812,480.270977,14.0,180.0,-42.301559,-85.835487,-0.0,-20.058,-0.0,0.1143077090382576
0.2847400605678558,0.0003789989568758,0.0006360565894283,550.956812,480.270977,15.0,180.0,-42.301559,-85.835487,-0.0,-20.058,-0.0,0.1244737803936004
0.2802769243717193,0.000391092558857,0.0006538940360769,550.956812,480.270977,16.0,180.0,-42.301559,-85.835487,-0.0,-20.058,-0.0,0.1425197571516037
0.2457140386104583,0.0003134876606054,0.0004954595351591,550.956812,480.270977,17.0,180.0,-42.301559,-85.835487,-0.0,-20.058,-0.0,0.1039027273654937
0.2833250164985657,0.0002386572159593,0.0004009030817542,550.956812,480.270977,18.0,180.0,-42.301559,-85.835487,-0.0,-20.058,-0.0,0.1219448819756507
0.268400639295578,0.0002139115531463,0.0003444578615017,550.956812,480.270977,19.0,180.0,-42.301559,-85.835487,-0.0,-20.058,-0.0,0.1197679489850997
0.2943688035011291,0.0006438345299102,0.0011305067455396,550.956812,480.270977,0.0,180.0,-42.301559,-85.835487,-0.0,-20.045,-0.0,0.1351720988750457
0.2821929454803467,0.0007177703082561,0.0012378880055621,550.956812,480.270977,1.0,180.0,-42.301559,-85.835487,-0.0,-20.045,-0.0,0.1278445869684219
0.2780635058879852,0.0007186881266534,0.0012371690245345,550.956812,480.270977,2.0,180.0,-42.301559,-85.835487,-0.0,-20.045,-0.0,0.1382784843444824
0.2598675489425659,0.0007223444990813,0.0012093501864001,550.956812,480.270977,3.0,180.0,-42.301559,-85.835487,-0.0,-20.045,-0.0,0.1138615980744361
0.2740486860275268,0.0007087644771672,0.0011989464983344,550.956812,480.270977,4.0,180.0,-42.301559,-85.835487,-0.0,-20.045,-0.0,0.1252606958150863
0.2510621249675751,0.0006959704915061,0.0011504653375595,550.956812,480.270977,5.0,180.0,-42.301559,-85.835487,-0.0,-20.045,-0.0,0.1071600541472435
0.233632892370224,0.0006722408579662,0.0010825617937371,550.956812,480.270977,6.0,180.0,-42.301559,-85.835487,-0.0,-20.045,-0.0,0.1029723137617111
0.2258865386247635,0.0007610354805365,0.0012095532147213,550.956812,480.270977,7.0,180.0,-42.301559,-85.835487,-0.0,-20.045,-0.0,0.0927511900663375
0.246480107307434,0.0007084365934133,0.0011555348755791,550.956812,480.270977,8.0,180.0,-42.301559,-85.835487,-0.0,-20.045,-0.0,0.1182217374444007
0.2585446834564209,0.0006437951233237,0.0010649866890162,550.956812,480.270977,9.0,180.0,-42.301559,-85.835487,-0.0,-20.045,-0.0,0.1167348027229309
0.2483212053775787,0.0005722590722143,0.0009251974406652,550.956812,480.270977,10.0,180.0,-42.301559,-85.835487,-0.0,-20.045,-0.0,0.104526899755001
0.2710462510585785,0.0005178374703973,0.000871816126164,550.956812,480.270977,11.0,180.0,-42.301559,-85.835487,-0.0,-20.045,-0.0,0.116009771823883
0.2573477625846863,0.0005689262179657,0.0009333619382232,550.956812,480.270977,12.0,180.0,-42.301559,-85.835487,-0.0,-20.045,-0.0,0.1130838170647621
0.2996279001235962,0.0004452649736776,0.0007816097349859,550.956812,480.270977,13.0,180.0,-42.301559,-85.835487,-0.0,-20.045,-0.0,0.1385865360498428
0.2687792479991913,0.0003970512771047,0.0006564452778548,550.956812,480.270977,14.0,180.0,-42.301559,-85.835487,-0.0,-20.045,-0.0,0.1260928511619568
0.241216778755188,0.0004013811412733,0.0006459206924773,550.956812,480.270977,15.0,180.0,-42.301559,-85.835487,-0.0,-20.045,-0.0,0.111322209239006
0.2496900707483291,0.0003971481928601,0.0006440798752009,550.956812,480.270977,16.0,180.0,-42.301559,-85.835487,-0.0,-20.045,-0.0,0.1102561205625534
0.2262705564498901,0.0003307962033431,0.0005017938674427,550.956812,480.270977,17.0,180.0,-42.301559,-85.835487,-0.0,-20.045,-0.0,0.0961911007761955
0.2390732616186142,0.0002698706521186,0.0004207339079584,550.956812,480.270977,18.0,180.0,-42.301559,-85.835487,-0.0,-20.045,-0.0,0.1029154285788536
0.2560600936412811,0.0002676742442417,0.0004333029792178,550.956812,480.270977,19.0,180.0,-42.301559,-85.835487,-0.0,-20.045,-0.0,0.1146468073129654
0.2658496797084808,0.0006566594820469,0.0011232206597924,550.956812,480.270977,0.0,180.0,-42.301559,-85.835487,-0.0,-20.019,-0.0,0.1022541597485542
0.2627520859241485,0.0006357024540193,0.0010925021488219,550.956812,480.270977,1.0,180.0,-42.301559,-85.835487,-0.0,-20.019,-0.0,0.101825326681137
0.2898188233375549,0.0007022194331511,0.0012438679113984,550.956812,480.270977,2.0,180.0,-42.301559,-85.835487,-0.0,-20.019,-0.0,0.1220456883311271
0.2962056696414947,0.0007009609253145,0.0012481354642659,550.956812,480.270977,3.0,180.0,-42.301559,-85.835487,-0.0,-20.019,-0.0,0.1291946172714233
0.2985077202320099,0.0006538712768815,0.0011588126653805,550.956812,480.270977,4.0,180.0,-42.301559,-85.835487,-0.0,-20.019,-0.0,0.1195698231458664
0.3007818460464477,0.0006123612984083,0.0010805807542055,550.956812,480.270977,5.0,180.0,-42.301559,-85.835487,-0.0,-20.019,-0.0,0.1290575563907623
0.2628423571586609,0.0006680371589027,0.0011217652354389,550.956812,480.270977,6.0,180.0,-42.301559,-85.835487,-0.0,-20.019,-0.0,0.1111223474144935
0.2757904529571533,0.0006044579786248,0.0010391674004495,550.956812,480.270977,7.0,180.0,-42.301559,-85.835487,-0.0,-20.019,-0.0,0.0993385016918182
0.2671891152858734,0.0006261134403757,0.0010594159830361,550.956812,480.270977,8.0,180.0,-42.301559,-85.835487,-0.0,-20.019,-0.0,0.1130972951650619
0.2695142030715942,0.0005956157110631,0.0010045350063592,550.956812,480.270977,9.0,180.0,-42.301559,-85.835487,-0.0,-20.019,-0.0,0.1138531193137168
0.191466599702835,0.0005993414088152,0.0009144251816906,550.956812,480.270977,10.0,180.0,-42.301559,-85.835487,-0.0,-20.019,-0.0,0.0649238005280494
0.241790771484375,0.000639583391603,0.0010453165741637,550.956812,480.270977,11.0,180.0,-42.301559,-85.835487,-0.0,-20.019,-0.0,0.0978612154722213
0.2245863974094391,0.0005219323793426,0.0008246187935583,550.956812,480.270977,12.0,180.0,-42.301559,-85.835487,-0.0,-20.019,-0.0,0.0857191830873489
0.2616493701934814,0.0005139370914548,0.0008571682265028,550.956812,480.270977,13.0,180.0,-42.301559,-85.835487,-0.0,-20.019,-0.0,0.107714831829071
0.2438244670629501,0.0004493019077926,0.0007255790987983,550.956812,480.270977,14.0,180.0,-42.301559,-85.835487,-0.0,-20.019,-0.0,0.0971911028027534
0.2866033017635345,0.0003637055924627,0.0006228988058865,550.956812,480.270977,15.0,180.0,-42.301559,-85.835487,-0.0,-20.019,-0.0,0.1131478697061538
0.2931369841098785,0.0004042780492454,0.0006958390586078,550.956812,480.270977,16.0,180.0,-42.301559,-85.835487,-0.0,-20.019,-0.0,0.1266189813613891
0.2983221113681793,0.0002858961815945,0.0004955706535838,550.956812,480.270977,17.0,180.0,-42.301559,-85.835487,-0.0,-20.019,-0.0,0.1219280660152435
0.3357786238193512,0.0002421770623186,0.0004433678404893,550.956812,480.270977,18.0,180.0,-42.301559,-85.835487,-0.0,-20.019,-0.0,0.1422377973794937
0.3093120455741882,0.00020098593086,0.0003529371460899,550.956812,480.270977,19.0,180.0,-42.301559,-85.835487,-0.0,-20.019,-0.0,0.133759543299675
0.3054777383804321,0.0006486517959274,0.0011743840295821,550.956812,480.270977,0.0,180.0,-42.301559,-85.835487,-0.0,-19.946,-0.0,0.1425754874944687
0.2923538386821747,0.000689637789037,0.0012220240896567,550.956812,480.270977,1.0,180.0,-42.301559,-85.835487,-0.0,-19.946,-0.0,0.1246620640158653
0.299490749835968,0.0007608419400639,0.0013635382056236,550.956812,480.270977,2.0,180.0,-42.301559,-85.835487,-0.0,-19.946,-0.0,0.142460435628891
0.2863408625125885,0.0006909248186275,0.0012103025801479,550.956812,480.270977,3.0,180.0,-42.301559,-85.835487,-0.0,-19.946,-0.0,0.1231163591146469
0.3084338903427124,0.0006427732878364,0.0011525984155014,550.956812,480.270977,4.0,180.0,-42.301559,-85.835487,-0.0,-19.946,-0.0,0.1330830007791519
0.2835588455200195,0.0007760162698104,0.0013532730517908,550.956812,480.270977,5.0,180.0,-42.301559,-85.835487,-0.0,-19.946,-0.0,0.1303142607212066
0.2788456976413727,0.0006891159573569,0.0011856846977025,550.956812,480.270977,6.0,180.0,-42.301559,-85.835487,-0.0,-19.946,-0.0,0.1190348267555236
0.2548691928386688,0.0006317283259704,0.0010534141911193,550.956812,480.270977,7.0,180.0,-42.301559,-85.835487,-0.0,-19.946,-0.0,0.1120955869555473
0.2725047171115875,0.0005528053152374,0.000936247233767,550.956812,480.270977,8.0,180.0,-42.301559,-85.835487,-0.0,-19.946,-0.0,0.0974438488483429
0.2479670494794845,0.0006716849165968,0.0011184639297425,550.956812,480.270977,9.0,180.0,-42.301559,-85.835487,-0.0,-19.946,-0.0,0.109422892332077
0.2526416778564453,0.0006616984028369,0.0011029058368876,550.956812,480.270977,10.0,180.0,-42.301559,-85.835487,-0.0,-19.946,-0.0,0.0979439318180084
0.1353632062673568,0.0005424698465503,0.000738849164918,550.956812,480.270977,11.0,180.0,-42.301559,-85.835487,-0.0,-19.946,-0.0,0.0420036800205707
0.2224437743425369,0.0004232284554746,0.0006568959215655,550.956812,480.270977,12.0,180.0,-42.301559,-85.835487,-0.0,-19.946,-0.0,0.0782037749886512
0.2827376425266266,0.0004387925437185,0.0007530833827331,550.956812,480.270977,13.0,180.0,-42.301559,-85.835487,-0.0,-19.946,-0.0,0.1230786964297294
0.2005044519901275,0.0004364791384432,0.0006527598015964,550.956812,480.270977,14.0,180.0,-42.301559,-85.835487,-0.0,-19.946,-0.0,0.0718270614743232
0.245961382985115,0.0004283048619981,0.0006986616645008,550.956812,480.270977,15.0,180.0,-42.301559,-85.835487,-0.0,-19.946,-0.0,0.0945905968546867
0.2762362360954284,0.0003206097753718,0.0005415768828243,550.956812,480.270977,16.0,180.0,-42.301559,-85.835487,-0.0,-19.946,-0.0,0.1164548844099044
0.3013965189456939,0.00029657559935,0.0005199167062528,550.956812,480.270977,17.0,180.0,-42.301559,-85.835487,-0.0,-19.946,-0.0,0.1279334872961044
0.3298176527023315,0.0002505993761587,0.0004550168523564,550.956812,480.270977,18.0,180.0,-42.301559,-85.835487,-0.0,-19.946,-0.0,0.1429412513971328
0.3301387727260589,0.0002117154945153,0.000385003950214,550.956812,480.270977,19.0,180.0,-42.301559,-85.835487,-0.0,-19.946,-0.0,0.1393841505050659
0.2837918400764465,0.0006414849776774,0.0011262535117566,550.956812,480.270977,0.0,180.0,-42.301559,-85.835487,-0.0,-19.896,-0.0,0.121971882879734
0.2953468263149261,0.0006474583642557,0.0011520261177793,550.956812,480.270977,1.0,180.0,-42.301559,-85.835487,-0.0,-19.896,-0.0,0.1284680664539337
0.2813886404037475,0.0007717743283137,0.0013477526372298,550.956812,480.270977,2.0,180.0,-42.301559,-85.835487,-0.0,-19.896,-0.0,0.1315919309854507
0.2714021205902099,0.0007200660766102,0.0012302990071475,550.956812,480.270977,3.0,180.0,-42.301559,-85.835487,-0.0,-19.896,-0.0,0.1143071949481964
0.2704773247241974,0.0007008938700892,0.0011963606812059,550.956812,480.270977,4.0,180.0,-42.301559,-85.835487,-0.0,-19.896,-0.0,0.1136943995952606
0.2711766064167022,0.0007142756949178,0.001224621781148,550.956812,480.270977,5.0,180.0,-42.301559,-85.835487,-0.0,-19.896,-0.0,0.123394176363945
0.2620792388916015,0.0007058589253574,0.0011887508444488,550.956812,480.270977,6.0,180.0,-42.301559,-85.835487,-0.0,-19.896,-0.0,0.1152690425515174
0.2596169710159302,0.0007347022765316,0.0012416929239407,550.956812,480.270977,7.0,180.0,-42.301559,-85.835487,-0.0,-19.896,-0.0,0.1096306070685386
0.24374920129776,0.0007080930517986,0.0011577609693631,550.956812,480.270977,8.0,180.0,-42.301559,-85.835487,-0.0,-19.896,-0.0,0.1057160571217536
0.2605261504650116,0.0007097697234712,0.0011948667233809,550.956812,480.270977,9.0,180.0,-42.301559,-85.835487,-0.0,-19.896,-0.0,0.1155562624335289
0.2339211255311966,0.0006193725275807,0.0009957898873835,550.956812,480.270977,10.0,180.0,-42.301559,-85.835487,-0.0,-19.896,-0.0,0.098014548420906
0.1964073628187179,0.0005975475651212,0.0009110905230045,550.956812,480.270977,11.0,180.0,-42.301559,-85.835487,-0.0,-19.896,-0.0,0.0818355306982994
0.2187687307596206,0.0005481687840074,0.0008588269120082,550.956812,480.270977,12.0,180.0,-42.301559,-85.835487,-0.0,-19.896,-0.0,0.0908356830477714
0.1857203245162964,0.000472608837299,0.0006911961827427,550.956812,480.270977,13.0,180.0,-42.301559,-85.835487,-0.0,-19.896,-0.0,0.0680870860815048
0.1741389334201812,0.0004204160068184,0.0005991538055241,550.956812,480.270977,14.0,180.0,-42.301559,-85.835487,-0.0,-19.896,-0.0,0.0547839440405368
0.3184873461723327,0.0003413725935388,0.0006165312370285,550.956812,480.270977,15.0,180.0,-42.301559,-85.835487,-0.0,-19.896,-0.0,0.140336811542511
0.3265183269977569,0.0003107459924649,0.0005704974173568,550.956812,480.270977,16.0,180.0,-42.301559,-85.835487,-0.0,-19.896,-0.0,0.1496409326791763
0.2975027859210968,0.0003148049581795,0.000551339064259,550.956812,480.270977,17.0,180.0,-42.301559,-85.835487,-0.0,-19.896,-0.0,0.1434051990509033
0.2698868811130523,0.0003132039273623,0.0005265047075226,550.956812,480.270977,18.0,180.0,-42.301559,-85.835487,-0.0,-19.896,-0.0,0.1185084730386734
0.2880620658397674,0.0002467520534992,0.0004220752452965,550.956812,480.270977,19.0,180.0,-42.301559,-85.835487,-0.0,-19.896,-0.0,0.1316850036382675
0.2709935009479522,0.00065777474083,0.0011476643849164,550.956812,480.270977,0.0,180.0,-42.301559,-85.835487,-0.0,-19.803,-0.0,0.1110981106758117
0.2767320275306701,0.0006669631111435,0.0011706526856869,550.956812,480.270977,1.0,180.0,-42.301559,-85.835487,-0.0,-19.803,-0.0,0.1270368248224258
0.2764573991298675,0.0007404802599921,0.0012908154167234,550.956812,480.270977,2.0,180.0,-42.301559,-85.835487,-0.0,-19.803,-0.0,0.1232186257839202
0.280826985836029,0.0007172988844104,0.0012471802765503,550.956812,480.270977,3.0,180.0,-42.301559,-85.835487,-0.0,-19.803,-0.0,0.1292665600776672
0.251581609249115,0.0006646798574365,0.0011201224988326,550.956812,480.270977,4.0,180.0,-42.301559,-85.835487,-0.0,-19.803,-0.0,0.1066448241472244
0.2358927875757217,0.0007444109069183,0.0012261858209967,550.956812,480.270977,5.0,180.0,-42.301559,-85.835487,-0.0,-19.803,-0.0,0.1062663719058036
0.2299263328313827,0.0007506709080189,0.0012200124328956,550.956812,480.270977,6.0,180.0,-42.301559,-85.835487,-0.0,-19.803,-0.0,0.0924104303121566
0.2699578404426574,0.000695277180057,0.0011966582387685,550.956812,480.270977,7.0,180.0,-42.301559,-85.835487,-0.0,-19.803,-0.0,0.1216068640351295
0.245346799492836,0.0007172077312134,0.0011963987490162,550.956812,480.270977,8.0,180.0,-42.301559,-85.835487,-0.0,-19.803,-0.0,0.1124296113848686
0.1889330744743347,0.0005817695637233,0.000901122984942,550.956812,480.270977,9.0,180.0,-42.301559,-85.835487,-0.0,-19.803,-0.0,0.0766748636960983
0.2873417139053345,0.0005572932423092,0.0009829086484387,550.956812,480.270977,10.0,180.0,-42.301559,-85.835487,-0.0,-19.803,-0.0,0.1276506781578064
0.2742652595043182,0.0005792509182356,0.0009943105978891,550.956812,480.270977,11.0,180.0,-42.301559,-85.835487,-0.0,-19.803,-0.0,0.1195196136832237
0.2616405487060547,0.0005061562405899,0.0008551500504836,550.956812,480.270977,12.0,180.0,-42.301559,-85.835487,-0.0,-19.803,-0.0,0.1218762472271919
0.2870305478572845,0.0004953487077727,0.0008586613694205,550.956812,480.270977,13.0,180.0,-42.301559,-85.835487,-0.0,-19.803,-0.0,0.1313734203577041
0.2713363766670227,0.0003691014717333,0.0006239123176783,550.956812,480.270977,14.0,180.0,-42.301559,-85.835487,-0.0,-19.803,-0.0,0.1187795847654342
0.2844293117523193,0.0003223098174203,0.0005586601910181,550.956812,480.270977,15.0,180.0,-42.301559,-85.835487,-0.0,-19.803,-0.0,0.125662624835968
0.3226851522922516,0.0003079783637076,0.0005683616618625,550.956812,480.270977,16.0,180.0,-42.301559,-85.835487,-0.0,-19.803,-0.0,0.1439810991287231
0.3055204749107361,0.000293477642117,0.0005300197517499,550.956812,480.270977,17.0,180.0,-42.301559,-85.835487,-0.0,-19.803,-0.0,0.137158527970314
0.3124102354049682,0.0002557586703915,0.0004644802829716,550.956812,480.270977,18.0,180.0,-42.301559,-85.835487,-0.0,-19.803,-0.0,0.1432626694440841
0.3354327082633972,0.0002115096867782,0.000395060138544,550.956812,480.270977,19.0,180.0,-42.301559,-85.835487,-0.0,-19.803,-0.0,0.1561350524425506
0.3087798357009887,0.0005854588816873,0.00106045557186,550.956812,480.270977,0.0,180.0,-42.301559,-85.835487,-0.0,-19.825,-0.0,0.1364601850509643
0.2992898821830749,0.0006925732013769,0.0012397760292515,550.956812,480.270977,1.0,180.0,-42.301559,-85.835487,-0.0,-19.825,-0.0,0.1381287574768066
0.3013929724693298,0.000710985797923,0.0012745131971314,550.956812,480.270977,2.0,180.0,-42.301559,-85.835487,-0.0,-19.825,-0.0,0.1489328742027282
0.2878158092498779,0.0007023070938885,0.0012409386690706,550.956812,480.270977,3.0,180.0,-42.301559,-85.835487,-0.0,-19.825,-0.0,0.1339481472969055
0.2714205682277679,0.0006856313557364,0.0011800985084846,550.956812,480.270977,4.0,180.0,-42.301559,-85.835487,-0.0,-19.825,-0.0,0.1193570792675018
0.2926649451255798,0.0007213321514427,0.0012745436979457,550.956812,480.270977,5.0,180.0,-42.301559,-85.835487,-0.0,-19.825,-0.0,0.1387175917625427
0.2775630950927734,0.0006431705551221,0.00110715162009,550.956812,480.270977,6.0,180.0,-42.301559,-85.835487,-0.0,-19.825,-0.0,0.1227854564785957
0.2649999260902405,0.0007697939290665,0.0013084048405289,550.956812,480.270977,7.0,180.0,-42.301559,-85.835487,-0.0,-19.825,-0.0,0.1189020276069641
0.2848282158374786,0.0006677419878542,0.001165667315945,550.956812,480.270977,8.0,180.0,-42.301559,-85.835487,-0.0,-19.825,-0.0,0.128973439335823
0.2571186125278473,0.0005551550420932,0.0009286282001994,550.956812,480.270977,9.0,180.0,-42.301559,-85.835487,-0.0,-19.825,-0.0,0.102331630885601
0.2842525541782379,0.0006178844487294,0.0010637871455401,550.956812,480.270977,10.0,180.0,-42.301559,-85.835487,-0.0,-19.825,-0.0,0.1270811706781387
0.2846658527851105,0.0004719914868474,0.0008130006026476,550.956812,480.270977,11.0,180.0,-42.301559,-85.835487,-0.0,-19.825,-0.0,0.1207900047302246
0.3025799691677093,0.0004765109624713,0.0008459144737571,550.956812,480.270977,12.0,180.0,-42.301559,-85.835487,-0.0,-19.825,-0.0,0.1324909180402755
0.2551276683807373,0.0004902977962046,0.0008024785201996,550.956812,480.270977,13.0,180.0,-42.301559,-85.835487,-0.0,-19.825,-0.0,0.1119089573621749
0.2882704138755798,0.000362710095942,0.0006222042138688,550.956812,480.270977,14.0,180.0,-42.301559,-85.835487,-0.0,-19.825,-0.0,0.1197900548577308
0.250109851360321,0.0003682689857669,0.0006017533596605,550.956812,480.270977,15.0,180.0,-42.301559,-85.835487,-0.0,-19.825,-0.0,0.1009301170706749
0.302202045917511,0.0003260468947701,0.0005794889293611,550.956812,480.270977,16.0,180.0,-42.301559,-85.835487,-0.0,-19.825,-0.0,0.1370831131935119
0.2949588298797607,0.0002823214163072,0.0004937449702993,550.956812,480.270977,17.0,180.0,-42.301559,-85.835487,-0.0,-19.825,-0.0,0.1295005679130554
0.2055840343236923,0.0002623291220515,0.0003863284073304,550.956812,480.270977,18.0,180.0,-42.301559,-85.835487,-0.0,-19.825,-0.0,0.0932206735014915
0.2810393869876861,0.0002302487555425,0.0003903204633388,550.956812,480.270977,19.0,180.0,-42.301559,-85.835487,-0.0,-19.825,-0.0,0.1295297741889953
0.305964320898056,0.0006370651535689,0.0011546475579962,550.956812,480.270977,0.0,180.0,-42.301559,-85.835487,-0.0,-19.83,-0.0,0.1383169144392013
0.3044500052928924,0.000675480638165,0.0012094465782865,550.956812,480.270977,1.0,180.0,-42.301559,-85.835487,-0.0,-19.83,-0.0,0.1407020837068557
0.2995952367782593,0.0006968814413994,0.001244110520929,550.956812,480.270977,2.0,180.0,-42.301559,-85.835487,-0.0,-19.83,-0.0,0.1393741816282272
0.2634282112121582,0.0007691131322644,0.0013077933108434,550.956812,480.270977,3.0,180.0,-42.301559,-85.835487,-0.0,-19.83,-0.0,0.1278856992721557
0.2337204366922378,0.0006741110701113,0.0010903703514486,550.956812,480.270977,4.0,180.0,-42.301559,-85.835487,-0.0,-19.83,-0.0,0.083800733089447
0.276629775762558,0.0006496118148788,0.0011137780966237,550.956812,480.270977,5.0,180.0,-42.301559,-85.835487,-0.0,-19.83,-0.0,0.1230114176869392
0.272037923336029,0.0007427601376548,0.0012641442008316,550.956812,480.270977,6.0,180.0,-42.301559,-85.835487,-0.0,-19.83,-0.0,0.1278789043426513
0.2670405209064483,0.0007344061741605,0.0012432907242327,550.956812,480.270977,7.0,180.0,-42.301559,-85.835487,-0.0,-19.83,-0.0,0.1193863973021507
0.2557024359703064,0.0007082574884407,0.0011828304268419,550.956812,480.270977,8.0,180.0,-42.301559,-85.835487,-0.0,-19.83,-0.0,0.1204440593719482
0.2736850082874298,0.0006803664728067,0.0011515168007463,550.956812,480.270977,9.0,180.0,-42.301559,-85.835487,-0.0,-19.83,-0.0,0.1200465708971023
0.2506720721721649,0.0006205899408087,0.0010069464333355,550.956812,480.270977,10.0,180.0,-42.301559,-85.835487,-0.0,-19.83,-0.0,0.1007334440946579
0.2381552755832672,0.0005305411759763,0.0008616441627964,550.956812,480.270977,11.0,180.0,-42.301559,-85.835487,-0.0,-19.83,-0.0,0.0972437560558319
0.2261128574609756,0.0004926470573991,0.000779932423029,550.956812,480.270977,12.0,180.0,-42.301559,-85.835487,-0.0,-19.83,-0.0,0.0821920037269592
0.2779835164546966,0.0004957158816978,0.0008457758231088,550.956812,480.270977,13.0,180.0,-42.301559,-85.835487,-0.0,-19.83,-0.0,0.1245758235454559
0.2973506450653076,0.0004718412528745,0.0008271050173789,550.956812,480.270977,14.0,180.0,-42.301559,-85.835487,-0.0,-19.83,-0.0,0.1374778747558593
0.2499631941318512,0.0003678812063299,0.0005985291791148,550.956812,480.270977,15.0,180.0,-42.301559,-85.835487,-0.0,-19.83,-0.0,0.1108653470873832
0.3254391849040985,0.0003446115588303,0.0006209503044374,550.956812,480.270977,16.0,180.0,-42.301559,-85.835487,-0.0,-19.83,-0.0,0.1494725048542022
0.3134532868862152,0.0003634234890341,0.0006464205216616,550.956812,480.270977,17.0,180.0,-42.301559,-85.835487,-0.0,-19.83,-0.0,0.1524062752723693
0.2627770602703094,0.0003406527685001,0.0005610405933111,550.956812,480.270977,18.0,180.0,-42.301559,-85.835487,-0.0,-19.83,-0.0,0.1172563955187797
0.2804373502731323,0.0002513377112336,0.0004253462830092,550.956812,480.270977,19.0,180.0,-42.301559,-85.835487,-0.0,-19.83,-0.0,0.1346960216760635
0.2528733909130096,0.0006167914834804,0.0010497571201995,550.956812,480.270977,0.0,180.0,-42.301559,-85.835487,-0.0,-19.742,-0.0,0.1034708395600318
0.2874518036842346,0.0006483931792899,0.0011386289261281,550.956812,480.270977,1.0,180.0,-42.301559,-85.835487,-0.0,-19.742,-0.0,0.1248913183808326
0.2766032814979553,0.000679983117152,0.0011836821213364,550.956812,480.270977,2.0,180.0,-42.301559,-85.835487,-0.0,-19.742,-0.0,0.122520811855793
0.2890961766242981,0.0007387133664451,0.001303628552705,550.956812,480.270977,3.0,180.0,-42.301559,-85.835487,-0.0,-19.742,-0.0,0.1357980817556381
0.2796748876571655,0.0007447876851074,0.0012986009242013,550.956812,480.270977,4.0,180.0,-42.301559,-85.835487,-0.0,-19.742,-0.0,0.1320654153823852
0.2463990151882171,0.0007261908031068,0.0012058796128258,550.956812,480.270977,5.0,180.0,-42.301559,-85.835487,-0.0,-19.742,-0.0,0.1037297993898391
0.2821552157402038,0.0006806144374422,0.0011865590931847,550.956812,480.270977,6.0,180.0,-42.301559,-85.835487,-0.0,-19.742,-0.0,0.1206682175397872
0.2874778807163238,0.0006806877208873,0.0011892159236595,550.956812,480.270977,7.0,180.0,-42.301559,-85.835487,-0.0,-19.742,-0.0,0.1369111388921737
0.2406344413757324,0.0006634229212068,0.0010710187489166,550.956812,480.270977,8.0,180.0,-42.301559,-85.835487,-0.0,-19.742,-0.0,0.1002698689699173
0.1931663453578949,0.0006612911820411,0.0010050698183476,550.956812,480.270977,9.0,180.0,-42.301559,-85.835487,-0.0,-19.742,-0.0,0.0764052420854568
0.2134276032447815,0.0006380744162015,0.0009901075391098,550.956812,480.270977,10.0,180.0,-42.301559,-85.835487,-0.0,-19.742,-0.0,0.0805858448147773
0.2827322781085968,0.0005808467394672,0.0009982506744563,550.956812,480.270977,11.0,180.0,-42.301559,-85.835487,-0.0,-19.742,-0.0,0.1305474638938903
0.2595955729484558,0.000564852845855,0.0009366169688291,550.956812,480.270977,12.0,180.0,-42.301559,-85.835487,-0.0,-19.742,-0.0,0.1146510317921638
0.2503271996974945,0.000432381988503,0.0006987550877965,550.956812,480.270977,13.0,180.0,-42.301559,-85.835487,-0.0,-19.742,-0.0,0.100162960588932
0.2500347793102264,0.000423208985012,0.0006868866621516,550.956812,480.270977,14.0,180.0,-42.301559,-85.835487,-0.0,-19.742,-0.0,0.1040405109524726
0.2547812163829803,0.0003500610473565,0.000576393736992,550.956812,480.270977,15.0,180.0,-42.301559,-85.835487,-0.0,-19.742,-0.0,0.1101440638303756
0.2029189318418502,0.0003336025692988,0.0004991328460164,550.956812,480.270977,16.0,180.0,-42.301559,-85.835487,-0.0,-19.742,-0.0,0.0873577296733856
0.2929243743419647,0.0003227619745302,0.0005645546480081,550.956812,480.270977,17.0,180.0,-42.301559,-85.835487,-0.0,-19.742,-0.0,0.1385335326194763
0.2876657247543335,0.0002761464274954,0.0004755137197207,550.956812,480.270977,18.0,180.0,-42.301559,-85.835487,-0.0,-19.742,-0.0,0.1314235925674438
0.2937074601650238,0.0002251264813821,0.0003893832035828,550.956812,480.270977,19.0,180.0,-42.301559,-85.835487,-0.0,-19.742,-0.0,0.1340806037187576
0.2748914957046509,0.0006410545902326,0.0011306398082524,550.956812,480.270977,0.0,180.0,-42.301559,-85.835487,-0.0,-19.67,-0.0,0.0884077325463295
0.307727038860321,0.0005718279862776,0.0010378380538895,550.956812,480.270977,1.0,180.0,-42.301559,-85.835487,-0.0,-19.67,-0.0,0.1041365042328834
0.2951494455337524,0.0007073243614286,0.0012665077811107,550.956812,480.270977,2.0,180.0,-42.301559,-85.835487,-0.0,-19.67,-0.0,0.124050922691822
0.26295006275177,0.0007036081515252,0.0012004248565062,550.956812,480.270977,3.0,180.0,-42.301559,-85.835487,-0.0,-19.67,-0.0,0.0971362292766571
0.2471201717853546,0.0006115304422564,0.0010075771715492,550.956812,480.270977,4.0,180.0,-42.301559,-85.835487,-0.0,-19.67,-0.0,0.0831370800733566
0.2781223654747009,0.0006822826107963,0.0011860876111313,550.956812,480.270977,5.0,180.0,-42.301559,-85.835487,-0.0,-19.67,-0.0,0.1051079258322715
0.2210342735052108,0.0006730218883603,0.00107189535629,550.956812,480.270977,6.0,180.0,-42.301559,-85.835487,-0.0,-19.67,-0.0,0.0786016732454299
0.2613868117332458,0.0006236029439605,0.0010578914079815,550.956812,480.270977,7.0,180.0,-42.301559,-85.835487,-0.0,-19.67,-0.0,0.0949428156018257
0.231039747595787,0.0006327865994535,0.0010238273534923,550.956812,480.270977,8.0,180.0,-42.301559,-85.835487,-0.0,-19.67,-0.0,0.0762158185243606
0.1924945414066314,0.0005600177682936,0.0008587703341618,550.956812,480.270977,9.0,180.0,-42.301559,-85.835487,-0.0,-19.67,-0.0,0.0526520125567913
0.2948559820652008,0.0006073305266909,0.0010688715847209,550.956812,480.270977,10.0,180.0,-42.301559,-85.835487,-0.0,-19.67,-0.0,0.1110703647136688
0.2700660228729248,0.0005524887819774,0.0009392166393809,550.956812,480.270977,11.0,180.0,-42.301559,-85.835487,-0.0,-19.67,-0.0,0.1095992550253868
0.2472927272319793,0.0005178995197638,0.0008475959184579,550.956812,480.270977,12.0,180.0,-42.301559,-85.835487,-0.0,-19.67,-0.0,0.0835676416754722
0.2270594388246536,0.0004051677242387,0.0006369751645252,550.956812,480.270977,13.0,180.0,-42.301559,-85.835487,-0.0,-19.67,-0.0,0.0747675448656082
0.2702814638614654,0.0003804230073001,0.0006334024947136,550.956812,480.270977,14.0,180.0,-42.301559,-85.835487,-0.0,-19.67,-0.0,0.1021716371178627
0.3221835792064667,0.0002954817609861,0.0005365828401409,550.956812,480.270977,15.0,180.0,-42.301559,-85.835487,-0.0,-19.67,-0.0,0.1138226985931396
0.3454238176345825,0.0002899435930885,0.0005463479901663,550.956812,480.270977,16.0,180.0,-42.301559,-85.835487,-0.0,-19.67,-0.0,0.1278325021266937
0.321990042924881,0.0002567087358329,0.0004650430346373,550.956812,480.270977,17.0,180.0,-42.301559,-85.835487,-0.0,-19.67,-0.0,0.1294129788875579
0.2880018055438995,0.0002295593876624,0.0003921087190974,550.956812,480.270977,18.0,180.0,-42.301559,-85.835487,-0.0,-19.67,-0.0,0.1071313470602035
0.2800234258174896,0.0002130630018655,0.0003473991237115,550.956812,480.270977,19.0,180.0,-42.301559,-85.835487,-0.0,-19.67,-0.0,0.1100439131259918
0.2908502221107483,0.0006283912225626,0.0011256298748776,550.956812,480.270977,0.0,180.0,-42.301559,-85.835487,-0.0,-19.714,-0.0,0.1163436248898506
0.2904047071933746,0.0006134303403086,0.0010947813279926,550.956812,480.270977,1.0,180.0,-42.301559,-85.835487,-0.0,-19.714,-0.0,0.0986342430114746
0.3134971857070923,0.0006168381078168,0.0011423761025071,550.956812,480.270977,2.0,180.0,-42.301559,-85.835487,-0.0,-19.714,-0.0,0.1100953370332717
0.2922031283378601,0.0006892647361382,0.0012311233440414,550.956812,480.270977,3.0,180.0,-42.301559,-85.835487,-0.0,-19.714,-0.0,0.113464318215847
0.2672412991523742,0.0006556055159308,0.001130070304498,550.956812,480.270977,4.0,180.0,-42.301559,-85.835487,-0.0,-19.714,-0.0,0.1027321815490722
0.2725846171379089,0.0006508825463242,0.0011272131232544,550.956812,480.270977,5.0,180.0,-42.301559,-85.835487,-0.0,-19.714,-0.0,0.0981240645051002
0.2729913592338562,0.000634299532976,0.0010911901481449,550.956812,480.270977,6.0,180.0,-42.301559,-85.835487,-0.0,-19.714,-0.0,0.0968210771679878
0.2769815325736999,0.0006241124938242,0.0010762448655441,550.956812,480.270977,7.0,180.0,-42.301559,-85.835487,-0.0,-19.714,-0.0,0.0987276956439018
0.2739861607551574,0.0006865792092867,0.0011787820840254,550.956812,480.270977,8.0,180.0,-42.301559,-85.835487,-0.0,-19.714,-0.0,0.0988005548715591
0.2609783411026001,0.0006425425526686,0.0010867853416129,550.956812,480.270977,9.0,180.0,-42.301559,-85.835487,-0.0,-19.714,-0.0,0.0851110443472862
0.2706412374973297,0.000552391691599,0.0009361344855278,550.956812,480.270977,10.0,180.0,-42.301559,-85.835487,-0.0,-19.714,-0.0,0.0995829552412033
0.2797194719314575,0.0004415429139044,0.0007509394199587,550.956812,480.270977,11.0,180.0,-42.301559,-85.835487,-0.0,-19.714,-0.0,0.0954937562346458
0.31648850440979,0.0004973480245098,0.0008999002166092,550.956812,480.270977,12.0,180.0,-42.301559,-85.835487,-0.0,-19.714,-0.0,0.1109842658042907
0.281290203332901,0.0003878997231367,0.000664664490614,550.956812,480.270977,13.0,180.0,-42.301559,-85.835487,-0.0,-19.714,-0.0,0.1054776012897491
0.2014884352684021,0.0004633648786693,0.000703563389834,550.956812,480.270977,14.0,180.0,-42.301559,-85.835487,-0.0,-19.714,-0.0,0.0700033605098724
0.2510094940662384,0.0003754109202418,0.0006138409953564,550.956812,480.270977,15.0,180.0,-42.301559,-85.835487,-0.0,-19.714,-0.0,0.0841224491596221
0.207571730017662,0.0003534108691383,0.0005280324839986,550.956812,480.270977,16.0,180.0,-42.301559,-85.835487,-0.0,-19.714,-0.0,0.0699420347809791
0.3064192831516266,0.0002664688217919,0.0004751358646899,550.956812,480.270977,17.0,180.0,-42.301559,-85.835487,-0.0,-19.714,-0.0,0.1243754923343658
0.2999156415462494,0.0002845450944732,0.0004957102937623,550.956812,480.270977,18.0,180.0,-42.301559,-85.835487,-0.0,-19.714,-0.0,0.1136995628476142
0.2378723472356796,0.0002502533025108,0.0003904071345459,550.956812,480.270977,19.0,180.0,-42.301559,-85.835487,-0.0,-19.714,-0.0,0.0887518227100372
0.2873021960258484,0.0006571729318238,0.00114439020399,550.956812,480.270977,0.0,180.0,-42.301559,-85.835487,-0.0,-19.646,-0.0,0.1389148086309433
0.2681507468223572,0.000711488421075,0.0012076639104634,550.956812,480.270977,1.0,180.0,-42.301559,-85.835487,-0.0,-19.646,-0.0,0.1277918517589569
0.2644684016704559,0.000758146692533,0.0012849369086325,550.956812,480.270977,2.0,180.0,-42.301559,-85.835487,-0.0,-19.646,-0.0,0.1208395585417747
0.2642527818679809,0.00071313069202,0.0011991300852969,550.956812,480.270977,3.0,180.0,-42.301559,-85.835487,-0.0,-19.646,-0.0,0.1291615813970565
0.217638686299324,0.0007312563247978,0.0011586069595068,550.956812,480.270977,4.0,180.0,-42.301559,-85.835487,-0.0,-19.646,-0.0,0.0941603779792785
0.2387149780988693,0.00080436328426,0.0013075253227725,550.956812,480.270977,5.0,180.0,-42.301559,-85.835487,-0.0,-19.646,-0.0,0.1070516556501388
0.2569384574890136,0.0007938735652714,0.0013233339414,550.956812,480.270977,6.0,180.0,-42.301559,-85.835487,-0.0,-19.646,-0.0,0.119429238140583
0.2204354405403137,0.0006927491631358,0.001098662498407,550.956812,480.270977,7.0,180.0,-42.301559,-85.835487,-0.0,-19.646,-0.0,0.1023923382163047
0.2395711839199066,0.0006903152097947,0.0011146233882755,550.956812,480.270977,8.0,180.0,-42.301559,-85.835487,-0.0,-19.646,-0.0,0.1059975251555442
0.2050526738166809,0.0006541562033817,0.0010207722662016,550.956812,480.270977,9.0,180.0,-42.301559,-85.835487,-0.0,-19.646,-0.0,0.0844041258096695
0.2611866295337677,0.0005488739698193,0.0009116901201196,550.956812,480.270977,10.0,180.0,-42.301559,-85.835487,-0.0,-19.646,-0.0,0.1119613423943519
0.2818983197212219,0.0005326100508682,0.0009095661225728,550.956812,480.270977,11.0,180.0,-42.301559,-85.835487,-0.0,-19.646,-0.0,0.1250957399606704
0.2505981922149658,0.0005375466425903,0.0008822298259474,550.956812,480.270977,12.0,180.0,-42.301559,-85.835487,-0.0,-19.646,-0.0,0.117192193865776
0.2394896745681762,0.0004645060980692,0.0007474955637007,550.956812,480.270977,13.0,180.0,-42.301559,-85.835487,-0.0,-19.646,-0.0,0.1117637082934379
0.2703856825828552,0.0003925742930732,0.0006594404694624,550.956812,480.270977,14.0,180.0,-42.301559,-85.835487,-0.0,-19.646,-0.0,0.1117927953600883
0.2837338745594024,0.0004068187263328,0.0006887838244438,550.956812,480.270977,15.0,180.0,-42.301559,-85.835487,-0.0,-19.646,-0.0,0.1285015642642974
0.3018523454666137,0.0002723383950069,0.0004748020437546,550.956812,480.270977,16.0,180.0,-42.301559,-85.835487,-0.0,-19.646,-0.0,0.1319218873977661
0.2558836638927459,0.0003008361090905,0.0004840614565182,550.956812,480.270977,17.0,180.0,-42.301559,-85.835487,-0.0,-19.646,-0.0,0.1055058315396308
0.3033561408519745,0.0002523968869354,0.0004378152661956,550.956812,480.270977,18.0,180.0,-42.301559,-85.835487,-0.0,-19.646,-0.0,0.138961374759674
0.2664968371391296,0.0002408504515187,0.0003960140165872,550.956812,480.270977,19.0,180.0,-42.301559,-85.835487,-0.0,-19.646,-0.0,0.1299584954977035
0.2748298645019531,0.0006113608251325,0.0010523132514208,550.956812,480.270977,0.0,180.0,-42.301559,-85.835487,-0.0,-19.511,-0.0,0.1099861934781074
0.2875612378120422,0.0006827842444181,0.0011896571377292,550.956812,480.270977,1.0,180.0,-42.301559,-85.835487,-0.0,-19.511,-0.0,0.1453378051519394
0.2718303799629211,0.0007079118513502,0.0012119259918108,550.956812,480.270977,2.0,180.0,-42.301559,-85.835487,-0.0,-19.511,-0.0,0.1198443919420242
0.2803661823272705,0.0006689772126264,0.0011548906331881,550.956812,480.270977,3.0,180.0,-42.301559,-85.835487,-0.0,-19.511,-0.0,0.1224101483821868
0.2804636359214782,0.0006863290909677,0.0011923118727281,550.956812,480.270977,4.0,180.0,-42.301559,-85.835487,-0.0,-19.511,-0.0,0.1365352123975753
0.2614237666130066,0.000674711598549,0.0011285585351288,550.956812,480.270977,5.0,180.0,-42.301559,-85.835487,-0.0,-19.511,-0.0,0.1066586896777153
0.2753485441207886,0.0006648631533607,0.0011365277459844,550.956812,480.270977,6.0,180.0,-42.301559,-85.835487,-0.0,-19.511,-0.0,0.1240625455975532
0.2664279639720917,0.0006862130830995,0.0011577686527743,550.956812,480.270977,7.0,180.0,-42.301559,-85.835487,-0.0,-19.511,-0.0,0.120236299932003
0.2039921432733535,0.0007071766303852,0.0010886407690122,550.956812,480.270977,8.0,180.0,-42.301559,-85.835487,-0.0,-19.511,-0.0,0.0820057839155197
0.2472239285707473,0.0006975545547902,0.0011435248889029,550.956812,480.270977,9.0,180.0,-42.301559,-85.835487,-0.0,-19.511,-0.0,0.1079876720905304
0.2555096447467804,0.0005187822389416,0.0008569480269216,550.956812,480.270977,10.0,180.0,-42.301559,-85.835487,-0.0,-19.511,-0.0,0.1013698354363441
0.2679910361766815,0.0004877784813288,0.0008184252656064,550.956812,480.270977,11.0,180.0,-42.301559,-85.835487,-0.0,-19.511,-0.0,0.1164257451891899
0.2706516683101654,0.0005083826254121,0.0008550744969397,550.956812,480.270977,12.0,180.0,-42.301559,-85.835487,-0.0,-19.511,-0.0,0.1181654706597328
0.2954801619052887,0.0003976752632297,0.0006875550025142,550.956812,480.270977,13.0,180.0,-42.301559,-85.835487,-0.0,-19.511,-0.0,0.1222083270549774
0.2953106164932251,0.0003783433057833,0.0006578527390956,550.956812,480.270977,14.0,180.0,-42.301559,-85.835487,-0.0,-19.511,-0.0,0.1330121159553527
0.3029574155807495,0.0003409335331525,0.0006010881043039,550.956812,480.270977,15.0,180.0,-42.301559,-85.835487,-0.0,-19.511,-0.0,0.1398311257362365
0.2854176461696625,0.000355260213837,0.0005982294096611,550.956812,480.270977,16.0,180.0,-42.301559,-85.835487,-0.0,-19.511,-0.0,0.1302419304847717
0.2968107461929321,0.0002822576498147,0.0004865042865276,550.956812,480.270977,17.0,180.0,-42.301559,-85.835487,-0.0,-19.511,-0.0,0.1281559616327285
0.2895150780677795,0.000247576390393,0.0004253056540619,550.956812,480.270977,18.0,180.0,-42.301559,-85.835487,-0.0,-19.511,-0.0,0.1296021789312362
0.3368656039237976,0.0002194561238866,0.0003984913928434,550.956812,480.270977,19.0,180.0,-42.301559,-85.835487,-0.0,-19.511,-0.0,0.1470968574285507
0.2737109661102295,0.0006244255346246,0.0010849188547581,550.956812,480.270977,0.0,180.0,-42.301559,-85.835487,-0.0,-19.568,-0.0,0.1242894455790519
0.2972455620765686,0.0006814288208261,0.0012071599485352,550.956812,480.270977,1.0,180.0,-42.301559,-85.835487,-0.0,-19.568,-0.0,0.1321981698274612
0.2738277316093445,0.0006828673067502,0.0011764016235247,550.956812,480.270977,2.0,180.0,-42.301559,-85.835487,-0.0,-19.568,-0.0,0.1165741533041
0.2437708675861358,0.0006772655178792,0.0011221526656299,550.956812,480.270977,3.0,180.0,-42.301559,-85.835487,-0.0,-19.568,-0.0,0.103380300104618
0.2945969104766845,0.0007277785334736,0.0012928515207022,550.956812,480.270977,4.0,180.0,-42.301559,-85.835487,-0.0,-19.568,-0.0,0.1356104463338852
0.2706172466278076,0.0006137431482784,0.0010477793402969,550.956812,480.270977,5.0,180.0,-42.301559,-85.835487,-0.0,-19.568,-0.0,0.1128827631473541
0.2624021172523498,0.0006225605611689,0.0010468610562384,550.956812,480.270977,6.0,180.0,-42.301559,-85.835487,-0.0,-19.568,-0.0,0.0978493094444274
0.2966088354587555,0.00066748453537,0.0011820483487099,550.956812,480.270977,7.0,180.0,-42.301559,-85.835487,-0.0,-19.568,-0.0,0.1339675188064575
0.2810610830783844,0.0006261417875066,0.0010898025939241,550.956812,480.270977,8.0,180.0,-42.301559,-85.835487,-0.0,-19.568,-0.0,0.1288253664970398
0.2679552733898163,0.0006735682254657,0.0011420410592108,550.956812,480.270977,9.0,180.0,-42.301559,-85.835487,-0.0,-19.568,-0.0,0.1219886019825935
0.2941359281539917,0.0006220045033842,0.0010853690328076,550.956812,480.270977,10.0,180.0,-42.301559,-85.835487,-0.0,-19.568,-0.0,0.1292757093906402
0.2720602750778198,0.0005227369256317,0.0008832538151182,550.956812,480.270977,11.0,180.0,-42.301559,-85.835487,-0.0,-19.568,-0.0,0.1138641387224197
0.2657148838043213,0.0004859877808485,0.000809223332908,550.956812,480.270977,12.0,180.0,-42.301559,-85.835487,-0.0,-19.568,-0.0,0.1154591366648674
0.3086719810962677,0.0004430272383615,0.0007829163805581,550.956812,480.270977,13.0,180.0,-42.301559,-85.835487,-0.0,-19.568,-0.0,0.137368306517601
0.3144355416297912,0.0003751351323444,0.0006652949959971,550.956812,480.270977,14.0,180.0,-42.301559,-85.835487,-0.0,-19.568,-0.0,0.1355236619710922
0.2870904505252838,0.000365057203453,0.00062444107607,550.956812,480.270977,15.0,180.0,-42.301559,-85.835487,-0.0,-19.568,-0.0,0.1343540251255035
0.2553694546222687,0.000310714385705,0.0005058692186139,550.956812,480.270977,16.0,180.0,-42.301559,-85.835487,-0.0,-19.568,-0.0,0.1142829060554504
0.2946647405624389,0.0002526643220335,0.0004373012052383,550.956812,480.270977,17.0,180.0,-42.301559,-85.835487,-0.0,-19.568,-0.0,0.1226249858736991
0.3192521333694458,0.0002727049577515,0.000491478072945,550.956812,480.270977,18.0,180.0,-42.301559,-85.835487,-0.0,-19.568,-0.0,0.1475131660699844
0.3182399272918701,0.0002623908512759,0.0004699593700934,550.956812,480.270977,19.0,180.0,-42.301559,-85.835487,-0.0,-19.568,-0.0,0.1497990190982818
0.3212566375732422,0.0006132487324066,0.0011421999661251,550.956812,480.270977,0.0,180.0,-42.301559,-85.835487,-0.0,-19.571,-0.0,0.1432568132877349
0.3092457354068756,0.0006305787246674,0.0011494128266349,550.956812,480.270977,1.0,180.0,-42.301559,-85.835487,-0.0,-19.571,-0.0,0.1330210715532302
0.3041399121284485,0.0006936397985555,0.0012657502666115,550.956812,480.270977,2.0,180.0,-42.301559,-85.835487,-0.0,-19.571,-0.0,0.138397991657257
0.3093632459640503,0.0006880186265334,0.0012580641778185,550.956812,480.270977,3.0,180.0,-42.301559,-85.835487,-0.0,-19.571,-0.0,0.1340298056602478
0.3175318539142608,0.000684238388203,0.0012686046538874,550.956812,480.270977,4.0,180.0,-42.301559,-85.835487,-0.0,-19.571,-0.0,0.1404417157173156
0.3158385455608368,0.0006590839475393,0.0012113664997741,550.956812,480.270977,5.0,180.0,-42.301559,-85.835487,-0.0,-19.571,-0.0,0.141791895031929
0.303028792142868,0.0006833486258983,0.0012337032239884,550.956812,480.270977,6.0,180.0,-42.301559,-85.835487,-0.0,-19.571,-0.0,0.1359868496656417
0.2886364758014679,0.0006306826253421,0.0011092317290604,550.956812,480.270977,7.0,180.0,-42.301559,-85.835487,-0.0,-19.571,-0.0,0.1170089244842529
0.2720977962017059,0.0005712730926461,0.000977219780907,550.956812,480.270977,8.0,180.0,-42.301559,-85.835487,-0.0,-19.571,-0.0,0.1024500951170921
0.3058175146579742,0.0006130170659162,0.0011091867927461,550.956812,480.270977,9.0,180.0,-42.301559,-85.835487,-0.0,-19.571,-0.0,0.1358654201030731
0.3039757013320923,0.0006167712854221,0.0011097476817667,550.956812,480.270977,10.0,180.0,-42.301559,-85.835487,-0.0,-19.571,-0.0,0.133385881781578
0.2835006415843963,0.0005561729776673,0.0009766751900315,550.956812,480.270977,11.0,180.0,-42.301559,-85.835487,-0.0,-19.571,-0.0,0.1193698868155479
0.2082888185977935,0.000441226438852,0.0006774105131626,550.956812,480.270977,12.0,180.0,-42.301559,-85.835487,-0.0,-19.571,-0.0,0.0883557125926017
0.212832972407341,0.0004626738664228,0.0007171873585321,550.956812,480.270977,13.0,180.0,-42.301559,-85.835487,-0.0,-19.571,-0.0,0.0882038846611976
0.2915223240852356,0.0004337742866482,0.0007581663085147,550.956812,480.270977,14.0,180.0,-42.301559,-85.835487,-0.0,-19.571,-0.0,0.1211789548397064
0.2743816077709198,0.0004114095936529,0.0006959403981454,550.956812,480.270977,15.0,180.0,-42.301559,-85.835487,-0.0,-19.571,-0.0,0.1192153468728065
0.2654449939727783,0.0003579286858439,0.0006115463329479,550.956812,480.270977,16.0,180.0,-42.301559,-85.835487,-0.0,-19.571,-0.0,0.1171438246965408
0.1909095048904419,0.000317176367389,0.0004586374270729,550.956812,480.270977,17.0,180.0,-42.301559,-85.835487,-0.0,-19.571,-0.0,0.0857869908213615
0.1795672178268432,0.0002478504611644,0.0003523105406202,550.956812,480.270977,18.0,180.0,-42.301559,-85.835487,-0.0,-19.571,-0.0,0.0725141242146492
0.3493372201919555,0.0002269551187055,0.0004310454532969,550.956812,480.270977,19.0,180.0,-42.301559,-85.835487,-0.0,-19.571,-0.0,0.157191976904869
0.3101249635219574,0.0005714691942557,0.0010574243497103,550.956812,480.270977,0.0,180.0,-42.301559,-85.835487,-0.0,-19.477,-0.0,0.133707508444786
0.289241224527359,0.0006115175783634,0.0011079501127824,550.956812,480.270977,1.0,180.0,-42.301559,-85.835487,-0.0,-19.477,-0.0,0.1246457695960998
0.2942005395889282,0.0006698217475786,0.0012065817136317,550.956812,480.270977,2.0,180.0,-42.301559,-85.835487,-0.0,-19.477,-0.0,0.135496437549591
0.2887173891067505,0.0007225947338156,0.0012831434141844,550.956812,480.270977,3.0,180.0,-42.301559,-85.835487,-0.0,-19.477,-0.0,0.1305077672004699
0.2579408884048462,0.0006820986163802,0.001153573859483,550.956812,480.270977,4.0,180.0,-42.301559,-85.835487,-0.0,-19.477,-0.0,0.1001102998852729
0.2863633632659912,0.0006958849262446,0.0012305435957387,550.956812,480.270977,5.0,180.0,-42.301559,-85.835487,-0.0,-19.477,-0.0,0.127254843711853
0.2850643098354339,0.0007526663830503,0.0013340619625523,550.956812,480.270977,6.0,180.0,-42.301559,-85.835487,-0.0,-19.477,-0.0,0.1291784346103668
0.2974490225315094,0.0006952573894523,0.0012375148944556,550.956812,480.270977,7.0,180.0,-42.301559,-85.835487,-0.0,-19.477,-0.0,0.1355599910020828
0.2738442122936249,0.000650480389595,0.001124482252635,550.956812,480.270977,8.0,180.0,-42.301559,-85.835487,-0.0,-19.477,-0.0,0.1146486774086952
0.2803179919719696,0.0006274733459576,0.0011002278188243,550.956812,480.270977,9.0,180.0,-42.301559,-85.835487,-0.0,-19.477,-0.0,0.1214513108134269
0.2892273366451263,0.0005619367002509,0.000989019521512,550.956812,480.270977,10.0,180.0,-42.301559,-85.835487,-0.0,-19.477,-0.0,0.1198798567056655
0.3111884593963623,0.0004702704318333,0.0008449508459307,550.956812,480.270977,11.0,180.0,-42.301559,-85.835487,-0.0,-19.477,-0.0,0.1397682130336761
0.3220345973968506,0.0004508941492531,0.0008303311187773,550.956812,480.270977,12.0,180.0,-42.301559,-85.835487,-0.0,-19.477,-0.0,0.146256536245346
0.2969362735748291,0.0004825828364118,0.000847214309033,550.956812,480.270977,13.0,180.0,-42.301559,-85.835487,-0.0,-19.477,-0.0,0.1358080804347992
0.2547967731952667,0.0003865373146254,0.0006417562835849,550.956812,480.270977,14.0,180.0,-42.301559,-85.835487,-0.0,-19.477,-0.0,0.1068251803517341
0.3387162089347839,0.0003730621247086,0.0006936514400877,550.956812,480.270977,15.0,180.0,-42.301559,-85.835487,-0.0,-19.477,-0.0,0.1566097885370254
0.3264413475990295,0.0003829124616459,0.0007120926748029,550.956812,480.270977,16.0,180.0,-42.301559,-85.835487,-0.0,-19.477,-0.0,0.1579198986291885
0.2469865083694458,0.0003092846600338,0.0004987879656255,550.956812,480.270977,17.0,180.0,-42.301559,-85.835487,-0.0,-19.477,-0.0,0.1225044131278991
0.3001015186309814,0.0002618724829517,0.0004664259322453,550.956812,480.270977,18.0,180.0,-42.301559,-85.835487,-0.0,-19.477,-0.0,0.1333615928888321
0.3135900795459747,0.00023601182329,0.0004303251917008,550.956812,480.270977,19.0,180.0,-42.301559,-85.835487,-0.0,-19.477,-0.0,0.1408838778734207
0.2915471196174621,0.0006347683956846,0.0011305724037811,550.956812,480.270977,0.0,180.0,-42.301559,-85.835487,0.0,-19.477,-0.0,0.1302934437990188
0.2646999061107635,0.0007118744542822,0.0012259889626875,550.956812,480.270977,1.0,180.0,-42.301559,-85.835487,0.0,-19.477,-0.0,0.1162595376372337
0.2857402563095093,0.0006507171783596,0.0011462720576673,550.956812,480.270977,2.0,180.0,-42.301559,-85.835487,0.0,-19.477,-0.0,0.126307874917984
0.2721315622329712,0.0006369863986037,0.0011005855631083,550.956812,480.270977,3.0,180.0,-42.301559,-85.835487,0.0,-19.477,-0.0,0.116156168282032
0.2532100081443786,0.0007155161583796,0.0012058995198458,550.956812,480.270977,4.0,180.0,-42.301559,-85.835487,0.0,-19.477,-0.0,0.1085918992757797
0.2777025997638702,0.0007406454533338,0.0012810521293431,550.956812,480.270977,5.0,180.0,-42.301559,-85.835487,0.0,-19.477,-0.0,0.1271892040967941
0.2466463446617126,0.0005907946033403,0.0009899062570184,550.956812,480.270977,6.0,180.0,-42.301559,-85.835487,0.0,-19.477,-0.0,0.0922828987240791
0.2855603992938995,0.0006338816601783,0.0011175441322848,550.956812,480.270977,7.0,180.0,-42.301559,-85.835487,0.0,-19.477,-0.0,0.1243811249732971
0.2714519500732422,0.0005969112971797,0.0010197446681559,550.956812,480.270977,8.0,180.0,-42.301559,-85.835487,0.0,-19.477,-0.0,0.1089018508791923
0.2563556134700775,0.0006663030944764,0.0011158494744449,550.956812,480.270977,9.0,180.0,-42.301559,-85.835487,0.0,-19.477,-0.0,0.1067823469638824
0.2898449301719665,0.0006011762889102,0.0010490776039659,550.956812,480.270977,10.0,180.0,-42.301559,-85.835487,0.0,-19.477,-0.0,0.1312712430953979
0.2919592261314392,0.0005783168016932,0.0010103475069627,550.956812,480.270977,11.0,180.0,-42.301559,-85.835487,0.0,-19.477,-0.0,0.1337030827999115
0.2185455858707428,0.0005522557185031,0.0008831408340483,550.956812,480.270977,12.0,180.0,-42.301559,-85.835487,0.0,-19.477,-0.0,0.0896286368370056
0.2436376810073852,0.0004660777049139,0.0007649987237527,550.956812,480.270977,13.0,180.0,-42.301559,-85.835487,0.0,-19.477,-0.0,0.1134649664163589
0.2574772238731384,0.0004914319724775,0.0008302806527353,550.956812,480.270977,14.0,180.0,-42.301559,-85.835487,0.0,-19.477,-0.0,0.117016389966011
0.2706758081912994,0.0003628708363976,0.0006229751743376,550.956812,480.270977,15.0,180.0,-42.301559,-85.835487,0.0,-19.477,-0.0,0.1247898191213607
0.3105623722076416,0.0003244891704525,0.0005875167553313,550.956812,480.270977,16.0,180.0,-42.301559,-85.835487,0.0,-19.477,-0.0,0.1438922584056854
0.3121284246444702,0.0002971922513097,0.000537084240932,550.956812,480.270977,17.0,180.0,-42.301559,-85.835487,0.0,-19.477,-0.0,0.1458205729722976
0.3366570770740509,0.0002882610133383,0.0005385963595472,550.956812,480.270977,18.0,180.0,-42.301559,-85.835487,0.0,-19.477,-0.0,0.165252149105072
0.3230745792388916,0.0002116665564244,0.0003897024726029,550.956812,480.270977,19.0,180.0,-42.301559,-85.835487,0.0,-19.477,-0.0,0.1568707674741745
0.2604668140411377,0.000632278912235,0.0010735194664448,550.956812,480.270977,0.0,180.0,-42.301559,-85.835487,0.0,-19.372,-0.0,0.1053843721747398
0.2814941108226776,0.0007512644515372,0.0013147988356649,550.956812,480.270977,1.0,180.0,-42.301559,-85.835487,0.0,-19.372,-0.0,0.1348958164453506
0.2644307315349579,0.0007882307399995,0.0013507243711501,550.956812,480.270977,2.0,180.0,-42.301559,-85.835487,0.0,-19.372,-0.0,0.1161489486694336
0.2815564274787903,0.0007035147864371,0.0012246393598616,550.956812,480.270977,3.0,180.0,-42.301559,-85.835487,0.0,-19.372,-0.0,0.1177059561014175
0.2824026346206665,0.0005887563456781,0.0010217172093689,550.956812,480.270977,4.0,180.0,-42.301559,-85.835487,0.0,-19.372,-0.0,0.111281543970108
0.3003658950328827,0.000675095943734,0.0012013006489723,550.956812,480.270977,5.0,180.0,-42.301559,-85.835487,0.0,-19.372,-0.0,0.1379297971725464
0.2748484015464782,0.0006758439703844,0.0011660584714263,550.956812,480.270977,6.0,180.0,-42.301559,-85.835487,0.0,-19.372,-0.0,0.1315260380506515
0.2798782587051391,0.0007898929179646,0.0013599367812275,550.956812,480.270977,7.0,180.0,-42.301559,-85.835487,0.0,-19.372,-0.0,0.1327952742576599
0.2620920836925506,0.0006455905968323,0.0010807727230712,550.956812,480.270977,8.0,180.0,-42.301559,-85.835487,0.0,-19.372,-0.0,0.1177796870470047
0.1972900032997131,0.0006585793453268,0.0009972515981644,550.956812,480.270977,9.0,180.0,-42.301559,-85.835487,0.0,-19.372,-0.0,0.0845387428998947
0.2438551783561706,0.0006559353787451,0.0010654680663719,550.956812,480.270977,10.0,180.0,-42.301559,-85.835487,0.0,-19.372,-0.0,0.0978111550211906
0.2707288861274719,0.0004985322011634,0.0008541154675185,550.956812,480.270977,11.0,180.0,-42.301559,-85.835487,0.0,-19.372,-0.0,0.1222034394741058
0.2142084538936615,0.0004508321871981,0.0006968330126255,550.956812,480.270977,12.0,180.0,-42.301559,-85.835487,0.0,-19.372,-0.0,0.0863484963774681
0.2355256974697113,0.0004479741328395,0.0007171091274358,550.956812,480.270977,13.0,180.0,-42.301559,-85.835487,0.0,-19.372,-0.0,0.0985955595970153
0.2727308869361877,0.0004693382361438,0.0007949937134981,550.956812,480.270977,14.0,180.0,-42.301559,-85.835487,0.0,-19.372,-0.0,0.1238505765795707
0.2535621523857116,0.0003441095759626,0.0005607579951174,550.956812,480.270977,15.0,180.0,-42.301559,-85.835487,0.0,-19.372,-0.0,0.1026312261819839
0.2465292811393737,0.0003419659333303,0.000551781442482,550.956812,480.270977,16.0,180.0,-42.301559,-85.835487,0.0,-19.372,-0.0,0.1088328957557678
0.288795530796051,0.0002526910684537,0.0004322967724874,550.956812,480.270977,17.0,180.0,-42.301559,-85.835487,0.0,-19.372,-0.0,0.1365019977092743
0.3136004209518432,0.0002313764416612,0.0004113850009161,550.956812,480.270977,18.0,180.0,-42.301559,-85.835487,0.0,-19.372,-0.0,0.1485330313444137
0.324271559715271,0.0002488036407157,0.000447072670795,550.956812,480.270977,19.0,180.0,-42.301559,-85.835487,0.0,-19.372,-0.0,0.1466554999351501
0.3046163618564605,0.0006875891704112,0.001242654165253,550.956812,480.270977,0.0,180.0,-42.301559,-85.835487,-0.0,-19.439,-0.0,0.1459521353244781
0.2888568937778473,0.00061105878558,0.0010693508666008,550.956812,480.270977,1.0,180.0,-42.301559,-85.835487,-0.0,-19.439,-0.0,0.1205627024173736
0.265108197927475,0.0007196612423285,0.0012189382687211,550.956812,480.270977,2.0,180.0,-42.301559,-85.835487,-0.0,-19.439,-0.0,0.1219636648893356
0.2592737972736358,0.0006797005189582,0.0011385376565158,550.956812,480.270977,3.0,180.0,-42.301559,-85.835487,-0.0,-19.439,-0.0,0.1026773676276207
0.2411535084247589,0.0007128632278181,0.0011709213722497,550.956812,480.270977,4.0,180.0,-42.301559,-85.835487,-0.0,-19.439,-0.0,0.0907804742455482
0.2634838819503784,0.0007158465450629,0.0012166522210463,550.956812,480.270977,5.0,180.0,-42.301559,-85.835487,-0.0,-19.439,-0.0,0.1203167364001274
0.2683252990245819,0.0006901928572915,0.0011702546617016,550.956812,480.270977,6.0,180.0,-42.301559,-85.835487,-0.0,-19.439,-0.0,0.1153037250041961
0.2359440177679062,0.0006957692094147,0.0011187825584784,550.956812,480.270977,7.0,180.0,-42.301559,-85.835487,-0.0,-19.439,-0.0,0.0932406410574913
0.2783096730709076,0.000693496374879,0.0011926484294235,550.956812,480.270977,8.0,180.0,-42.301559,-85.835487,-0.0,-19.439,-0.0,0.1239544674754142
0.2751013040542602,0.0006344347493723,0.0010892933933064,550.956812,480.270977,9.0,180.0,-42.301559,-85.835487,-0.0,-19.439,-0.0,0.1273179650306701
0.2758554518222809,0.0006558115710504,0.0011199030559509,550.956812,480.270977,10.0,180.0,-42.301559,-85.835487,-0.0,-19.439,-0.0,0.1318392157554626
0.2441474199295044,0.0005057238740846,0.0008159559802152,550.956812,480.270977,11.0,180.0,-42.301559,-85.835487,-0.0,-19.439,-0.0,0.0992323756217956
0.2943028509616852,0.0005774532328359,0.001011568820104,550.956812,480.270977,12.0,180.0,-42.301559,-85.835487,-0.0,-19.439,-0.0,0.1383118033409118
0.2781820297241211,0.0004615599755197,0.0007879902259446,550.956812,480.270977,13.0,180.0,-42.301559,-85.835487,-0.0,-19.439,-0.0,0.1217523366212844
0.2860842645168304,0.0004442385979928,0.0007629162864759,550.956812,480.270977,14.0,180.0,-42.301559,-85.835487,-0.0,-19.439,-0.0,0.1285381764173507
0.2863675653934479,0.0003859501448459,0.0006572412094101,550.956812,480.270977,15.0,180.0,-42.301559,-85.835487,-0.0,-19.439,-0.0,0.1188435107469558
0.2869866192340851,0.0003825104213319,0.0006588366813957,550.956812,480.270977,16.0,180.0,-42.301559,-85.835487,-0.0,-19.439,-0.0,0.1351452767848968
0.2910267412662506,0.0002935484517365,0.0005081734270788,550.956812,480.270977,17.0,180.0,-42.301559,-85.835487,-0.0,-19.439,-0.0,0.1350548565387725
0.2093692421913147,0.000287046394078,0.0004283813759684,550.956812,480.270977,18.0,180.0,-42.301559,-85.835487,-0.0,-19.439,-0.0,0.0945000350475311
0.2905457019805908,0.0002397408825345,0.0004182660486549,550.956812,480.270977,19.0,180.0,-42.301559,-85.835487,-0.0,-19.439,-0.0,0.1277055889368057
0.294239193201065,0.0007037302711978,0.0012551604304462,550.956812,480.270977,0.0,180.0,-42.301559,-85.835487,-0.0,-19.363,-0.0,0.1378883868455886
0.2947431802749634,0.0006937721627764,0.0012317865621298,550.956812,480.270977,1.0,180.0,-42.301559,-85.835487,-0.0,-19.363,-0.0,0.1404846161603927
0.2799109220504761,0.0006793883512727,0.0011868115980178,550.956812,480.270977,2.0,180.0,-42.301559,-85.835487,-0.0,-19.363,-0.0,0.1232594847679138
0.2714296579360962,0.0007129155565053,0.0012241888325661,550.956812,480.270977,3.0,180.0,-42.301559,-85.835487,-0.0,-19.363,-0.0,0.1224609687924385
0.2628573179244995,0.0006918952567502,0.0011620575096458,550.956812,480.270977,4.0,180.0,-42.301559,-85.835487,-0.0,-19.363,-0.0,0.1166576221585273
0.2855899333953857,0.0007040700293146,0.0012277094647288,550.956812,480.270977,5.0,180.0,-42.301559,-85.835487,-0.0,-19.363,-0.0,0.1321799606084823
0.287596732378006,0.0006761809927411,0.0011864475673064,550.956812,480.270977,6.0,180.0,-42.301559,-85.835487,-0.0,-19.363,-0.0,0.1275952756404876
0.2406427562236786,0.0006886819028295,0.0011332706781104,550.956812,480.270977,7.0,180.0,-42.301559,-85.835487,-0.0,-19.363,-0.0,0.1077874451875686
0.277860552072525,0.0006709393928758,0.0011428635334596,550.956812,480.270977,8.0,180.0,-42.301559,-85.835487,-0.0,-19.363,-0.0,0.1199374496936798
0.2496020197868347,0.0006291379104368,0.0010400502942502,550.956812,480.270977,9.0,180.0,-42.301559,-85.835487,-0.0,-19.363,-0.0,0.1161225512623786
0.190363734960556,0.0006129334797151,0.0009283419931307,550.956812,480.270977,10.0,180.0,-42.301559,-85.835487,-0.0,-19.363,-0.0,0.0778063088655471
0.2299380302429199,0.0005395237822085,0.0008644796907901,550.956812,480.270977,11.0,180.0,-42.301559,-85.835487,-0.0,-19.363,-0.0,0.0915185734629631
0.2866128087043762,0.0005257365992292,0.0009105119970627,550.956812,480.270977,12.0,180.0,-42.301559,-85.835487,-0.0,-19.363,-0.0,0.1350793242454528
0.2386168837547302,0.0003890667867381,0.0006216684705577,550.956812,480.270977,13.0,180.0,-42.301559,-85.835487,-0.0,-19.363,-0.0,0.0938888490200042
0.2873166799545288,0.0003690138109959,0.0006400633719749,550.956812,480.270977,14.0,180.0,-42.301559,-85.835487,-0.0,-19.363,-0.0,0.1257296949625015
0.2924035191535949,0.0004033127916045,0.000702008139342,550.956812,480.270977,15.0,180.0,-42.301559,-85.835487,-0.0,-19.363,-0.0,0.12921142578125
0.2712321579456329,0.0003201600047759,0.0005438329535536,550.956812,480.270977,16.0,180.0,-42.301559,-85.835487,-0.0,-19.363,-0.0,0.1204268857836723
0.2942556738853454,0.0002716808230616,0.0004673193907365,550.956812,480.270977,17.0,180.0,-42.301559,-85.835487,-0.0,-19.363,-0.0,0.1244412884116172
0.3337919116020202,0.0002993853122461,0.0005469578318297,550.956812,480.270977,18.0,180.0,-42.301559,-85.835487,-0.0,-19.363,-0.0,0.1603281050920486
0.3184531927108764,0.0002246567164547,0.0004068630514666,550.956812,480.270977,19.0,180.0,-42.301559,-85.835487,-0.0,-19.363,-0.0,0.1514172106981277
0.2831999659538269,0.0006384471198543,0.0011092596687376,550.956812,480.270977,0.0,180.0,-42.301559,-85.835487,-0.0,-19.367,-0.0,0.1264479011297226
0.2496908605098724,0.0006908551440574,0.0011530399788171,550.956812,480.270977,1.0,180.0,-42.301559,-85.835487,-0.0,-19.367,-0.0,0.109633594751358
0.2477026730775833,0.0007809434318915,0.0013015124714002,550.956812,480.270977,2.0,180.0,-42.301559,-85.835487,-0.0,-19.367,-0.0,0.1001947298645973
0.2875753045082092,0.0007009120308794,0.0012141850311309,550.956812,480.270977,3.0,180.0,-42.301559,-85.835487,-0.0,-19.367,-0.0,0.1223218142986297
0.2830372452735901,0.0007155337370932,0.0012407150352373,550.956812,480.270977,4.0,180.0,-42.301559,-85.835487,-0.0,-19.367,-0.0,0.1326740235090255
0.2575455009937286,0.0007227507303468,0.0012128058588132,550.956812,480.270977,5.0,180.0,-42.301559,-85.835487,-0.0,-19.367,-0.0,0.1084086596965789
0.2596547603607178,0.000723389966879,0.0012168044922873,550.956812,480.270977,6.0,180.0,-42.301559,-85.835487,-0.0,-19.367,-0.0,0.1129834055900573
0.2104530781507492,0.0006962597253732,0.0010880108457058,550.956812,480.270977,7.0,180.0,-42.301559,-85.835487,-0.0,-19.367,-0.0,0.0923547968268394
0.2561734914779663,0.0006600668421015,0.0010948994895443,550.956812,480.270977,8.0,180.0,-42.301559,-85.835487,-0.0,-19.367,-0.0,0.1062213480472564
0.2513137757778168,0.0006312778568826,0.0010442569619044,550.956812,480.270977,9.0,180.0,-42.301559,-85.835487,-0.0,-19.367,-0.0,0.1114064753055572
0.2274913340806961,0.0005742402281612,0.0009124640491791,550.956812,480.270977,10.0,180.0,-42.301559,-85.835487,-0.0,-19.367,-0.0,0.0903639420866966
0.2727679908275604,0.0005726744420826,0.0009665366960689,550.956812,480.270977,11.0,180.0,-42.301559,-85.835487,-0.0,-19.367,-0.0,0.1228522211313247
0.3000985085964203,0.0005615192931145,0.0009884786559268,550.956812,480.270977,12.0,180.0,-42.301559,-85.835487,-0.0,-19.367,-0.0,0.1439405530691146
0.2685529589653015,0.0005159931024536,0.000871931144502,550.956812,480.270977,13.0,180.0,-42.301559,-85.835487,-0.0,-19.367,-0.0,0.1178113743662834
0.2399585396051406,0.0004395437135826,0.0007034593727439,550.956812,480.270977,14.0,180.0,-42.301559,-85.835487,-0.0,-19.367,-0.0,0.107884258031845
0.2776572704315185,0.0004399747413117,0.0007483740919269,550.956812,480.270977,15.0,180.0,-42.301559,-85.835487,-0.0,-19.367,-0.0,0.1234191507101059
0.229633629322052,0.0003190561255905,0.0004982096143066,550.956812,480.270977,16.0,180.0,-42.301559,-85.835487,-0.0,-19.367,-0.0,0.1059329956769943
0.2875209450721741,0.0003778349491767,0.0006444960599765,550.956812,480.270977,17.0,180.0,-42.301559,-85.835487,-0.0,-19.367,-0.0,0.1401997208595276
0.3218039572238922,0.0003290478198323,0.0005910738254897,550.956812,480.270977,18.0,180.0,-42.301559,-85.835487,-0.0,-19.367,-0.0,0.1578593254089355
0.2821213006973266,0.0002737734757829,0.000461324932985,550.956812,480.270977,19.0,180.0,-42.301559,-85.835487,-0.0,-19.367,-0.0,0.1338922977447509
0.2954693138599396,0.0006616560858674,0.0011753730941563,550.956812,480.270977,0.0,180.0,-42.301559,-85.835487,-0.0,-19.34,-0.0,0.1406748741865158
0.2820392251014709,0.0007152290781959,0.0012471274239942,550.956812,480.270977,1.0,180.0,-42.301559,-85.835487,-0.0,-19.34,-0.0,0.1291978061199188
0.2797316014766693,0.0007197597878985,0.0012410901254042,550.956812,480.270977,2.0,180.0,-42.301559,-85.835487,-0.0,-19.34,-0.0,0.1349992305040359
0.2739075422286987,0.000749897561036,0.0012913413811475,550.956812,480.270977,3.0,180.0,-42.301559,-85.835487,-0.0,-19.34,-0.0,0.1229691058397293
0.2933517098426819,0.0006729178130626,0.0011834180913865,550.956812,480.270977,4.0,180.0,-42.301559,-85.835487,-0.0,-19.34,-0.0,0.134611114859581
0.2825159728527069,0.0006772961933165,0.0011797187617048,550.956812,480.270977,5.0,180.0,-42.301559,-85.835487,-0.0,-19.34,-0.0,0.1374787539243698
0.267998605966568,0.0007913684821687,0.0013473065337166,550.956812,480.270977,6.0,180.0,-42.301559,-85.835487,-0.0,-19.34,-0.0,0.1369766891002655
0.2769944369792938,0.0007413775310851,0.0012758258963003,550.956812,480.270977,7.0,180.0,-42.301559,-85.835487,-0.0,-19.34,-0.0,0.1263437867164611
0.2539978325366974,0.0006769720930606,0.0011198142310604,550.956812,480.270977,8.0,180.0,-42.301559,-85.835487,-0.0,-19.34,-0.0,0.1100784316658973
0.2481794953346252,0.0006712159374728,0.0010992616880685,550.956812,480.270977,9.0,180.0,-42.301559,-85.835487,-0.0,-19.34,-0.0,0.1142172813415527
0.2532862722873688,0.0006475240224972,0.001064344192855,550.956812,480.270977,10.0,180.0,-42.301559,-85.835487,-0.0,-19.34,-0.0,0.1166678816080093
0.2618135809898376,0.0006067613139748,0.0010082856751978,550.956812,480.270977,11.0,180.0,-42.301559,-85.835487,-0.0,-19.34,-0.0,0.124456025660038
0.2585651874542236,0.0005136464606039,0.0008526553865522,550.956812,480.270977,12.0,180.0,-42.301559,-85.835487,-0.0,-19.34,-0.0,0.117848664522171
0.2318697869777679,0.00044289015932,0.0006901364540681,550.956812,480.270977,13.0,180.0,-42.301559,-85.835487,-0.0,-19.34,-0.0,0.0899117887020111
0.2826289534568786,0.0004466495593078,0.0007657273672521,550.956812,480.270977,14.0,180.0,-42.301559,-85.835487,-0.0,-19.34,-0.0,0.1343923956155777
0.2756108343601227,0.0004482752410694,0.0007564794505015,550.956812,480.270977,15.0,180.0,-42.301559,-85.835487,-0.0,-19.34,-0.0,0.1343760043382644
0.279102087020874,0.0004323799512349,0.0007310989312827,550.956812,480.270977,16.0,180.0,-42.301559,-85.835487,-0.0,-19.34,-0.0,0.1392452418804168
0.301744669675827,0.0003220485232304,0.0005633006221614,550.956812,480.270977,17.0,180.0,-42.301559,-85.835487,-0.0,-19.34,-0.0,0.1420170217752456
0.2428406476974487,0.0002787919074762,0.000442222575657,550.956812,480.270977,18.0,180.0,-42.301559,-85.835487,-0.0,-19.34,-0.0,0.1113379970192909
0.3063069880008697,0.000251067278441,0.0004385752836242,550.956812,480.270977,19.0,180.0,-42.301559,-85.835487,-0.0,-19.34,-0.0,0.1400977522134781
0.3019998967647552,0.0003993271384388,0.0006866122130304,550.956812,480.270977,0.0,180.0,-42.301559,-85.835487,-0.0,-21.844,-81.8,0.0907413065433502
0.3001116812229156,0.0004923878586851,0.0008543308358639,550.956812,480.270977,1.0,180.0,-42.301559,-85.835487,-0.0,-21.844,-81.8,0.0992569699883461
0.2788131237030029,0.0005635116249322,0.0009587284876033,550.956812,480.270977,2.0,180.0,-42.301559,-85.835487,-0.0,-21.844,-81.8,0.0920629203319549
0.2410728335380554,0.0005999334389343,0.0009555801516398,550.956812,480.270977,3.0,180.0,-42.301559,-85.835487,-0.0,-21.844,-81.8,0.0760603845119476
0.3011980950832367,0.000627962173894,0.0010930831776931,550.956812,480.270977,4.0,180.0,-42.301559,-85.835487,-0.0,-21.844,-81.8,0.1113124266266822
0.2897795140743255,0.0006777320522814,0.0011684132041409,550.956812,480.270977,5.0,180.0,-42.301559,-85.835487,-0.0,-21.844,-81.8,0.104836568236351
0.2133480459451675,0.0007557855569757,0.0012000704882666,550.956812,480.270977,6.0,180.0,-42.301559,-85.835487,-0.0,-21.844,-81.8,0.0768692418932914
0.2580273747444153,0.0008418998331762,0.001401187502779,550.956812,480.270977,7.0,180.0,-42.301559,-85.835487,-0.0,-21.844,-81.8,0.0876362025737762
0.2174836099147796,0.000861529726535,0.0013656627852469,550.956812,480.270977,8.0,180.0,-42.301559,-85.835487,-0.0,-21.844,-81.8,0.0648778229951858
0.1991666257381439,0.0008792512235231,0.0013658523093909,550.956812,480.270977,9.0,180.0,-42.301559,-85.835487,-0.0,-21.844,-81.8,0.0663585439324379
0.2532047927379608,0.000877711456269,0.0014600518625229,550.956812,480.270977,10.0,180.0,-42.301559,-85.835487,-0.0,-21.844,-81.8,0.092565469443798
0.2361727207899093,0.0008813503663986,0.0014401545049622,550.956812,480.270977,11.0,180.0,-42.301559,-85.835487,-0.0,-21.844,-81.8,0.0855458453297615
0.1972402185201645,0.0008828282589092,0.0013767069904133,550.956812,480.270977,12.0,180.0,-42.301559,-85.835487,-0.0,-21.844,-81.8,0.0666134133934974
0.2351530790328979,0.0009162072092294,0.0015049809589982,550.956812,480.270977,13.0,180.0,-42.301559,-85.835487,-0.0,-21.844,-81.8,0.090408943593502
0.2533570826053619,0.0008708981331437,0.0014523409772664,550.956812,480.270977,14.0,180.0,-42.301559,-85.835487,-0.0,-21.844,-81.8,0.0947878435254097
0.2460766285657882,0.0008105608867481,0.0013506732648238,550.956812,480.270977,15.0,180.0,-42.301559,-85.835487,-0.0,-21.844,-81.8,0.0921596884727478
0.2713753581047058,0.0008069748291745,0.0013943924568593,550.956812,480.270977,16.0,180.0,-42.301559,-85.835487,-0.0,-21.844,-81.8,0.1142700016498565
0.2732046842575073,0.000801436137408,0.0013769710203632,550.956812,480.270977,17.0,180.0,-42.301559,-85.835487,-0.0,-21.844,-81.8,0.1236392185091972
0.2732727825641632,0.0006874366081319,0.001185645814985,550.956812,480.270977,18.0,180.0,-42.301559,-85.835487,-0.0,-21.844,-81.8,0.106294572353363
0.2725378274917602,0.0006648666458204,0.0011447566794231,550.956812,480.270977,19.0,180.0,-42.301559,-85.835487,-0.0,-21.844,-81.8,0.1189427971839904
0.3117474317550659,0.0003773305506911,0.0006673019961453,550.956812,480.270977,0.0,180.0,-42.301559,-85.835487,-0.0,-22.054,-90.144,0.107146069407463
0.3124167621135711,0.0005185410263948,0.0009229584829881,550.956812,480.270977,1.0,180.0,-42.301559,-85.835487,-0.0,-22.054,-90.144,0.1134826093912124
0.3057394027709961,0.0004631619085557,0.000821704394184,550.956812,480.270977,2.0,180.0,-42.301559,-85.835487,-0.0,-22.054,-90.144,0.1076380163431167
0.3122930824756622,0.0004617428057827,0.0008214734261855,550.956812,480.270977,3.0,180.0,-42.301559,-85.835487,-0.0,-22.054,-90.144,0.1044146567583084
0.2772578299045563,0.0005867311265319,0.0010048686526715,550.956812,480.270977,4.0,180.0,-42.301559,-85.835487,-0.0,-22.054,-90.144,0.0988521352410316
0.2223180383443832,0.0006412955117411,0.0010075428290292,550.956812,480.270977,5.0,180.0,-42.301559,-85.835487,-0.0,-22.054,-90.144,0.0629647001624107
0.271134465932846,0.0006502566975541,0.0010950624709948,550.956812,480.270977,6.0,180.0,-42.301559,-85.835487,-0.0,-22.054,-90.144,0.0923868119716644
0.2593331038951874,0.0006710221641696,0.0011172351660206,550.956812,480.270977,7.0,180.0,-42.301559,-85.835487,-0.0,-22.054,-90.144,0.0830019786953926
0.2326961159706115,0.0007599255186505,0.0012245471589267,550.956812,480.270977,8.0,180.0,-42.301559,-85.835487,-0.0,-22.054,-90.144,0.0738235488533973
0.2338135540485382,0.0008628508658148,0.0014008283615112,550.956812,480.270977,9.0,180.0,-42.301559,-85.835487,-0.0,-22.054,-90.144,0.0803922563791275
0.2273209393024444,0.0009077380527742,0.0014578327536582,550.956812,480.270977,10.0,180.0,-42.301559,-85.835487,-0.0,-22.054,-90.144,0.0766197219491005
0.2466908693313598,0.0008851529564708,0.0014676013961434,550.956812,480.270977,11.0,180.0,-42.301559,-85.835487,-0.0,-22.054,-90.144,0.0881928279995918
0.2571369111537933,0.0008190447115339,0.0013725458411499,550.956812,480.270977,12.0,180.0,-42.301559,-85.835487,-0.0,-22.054,-90.144,0.0950189605355262
0.2491668313741684,0.0008979743579402,0.0014976299135014,550.956812,480.270977,13.0,180.0,-42.301559,-85.835487,-0.0,-22.054,-90.144,0.0989871993660926
0.2154934704303741,0.0008671485702507,0.0013746194308623,550.956812,480.270977,14.0,180.0,-42.301559,-85.835487,-0.0,-22.054,-90.144,0.0730126127600669
0.223756730556488,0.0007937443442642,0.0012825819430872,550.956812,480.270977,15.0,180.0,-42.301559,-85.835487,-0.0,-22.054,-90.144,0.0715127438306808
0.2685508728027344,0.0008267782395705,0.001418680534698,550.956812,480.270977,16.0,180.0,-42.301559,-85.835487,-0.0,-22.054,-90.144,0.1155329123139381
0.2695662677288055,0.000818921951577,0.0014106951421126,550.956812,480.270977,17.0,180.0,-42.301559,-85.835487,-0.0,-22.054,-90.144,0.120914913713932
0.2864172756671905,0.0007445875671692,0.0013052040012553,550.956812,480.270977,18.0,180.0,-42.301559,-85.835487,-0.0,-22.054,-90.144,0.1182443499565124
0.2710300087928772,0.0006907990318723,0.0011899307137355,550.956812,480.270977,19.0,180.0,-42.301559,-85.835487,-0.0,-22.054,-90.144,0.1091758161783218
0.3153000175952911,0.0003293579211458,0.00058041367447,550.956812,480.270977,0.0,180.0,-42.301559,-85.835487,-0.0,-22.37,-104.241,0.1075472831726074
0.2825575768947601,0.0003364083822816,0.0005633031250908,550.956812,480.270977,1.0,180.0,-42.301559,-85.835487,-0.0,-22.37,-104.241,0.0982660576701164
0.2837966382503509,0.0004121811070945,0.0006956930737942,550.956812,480.270977,2.0,180.0,-42.301559,-85.835487,-0.0,-22.37,-104.241,0.0968202799558639
0.2994757890701294,0.0003788355388678,0.0006478953291662,550.956812,480.270977,3.0,180.0,-42.301559,-85.835487,-0.0,-22.37,-104.241,0.0949234217405319
0.29908287525177,0.0004561392124742,0.0007861705380491,550.956812,480.270977,4.0,180.0,-42.301559,-85.835487,-0.0,-22.37,-104.241,0.1022362262010574
0.2740602195262909,0.0005498745013028,0.0009222631342709,550.956812,480.270977,5.0,180.0,-42.301559,-85.835487,-0.0,-22.37,-104.241,0.0922792628407478
0.2724030315876007,0.0005397958448156,0.0008946986636146,550.956812,480.270977,6.0,180.0,-42.301559,-85.835487,-0.0,-22.37,-104.241,0.0919765084981918
0.2567801773548126,0.0006580848130397,0.0010834583081305,550.956812,480.270977,7.0,180.0,-42.301559,-85.835487,-0.0,-22.37,-104.241,0.0923418402671814
0.2915138602256775,0.000625743472483,0.0010823338525369,550.956812,480.270977,8.0,180.0,-42.301559,-85.835487,-0.0,-22.37,-104.241,0.1023084819316864
0.2555625140666961,0.0007206929731182,0.0011850006412714,550.956812,480.270977,9.0,180.0,-42.301559,-85.835487,-0.0,-22.37,-104.241,0.0921469703316688
0.2274096310138702,0.0007553054601885,0.0012073428370058,550.956812,480.270977,10.0,180.0,-42.301559,-85.835487,-0.0,-22.37,-104.241,0.0788086280226707
0.2346969991922378,0.0008261391776613,0.0013375366106629,550.956812,480.270977,11.0,180.0,-42.301559,-85.835487,-0.0,-22.37,-104.241,0.084931805729866
0.252485990524292,0.0008036583894863,0.001334278145805,550.956812,480.270977,12.0,180.0,-42.301559,-85.835487,-0.0,-22.37,-104.241,0.092927798628807
0.2398806810379028,0.0008499008254148,0.0013884508516639,550.956812,480.270977,13.0,180.0,-42.301559,-85.835487,-0.0,-22.37,-104.241,0.0892871469259262
0.211829125881195,0.0008123554871417,0.0012618831824511,550.956812,480.270977,14.0,180.0,-42.301559,-85.835487,-0.0,-22.37,-104.241,0.0764490216970443
0.2646394968032837,0.0007707762997597,0.0013007984962314,550.956812,480.270977,15.0,180.0,-42.301559,-85.835487,-0.0,-22.37,-104.241,0.0975860804319381
0.2341853678226471,0.000811705016531,0.00131497066468,550.956812,480.270977,16.0,180.0,-42.301559,-85.835487,-0.0,-22.37,-104.241,0.086542323231697
0.2466815114021301,0.0007624508580192,0.001261455588974,550.956812,480.270977,17.0,180.0,-42.301559,-85.835487,-0.0,-22.37,-104.241,0.1027032062411308
0.2821243405342102,0.0007301059085875,0.0012775014620274,550.956812,480.270977,18.0,180.0,-42.301559,-85.835487,-0.0,-22.37,-104.241,0.1188886538147926
0.2803854048252105,0.000723845383618,0.0012568827951326,550.956812,480.270977,19.0,180.0,-42.301559,-85.835487,-0.0,-22.37,-104.241,0.1246377676725387
0.3065226674079895,0.0001330052473349,0.0002016494836425,550.956812,480.270977,0.0,180.0,-42.301559,-85.835487,-0.0,-22.176,-180.0,0.1308483332395553
0.2663247287273407,0.0001529237051727,0.0002191103121731,550.956812,480.270977,1.0,180.0,-42.301559,-85.835487,-0.0,-22.176,-180.0,0.1049559041857719
0.2480225414037704,0.0001771256356732,0.0002459365059621,550.956812,480.270977,2.0,180.0,-42.301559,-85.835487,-0.0,-22.176,-180.0,0.0925025045871734
0.2689423263072967,0.0001897776528494,0.0002668745873961,550.956812,480.270977,3.0,180.0,-42.301559,-85.835487,-0.0,-22.176,-180.0,0.107227936387062
0.3032793700695038,0.0001605236029718,0.0002465385186951,550.956812,480.270977,4.0,180.0,-42.301559,-85.835487,-0.0,-22.176,-180.0,0.1123758405447006
0.2734673619270324,0.0001728515489958,0.0002545104653108,550.956812,480.270977,5.0,180.0,-42.301559,-85.835487,-0.0,-22.176,-180.0,0.0898638889193534
0.1907507926225662,0.0002662410552147,0.000348761677742,550.956812,480.270977,6.0,180.0,-42.301559,-85.835487,-0.0,-22.176,-180.0,0.0759311616420745
0.2423682063817978,0.0002171224041376,0.0003038489958271,550.956812,480.270977,7.0,180.0,-42.301559,-85.835487,-0.0,-22.176,-180.0,0.0860773399472236
0.2447273433208465,0.0002588485658634,0.0003656850021798,550.956812,480.270977,8.0,180.0,-42.301559,-85.835487,-0.0,-22.176,-180.0,0.0850858017802238
0.1679932475090026,0.0003430771175771,0.0004352652176748,550.956812,480.270977,9.0,180.0,-42.301559,-85.835487,-0.0,-22.176,-180.0,0.0522902384400367
0.1610985547304153,0.0003918053116649,0.0005017722141928,550.956812,480.270977,10.0,180.0,-42.301559,-85.835487,-0.0,-22.176,-180.0,0.0604746006429195
0.2720512747764587,0.0002628595975693,0.0003969201352447,550.956812,480.270977,11.0,180.0,-42.301559,-85.835487,-0.0,-22.176,-180.0,0.094878576695919
0.2478886395692825,0.0003222719824407,0.0004741152515634,550.956812,480.270977,12.0,180.0,-42.301559,-85.835487,-0.0,-22.176,-180.0,0.085345059633255
0.280670702457428,0.0002848311851266,0.0004457119794096,550.956812,480.270977,13.0,180.0,-42.301559,-85.835487,-0.0,-22.176,-180.0,0.0907988920807838
0.3001100718975067,0.0003064910706598,0.00049410155043,550.956812,480.270977,14.0,180.0,-42.301559,-85.835487,-0.0,-22.176,-180.0,0.1014624387025833
0.2736624479293823,0.0003708534641191,0.000581142026931,550.956812,480.270977,15.0,180.0,-42.301559,-85.835487,-0.0,-22.176,-180.0,0.0961081907153129
0.308442085981369,0.0003133163845632,0.0005157315754331,550.956812,480.270977,16.0,180.0,-42.301559,-85.835487,-0.0,-22.176,-180.0,0.0995101183652877
0.2691355943679809,0.0003872355446219,0.0006145116058178,550.956812,480.270977,17.0,180.0,-42.301559,-85.835487,-0.0,-22.176,-180.0,0.0904704108834266
0.3134480714797973,0.0003397592518012,0.0005741960485465,550.956812,480.270977,18.0,180.0,-42.301559,-85.835487,-0.0,-22.176,-180.0,0.110063225030899
0.3192824125289917,0.0003328508173581,0.0005755288293585,550.956812,480.270977,19.0,180.0,-42.301559,-85.835487,-0.0,-22.176,-180.0,0.1056051254272461
0.2534409761428833,0.0001237342657987,0.0001761937892297,550.956812,480.270977,0.0,180.0,-42.301559,-85.835487,-0.0,-22.125,-180.0,0.0909646600484848
0.317313402891159,0.0001096836931537,0.000179479829967,550.956812,480.270977,1.0,180.0,-42.301559,-85.835487,-0.0,-22.125,-180.0,0.1308249682188034
0.2770102620124817,0.0001319352159043,0.0001917487825267,550.956812,480.270977,2.0,180.0,-42.301559,-85.835487,-0.0,-22.125,-180.0,0.1079210340976715
0.2685523331165313,0.0001428077230229,0.0002058810787275,550.956812,480.270977,3.0,180.0,-42.301559,-85.835487,-0.0,-22.125,-180.0,0.097462922334671
0.2547432780265808,0.0001728690403979,0.0002491659834049,550.956812,480.270977,4.0,180.0,-42.301559,-85.835487,-0.0,-22.125,-180.0,0.0942884087562561
0.2864284217357635,0.0001653774525038,0.0002567867049947,550.956812,480.270977,5.0,180.0,-42.301559,-85.835487,-0.0,-22.125,-180.0,0.1101323068141937
0.2468667179346084,0.0002062630665022,0.000297172635328,550.956812,480.270977,6.0,180.0,-42.301559,-85.835487,-0.0,-22.125,-180.0,0.0898502543568611
0.2922010421752929,0.0001860219199443,0.0002955174422822,550.956812,480.270977,7.0,180.0,-42.301559,-85.835487,-0.0,-22.125,-180.0,0.1053073108196258
0.2465976774692535,0.0002126313775079,0.0003059347800444,550.956812,480.270977,8.0,180.0,-42.301559,-85.835487,-0.0,-22.125,-180.0,0.0824933797121048
0.2541421055793762,0.0002773073501884,0.0004180375544819,550.956812,480.270977,9.0,180.0,-42.301559,-85.835487,-0.0,-22.125,-180.0,0.091060884296894
0.2748061418533325,0.0002335792378289,0.0003584425139706,550.956812,480.270977,10.0,180.0,-42.301559,-85.835487,-0.0,-22.125,-180.0,0.0975441262125969
0.2608928978443146,0.0002698363678064,0.0004102253296878,550.956812,480.270977,11.0,180.0,-42.301559,-85.835487,-0.0,-22.125,-180.0,0.095432624220848
0.3115912973880768,0.0002512687933631,0.0004191021143924,550.956812,480.270977,12.0,180.0,-42.301559,-85.835487,-0.0,-22.125,-180.0,0.1038618683815002
0.3072165548801422,0.0002530893252696,0.0004252071666996,550.956812,480.270977,13.0,180.0,-42.301559,-85.835487,-0.0,-22.125,-180.0,0.1014606282114982
0.3082161843776703,0.0002601902233436,0.0004410336841829,550.956812,480.270977,14.0,180.0,-42.301559,-85.835487,-0.0,-22.125,-180.0,0.1131168901920318
0.2811553478240967,0.0002979661221615,0.0004809270903933,550.956812,480.270977,15.0,180.0,-42.301559,-85.835487,-0.0,-22.125,-180.0,0.0851642712950706
0.2877795696258545,0.0002790399303194,0.0004596236976794,550.956812,480.270977,16.0,180.0,-42.301559,-85.835487,-0.0,-22.125,-180.0,0.0982172191143035
0.3187244534492492,0.0002277794410474,0.0003958994930144,550.956812,480.270977,17.0,180.0,-42.301559,-85.835487,-0.0,-22.125,-180.0,0.0990423187613487
0.272532969713211,0.0002983315498568,0.0004804980126209,550.956812,480.270977,18.0,180.0,-42.301559,-85.835487,-0.0,-22.125,-180.0,0.0867117196321487
0.3142751455307007,0.0002831068704836,0.0004899597261101,550.956812,480.270977,19.0,180.0,-42.301559,-85.835487,-0.0,-22.125,-180.0,0.0972522348165512
0.2398130446672439,0.0001232650247402,0.0001702875306364,550.956812,480.270977,0.0,180.0,-42.301559,-85.835487,-0.0,-22.04,-180.0,0.0978519469499588
0.283767968416214,0.000108781568997,0.0001650183985475,550.956812,480.270977,1.0,180.0,-42.301559,-85.835487,-0.0,-22.04,-180.0,0.1118552461266517
0.2884456515312195,0.0001137764775194,0.0001756054407451,550.956812,480.270977,2.0,180.0,-42.301559,-85.835487,-0.0,-22.04,-180.0,0.1064639836549758
0.2716657221317291,0.0001400985929649,0.0002102669677697,550.956812,480.270977,3.0,180.0,-42.301559,-85.835487,-0.0,-22.04,-180.0,0.1105570420622825
0.2815459966659546,0.0001394681312376,0.0002106556639773,550.956812,480.270977,4.0,180.0,-42.301559,-85.835487,-0.0,-22.04,-180.0,0.0986978337168693
0.2620510756969452,0.000159900781,0.0002447101578582,550.956812,480.270977,5.0,180.0,-42.301559,-85.835487,-0.0,-22.04,-180.0,0.0854507833719253
0.2603973150253296,0.0001663819712121,0.0002505228912923,550.956812,480.270977,6.0,180.0,-42.301559,-85.835487,-0.0,-22.04,-180.0,0.0939933955669403
0.2323071658611297,0.0001967002026503,0.0002823251124937,550.956812,480.270977,7.0,180.0,-42.301559,-85.835487,-0.0,-22.04,-180.0,0.0847885161638259
0.2897575497627258,0.0001478102494729,0.0002344579988857,550.956812,480.270977,8.0,180.0,-42.301559,-85.835487,-0.0,-22.04,-180.0,0.1047880202531814
0.2883988618850708,0.0002109749621013,0.0003409925848245,550.956812,480.270977,9.0,180.0,-42.301559,-85.835487,-0.0,-22.04,-180.0,0.0953213274478912
0.3038707673549652,0.0002273866848554,0.0003816678072325,550.956812,480.270977,10.0,180.0,-42.301559,-85.835487,-0.0,-22.04,-180.0,0.1057194024324417
0.2744000554084778,0.0002190980158047,0.0003532061818987,550.956812,480.270977,11.0,180.0,-42.301559,-85.835487,-0.0,-22.04,-180.0,0.0897597521543502
0.2105327546596527,0.000293125049211,0.0004202884447295,550.956812,480.270977,12.0,180.0,-42.301559,-85.835487,-0.0,-22.04,-180.0,0.0681523084640502
0.2931189835071563,0.0002571217482909,0.000425545789767,550.956812,480.270977,13.0,180.0,-42.301559,-85.835487,-0.0,-22.04,-180.0,0.1029864102602005
0.2831062972545624,0.00027917989064,0.0004646118031814,550.956812,480.270977,14.0,180.0,-42.301559,-85.835487,-0.0,-22.04,-180.0,0.0932018160820007
0.2963544428348541,0.0002569755306467,0.0004343056352809,550.956812,480.270977,15.0,180.0,-42.301559,-85.835487,-0.0,-22.04,-180.0,0.0965565219521522
0.3185379803180694,0.0002818569482769,0.0004914380842819,550.956812,480.270977,16.0,180.0,-42.301559,-85.835487,-0.0,-22.04,-180.0,0.1120725944638252
0.3364027440547943,0.0002254458377137,0.0004066565015818,550.956812,480.270977,17.0,180.0,-42.301559,-85.835487,-0.0,-22.04,-180.0,0.1033339947462081
0.2986513078212738,0.0002891103795263,0.0004951122682541,550.956812,480.270977,18.0,180.0,-42.301559,-85.835487,-0.0,-22.04,-180.0,0.0985244438052177
0.3040131628513336,0.0002770957362372,0.0004812297993339,550.956812,480.270977,19.0,180.0,-42.301559,-85.835487,-0.0,-22.04,-180.0,0.1060464680194854
0.2273958623409271,0.0001068145575118,0.000125980557641,550.956812,480.270977,0.0,180.0,-42.301559,-85.835487,-0.0,-22.053,-180.0,0.0745393112301826
0.2870412766933441,8.786265971139073e-05,0.0001240532146766,550.956812,480.270977,1.0,180.0,-42.301559,-85.835487,-0.0,-22.053,-180.0,0.0954085886478424
0.2526625096797943,0.000126848972286,0.0001680977875366,550.956812,480.270977,2.0,180.0,-42.301559,-85.835487,-0.0,-22.053,-180.0,0.0824134796857833
0.2309801429510116,0.0001364637719234,0.0001662710274104,550.956812,480.270977,3.0,180.0,-42.301559,-85.835487,-0.0,-22.053,-180.0,0.0749345794320106
0.2947771847248077,0.0001225915912073,0.0001800074824132,550.956812,480.270977,4.0,180.0,-42.301559,-85.835487,-0.0,-22.053,-180.0,0.0929978117346763
0.2449616938829422,0.0001443270302843,0.0001909688871819,550.956812,480.270977,5.0,180.0,-42.301559,-85.835487,-0.0,-22.053,-180.0,0.0729008093476295
0.2515160739421844,0.0001538083452032,0.000211444494198,550.956812,480.270977,6.0,180.0,-42.301559,-85.835487,-0.0,-22.053,-180.0,0.0727410018444061
0.2223573476076126,0.000190194507013,0.0002483147545717,550.956812,480.270977,7.0,180.0,-42.301559,-85.835487,-0.0,-22.053,-180.0,0.0614563599228858
0.2392092496156692,0.0001959091750904,0.0002694588911253,550.956812,480.270977,8.0,180.0,-42.301559,-85.835487,-0.0,-22.053,-180.0,0.0750503838062286
0.2117103636264801,0.0002540965215303,0.0003196727775502,550.956812,480.270977,9.0,180.0,-42.301559,-85.835487,-0.0,-22.053,-180.0,0.0679858326911926
0.2694173753261566,0.0001791128015611,0.0002487468009348,550.956812,480.270977,10.0,180.0,-42.301559,-85.835487,-0.0,-22.053,-180.0,0.0820590034127235
0.2295183539390564,0.0002336556790396,0.0003131997655145,550.956812,480.270977,11.0,180.0,-42.301559,-85.835487,-0.0,-22.053,-180.0,0.072984330356121
0.2582144439220428,0.0002786344557534,0.0004015091690234,550.956812,480.270977,12.0,180.0,-42.301559,-85.835487,-0.0,-22.053,-180.0,0.0823116302490234
0.252729594707489,0.0002382136008236,0.0003384128503967,550.956812,480.270977,13.0,180.0,-42.301559,-85.835487,-0.0,-22.053,-180.0,0.0765813663601875
0.1379695683717727,0.0004254492232576,0.0005143594462424,550.956812,480.270977,14.0,180.0,-42.301559,-85.835487,-0.0,-22.053,-180.0,0.0474995709955692
0.2204989194869995,0.0003198722261004,0.0004413336573634,550.956812,480.270977,15.0,180.0,-42.301559,-85.835487,-0.0,-22.053,-180.0,0.077116847038269
0.2920403480529785,0.0002436877111904,0.0003850054054055,550.956812,480.270977,16.0,180.0,-42.301559,-85.835487,-0.0,-22.053,-180.0,0.0949067324399948
0.2641039788722992,0.0002629459777381,0.0003948230587411,550.956812,480.270977,17.0,180.0,-42.301559,-85.835487,-0.0,-22.053,-180.0,0.0851432159543037
0.298381894826889,0.0002832034078892,0.0004510837898124,550.956812,480.270977,18.0,180.0,-42.301559,-85.835487,-0.0,-22.053,-180.0,0.1004084944725036
0.3018387258052826,0.0002389360015513,0.0003851212677545,550.956812,480.270977,19.0,180.0,-42.301559,-85.835487,-0.0,-22.053,-180.0,0.0979628264904022
0.2550652623176574,0.0001393995044054,0.0001821207697503,550.956812,480.270977,0.0,180.0,-42.301559,-85.835487,-0.0,-22.053,-180.0,0.0925063714385032
0.220841959118843,0.0001653670769883,0.0002113087830366,550.956812,480.270977,1.0,180.0,-42.301559,-85.835487,-0.0,-22.053,-180.0,0.0826624780893325
0.2089932262897491,0.0001597264781594,0.0001980893721338,550.956812,480.270977,2.0,180.0,-42.301559,-85.835487,-0.0,-22.053,-180.0,0.0823108106851577
0.2555814385414123,0.0001321803429163,0.0001748150534695,550.956812,480.270977,3.0,180.0,-42.301559,-85.835487,-0.0,-22.053,-180.0,0.0855681970715522
0.2866639196872711,0.0001463177759433,0.0002099080447806,550.956812,480.270977,4.0,180.0,-42.301559,-85.835487,-0.0,-22.053,-180.0,0.095738299190998
0.2827151417732239,0.0001589882012922,0.0002317112375749,550.956812,480.270977,5.0,180.0,-42.301559,-85.835487,-0.0,-22.053,-180.0,0.0955000147223472
0.2559163272380829,0.0001839037577155,0.0002559243002906,550.956812,480.270977,6.0,180.0,-42.301559,-85.835487,-0.0,-22.053,-180.0,0.0909843817353248
0.2605775892734527,0.0001685271854512,0.0002339926431886,550.956812,480.270977,7.0,180.0,-42.301559,-85.835487,-0.0,-22.053,-180.0,0.0776206776499748
0.2541178464889526,0.0002024801942752,0.0002796564949676,550.956812,480.270977,8.0,180.0,-42.301559,-85.835487,-0.0,-22.053,-180.0,0.0780661702156066
0.3000084161758423,0.0001951001031557,0.0002929532492998,550.956812,480.270977,9.0,180.0,-42.301559,-85.835487,-0.0,-22.053,-180.0,0.0930032730102539
0.233711838722229,0.0002272578713018,0.0003026618796866,550.956812,480.270977,10.0,180.0,-42.301559,-85.835487,-0.0,-22.053,-180.0,0.0717334002256393
0.2651206254959106,0.0002302413922734,0.0003254904586356,550.956812,480.270977,11.0,180.0,-42.301559,-85.835487,-0.0,-22.053,-180.0,0.0860306844115257
0.3154924809932709,0.0002361851511523,0.0003753169730771,550.956812,480.270977,12.0,180.0,-42.301559,-85.835487,-0.0,-22.053,-180.0,0.1087247282266616
0.3147361278533935,0.0002214206033386,0.0003550489491317,550.956812,480.270977,13.0,180.0,-42.301559,-85.835487,-0.0,-22.053,-180.0,0.1023702844977378
0.3019527494907379,0.0002428004954708,0.0003842778096441,550.956812,480.270977,14.0,180.0,-42.301559,-85.835487,-0.0,-22.053,-180.0,0.094728872179985
0.2448453903198242,0.0002559624554123,0.0003652352024801,550.956812,480.270977,15.0,180.0,-42.301559,-85.835487,-0.0,-22.053,-180.0,0.0859254077076911
0.2711415886878967,0.0002502413990441,0.0003751677577383,550.956812,480.270977,16.0,180.0,-42.301559,-85.835487,-0.0,-22.053,-180.0,0.0910704806447029
0.2580194473266601,0.000376626412617,0.0005659903981722,550.956812,480.270977,17.0,180.0,-42.301559,-85.835487,-0.0,-22.053,-180.0,0.0936424061655998
0.2736066877841949,0.0003103272174485,0.0004812949919141,550.956812,480.270977,18.0,180.0,-42.301559,-85.835487,-0.0,-22.053,-180.0,0.0973876640200614
0.2656500339508056,0.0002934277872554,0.0004506233963184,550.956812,480.270977,19.0,180.0,-42.301559,-85.835487,-0.0,-22.053,-180.0,0.092194452881813
0.2449656724929809,0.0001107743955799,0.0001427703682566,550.956812,480.270977,0.0,180.0,-42.301559,-85.835487,-0.0,-22.014,-180.0,0.0925799757242202
0.2682441771030426,0.0001220764679601,0.0001695088431006,550.956812,480.270977,1.0,180.0,-42.301559,-85.835487,-0.0,-22.014,-180.0,0.1010272726416587
0.2416436225175857,0.0001503231469541,0.0001975313934963,550.956812,480.270977,2.0,180.0,-42.301559,-85.835487,-0.0,-22.014,-180.0,0.0972354114055633
0.2474498152732849,0.000144240737427,0.0001922461378853,550.956812,480.270977,3.0,180.0,-42.301559,-85.835487,-0.0,-22.014,-180.0,0.0926664546132087
0.2116663008928299,0.0001874963199952,0.0002398088545305,550.956812,480.270977,4.0,180.0,-42.301559,-85.835487,-0.0,-22.014,-180.0,0.0850719809532165
0.3324211835861206,0.0001190763214253,0.0001944030955201,550.956812,480.270977,5.0,180.0,-42.301559,-85.835487,-0.0,-22.014,-180.0,0.1196748539805412
0.2997967600822449,0.0001755947305355,0.0002791918814182,550.956812,480.270977,6.0,180.0,-42.301559,-85.835487,-0.0,-22.014,-180.0,0.1056646928191185
0.2770161926746368,0.0001528901484562,0.0002255143190268,550.956812,480.270977,7.0,180.0,-42.301559,-85.835487,-0.0,-22.014,-180.0,0.0949101448059082
0.2206903100013733,0.0002273079153383,0.0003183256194461,550.956812,480.270977,8.0,180.0,-42.301559,-85.835487,-0.0,-22.014,-180.0,0.0804191976785659
0.3271578848361969,0.0001703925809124,0.0002865843707695,550.956812,480.270977,9.0,180.0,-42.301559,-85.835487,-0.0,-22.014,-180.0,0.1115346625447273
0.2609100341796875,0.0001700181455817,0.0002414528862573,550.956812,480.270977,10.0,180.0,-42.301559,-85.835487,-0.0,-22.014,-180.0,0.0763633176684379
0.2803113460540771,0.0002163214667234,0.0003286228457,550.956812,480.270977,11.0,180.0,-42.301559,-85.835487,-0.0,-22.014,-180.0,0.0866864770650863
0.2877198159694671,0.0001997170911636,0.0003062369360122,550.956812,480.270977,12.0,180.0,-42.301559,-85.835487,-0.0,-22.014,-180.0,0.0832277685403823
0.2706339955329895,0.0003149526601191,0.0004915434401482,550.956812,480.270977,13.0,180.0,-42.301559,-85.835487,-0.0,-22.014,-180.0,0.095960184931755
0.2128827273845672,0.0003109695680905,0.0004344657936599,550.956812,480.270977,14.0,180.0,-42.301559,-85.835487,-0.0,-22.014,-180.0,0.0714930593967437
0.305614709854126,0.0002461589174345,0.0004036527534481,550.956812,480.270977,15.0,180.0,-42.301559,-85.835487,-0.0,-22.014,-180.0,0.1034176051616668
0.3292296528816223,0.000217309439904,0.0003711240715347,550.956812,480.270977,16.0,180.0,-42.301559,-85.835487,-0.0,-22.014,-180.0,0.1043468490242958
0.3175263404846191,0.0002270119584864,0.0003875939291901,550.956812,480.270977,17.0,180.0,-42.301559,-85.835487,-0.0,-22.014,-180.0,0.1028969883918762
0.2749935686588287,0.0003138210158795,0.0005063329008407,550.956812,480.270977,18.0,180.0,-42.301559,-85.835487,-0.0,-22.014,-180.0,0.0952742397785186
0.2906931042671203,0.0002812262391671,0.0004621919651981,550.956812,480.270977,19.0,180.0,-42.301559,-85.835487,-0.0,-22.014,-180.0,0.0999359786510467
0.2845852971076965,9.207047696691006e-05,0.000128118408611,550.956812,480.270977,0.0,180.0,-42.301559,-85.835487,-0.0,-21.954,-180.0,0.1067548915743827
0.3158187568187713,9.039283759193496e-05,0.0001303834869759,550.956812,480.270977,1.0,180.0,-42.301559,-85.835487,-0.0,-21.954,-180.0,0.1083136945962905
0.2410349249839782,0.0001526813139207,0.0001905788085423,550.956812,480.270977,2.0,180.0,-42.301559,-85.835487,-0.0,-21.954,-180.0,0.0903806313872337
0.2833317518234253,0.0001359970628982,0.0001945031690411,550.956812,480.270977,3.0,180.0,-42.301559,-85.835487,-0.0,-21.954,-180.0,0.1097634062170982
0.2820686101913452,0.0001377537264488,0.0001982511894311,550.956812,480.270977,4.0,180.0,-42.301559,-85.835487,-0.0,-21.954,-180.0,0.1022815778851509
0.2061976939439773,0.0001982782559935,0.0002332234726054,550.956812,480.270977,5.0,180.0,-42.301559,-85.835487,-0.0,-21.954,-180.0,0.0809173956513404
0.2394225001335144,0.0002031312906183,0.0002613496326375,550.956812,480.270977,6.0,180.0,-42.301559,-85.835487,-0.0,-21.954,-180.0,0.0816844776272773
0.2192765027284622,0.0002526093448977,0.0003389571502339,550.956812,480.270977,7.0,180.0,-42.301559,-85.835487,-0.0,-21.954,-180.0,0.0864808857440948
0.3350888788700104,0.0001527084241388,0.0002553402155172,550.956812,480.270977,8.0,180.0,-42.301559,-85.835487,-0.0,-21.954,-180.0,0.1097767651081085
0.2971021831035614,0.0002098415570799,0.0003304886049591,550.956812,480.270977,9.0,180.0,-42.301559,-85.835487,-0.0,-21.954,-180.0,0.1069566160440445
0.3180806040763855,0.0001692970836302,0.0002762963122222,550.956812,480.270977,10.0,180.0,-42.301559,-85.835487,-0.0,-21.954,-180.0,0.1009306982159614
0.2722042500972748,0.0002268332173116,0.0003404426097404,550.956812,480.270977,11.0,180.0,-42.301559,-85.835487,-0.0,-21.954,-180.0,0.0800932869315147
0.262682557106018,0.0002748065744526,0.0004148289444856,550.956812,480.270977,12.0,180.0,-42.301559,-85.835487,-0.0,-21.954,-180.0,0.0946768373250961
0.2836557030677795,0.0002505611337255,0.0003826805914286,550.956812,480.270977,13.0,180.0,-42.301559,-85.835487,-0.0,-21.954,-180.0,0.0968224331736564
0.2678321003913879,0.0002669338427949,0.0004046205722261,550.956812,480.270977,14.0,180.0,-42.301559,-85.835487,-0.0,-21.954,-180.0,0.0862276256084442
0.2115374058485031,0.0003175422607455,0.0004308151837904,550.956812,480.270977,15.0,180.0,-42.301559,-85.835487,-0.0,-21.954,-180.0,0.0652778372168541
0.2304401844739914,0.0003394666709937,0.0004870501579716,550.956812,480.270977,16.0,180.0,-42.301559,-85.835487,-0.0,-21.954,-180.0,0.0779355987906456
0.3109994828701019,0.0002557256375439,0.0004246621683705,550.956812,480.270977,17.0,180.0,-42.301559,-85.835487,-0.0,-21.954,-180.0,0.0978066325187683
0.3178901970386505,0.0002746100653894,0.0004662160063162,550.956812,480.270977,18.0,180.0,-42.301559,-85.835487,-0.0,-21.954,-180.0,0.1080415248870849
0.3608156442642212,0.0002251587575301,0.0004123786056879,550.956812,480.270977,19.0,180.0,-42.301559,-85.835487,-0.0,-21.954,-180.0,0.1127323880791664
0.2851237952709198,9.863191371550784e-05,0.0001358701701974,550.956812,480.270977,0.0,180.0,-42.301559,-85.835487,-0.0,-21.938,-180.0,0.1034340634942054
0.2599133551120758,0.0001231788628501,0.0001635497756069,550.956812,480.270977,1.0,180.0,-42.301559,-85.835487,-0.0,-21.938,-180.0,0.0950740054249763
0.3067890107631683,0.0001020879426505,0.0001532268215669,550.956812,480.270977,2.0,180.0,-42.301559,-85.835487,-0.0,-21.938,-180.0,0.1079399809241294
0.3155857026576996,8.668629743624479e-05,0.0001319079019594,550.956812,480.270977,3.0,180.0,-42.301559,-85.835487,-0.0,-21.938,-180.0,0.100596860051155
0.3377000689506531,0.0001070031503331,0.0001767182402545,550.956812,480.270977,4.0,180.0,-42.301559,-85.835487,-0.0,-21.938,-180.0,0.1128194257616996
0.3001733124256134,0.0001296796690439,0.000195851229364,550.956812,480.270977,5.0,180.0,-42.301559,-85.835487,-0.0,-21.938,-180.0,0.0943418517708778
0.2768095731735229,0.0001789350790204,0.0002624458575155,550.956812,480.270977,6.0,180.0,-42.301559,-85.835487,-0.0,-21.938,-180.0,0.0921161770820617
0.3039162755012512,0.000131208798848,0.0002014364290516,550.956812,480.270977,7.0,180.0,-42.301559,-85.835487,-0.0,-21.938,-180.0,0.0996890366077423
0.2628365457057953,0.0001875943125924,0.0002669141395017,550.956812,480.270977,8.0,180.0,-42.301559,-85.835487,-0.0,-21.938,-180.0,0.0854639112949371
0.2843961417675018,0.000195388769498,0.0002924095606431,550.956812,480.270977,9.0,180.0,-42.301559,-85.835487,-0.0,-21.938,-180.0,0.0891400724649429
0.2946025729179382,0.000196645152755,0.0003094273852184,550.956812,480.270977,10.0,180.0,-42.301559,-85.835487,-0.0,-21.938,-180.0,0.0953861996531486
0.2790311574935913,0.000230399382417,0.0003592817229218,550.956812,480.270977,11.0,180.0,-42.301559,-85.835487,-0.0,-21.938,-180.0,0.0897469595074653
0.2328168749809265,0.0002825992996804,0.0004071319126524,550.956812,480.270977,12.0,180.0,-42.301559,-85.835487,-0.0,-21.938,-180.0,0.0711673945188522
0.2361478358507156,0.0002723525394685,0.0003902298340108,550.956812,480.270977,13.0,180.0,-42.301559,-85.835487,-0.0,-21.938,-180.0,0.0699684470891952
0.2547390460968017,0.0002517164393793,0.0003665048570837,550.956812,480.270977,14.0,180.0,-42.301559,-85.835487,-0.0,-21.938,-180.0,0.0725885704159736
0.2542182505130768,0.0002791556180454,0.0004123619874008,550.956812,480.270977,15.0,180.0,-42.301559,-85.835487,-0.0,-21.938,-180.0,0.0829473137855529
0.27072674036026,0.0002517078246455,0.000389357941458,550.956812,480.270977,16.0,180.0,-42.301559,-85.835487,-0.0,-21.938,-180.0,0.0788178369402885
0.2667475640773773,0.0002955431409645,0.0004527648561634,550.956812,480.270977,17.0,180.0,-42.301559,-85.835487,-0.0,-21.938,-180.0,0.0837402120232582
0.2700362503528595,0.0002917611273005,0.0004521133669186,550.956812,480.270977,18.0,180.0,-42.301559,-85.835487,-0.0,-21.938,-180.0,0.0894216001033783
0.3008748292922973,0.0002219819289166,0.00036517821718,550.956812,480.270977,19.0,180.0,-42.301559,-85.835487,-0.0,-21.938,-180.0,0.092874027788639
0.2045833170413971,0.0001533730101073,0.0001842201309045,550.956812,480.270977,0.0,180.0,-42.301559,-85.835487,-0.0,-21.888,-180.0,0.0724795088171958
0.2047709971666336,0.0001666025782469,0.0002074575022561,550.956812,480.270977,1.0,180.0,-42.301559,-85.835487,-0.0,-21.888,-180.0,0.0762506276369094
0.2961491644382477,0.0001101016241591,0.0001600129762664,550.956812,480.270977,2.0,180.0,-42.301559,-85.835487,-0.0,-21.888,-180.0,0.1119037047028541
0.2993438243865967,0.0001030346102197,0.0001552998146507,550.956812,480.270977,3.0,180.0,-42.301559,-85.835487,-0.0,-21.888,-180.0,0.09612438082695
0.2304489910602569,0.0001913833257276,0.0002616532437968,550.956812,480.270977,4.0,180.0,-42.301559,-85.835487,-0.0,-21.888,-180.0,0.0751300901174545
0.2685035169124603,0.0001551935420138,0.000221112233703,550.956812,480.270977,5.0,180.0,-42.301559,-85.835487,-0.0,-21.888,-180.0,0.087557703256607
0.3124566376209259,0.0001347858051303,0.0002115724055329,550.956812,480.270977,6.0,180.0,-42.301559,-85.835487,-0.0,-21.888,-180.0,0.0989680886268615
0.2789745330810547,0.0001512604794697,0.000228426157264,550.956812,480.270977,7.0,180.0,-42.301559,-85.835487,-0.0,-21.888,-180.0,0.0912081152200698
0.3016097545623779,0.0001460675557609,0.0002212958061136,550.956812,480.270977,8.0,180.0,-42.301559,-85.835487,-0.0,-21.888,-180.0,0.0868974477052688
0.2911005318164825,0.0002015314385062,0.0003110436664428,550.956812,480.270977,9.0,180.0,-42.301559,-85.835487,-0.0,-21.888,-180.0,0.0939623042941093
0.2745489478111267,0.0001888092228909,0.0002840101078618,550.956812,480.270977,10.0,180.0,-42.301559,-85.835487,-0.0,-21.888,-180.0,0.0875249579548835
0.2822646796703338,0.0002158237039111,0.0003331879852339,550.956812,480.270977,11.0,180.0,-42.301559,-85.835487,-0.0,-21.888,-180.0,0.0915121808648109
0.2955942749977112,0.0002185198536608,0.0003433479287195,550.956812,480.270977,12.0,180.0,-42.301559,-85.835487,-0.0,-21.888,-180.0,0.0924562066793441
0.2607024013996124,0.0002512939972802,0.0003696414933074,550.956812,480.270977,13.0,180.0,-42.301559,-85.835487,-0.0,-21.888,-180.0,0.0797597914934158
0.2279491871595382,0.0002832236059475,0.0004026210226584,550.956812,480.270977,14.0,180.0,-42.301559,-85.835487,-0.0,-21.888,-180.0,0.0726804509758949
0.199904978275299,0.0003308868908789,0.0004561900859698,550.956812,480.270977,15.0,180.0,-42.301559,-85.835487,-0.0,-21.888,-180.0,0.0630078762769699
0.2334721982479095,0.000315993791446,0.0004499925707932,550.956812,480.270977,16.0,180.0,-42.301559,-85.835487,-0.0,-21.888,-180.0,0.076112687587738
0.3232175707817077,0.0002624120970722,0.0004467923135962,550.956812,480.270977,17.0,180.0,-42.301559,-85.835487,-0.0,-21.888,-180.0,0.1054357588291168
0.2575404047966003,0.0002508840407244,0.0003878074057865,550.956812,480.270977,18.0,180.0,-42.301559,-85.835487,-0.0,-21.888,-180.0,0.0801866427063942
0.33360755443573,0.00025576853659,0.0004437715979292,550.956812,480.270977,19.0,180.0,-42.301559,-85.835487,-0.0,-21.888,-180.0,0.1090060397982597
0.3132856488227844,8.424189582001418e-05,0.0001287255145143,550.956812,480.270977,0.0,180.0,-42.301559,-85.835487,-0.0,-21.827,-180.0,0.1045201271772384
0.2268103659152984,0.0001186801309813,0.0001459711638744,550.956812,480.270977,1.0,180.0,-42.301559,-85.835487,-0.0,-21.827,-180.0,0.0704245865345001
0.2990145087242126,0.0001040689385263,0.0001509734283899,550.956812,480.270977,2.0,180.0,-42.301559,-85.835487,-0.0,-21.827,-180.0,0.0967363193631172
0.2334726154804229,0.0001697868428891,0.0002230044774478,550.956812,480.270977,3.0,180.0,-42.301559,-85.835487,-0.0,-21.827,-180.0,0.085110992193222
0.2883987724781036,0.0001242117432411,0.0001730991207296,550.956812,480.270977,4.0,180.0,-42.301559,-85.835487,-0.0,-21.827,-180.0,0.0962803438305854
0.3018311560153961,0.0001328436192125,0.0001970574667211,550.956812,480.270977,5.0,180.0,-42.301559,-85.835487,-0.0,-21.827,-180.0,0.097712717950344
0.2576879858970642,0.0001814024872146,0.0002543469599913,550.956812,480.270977,6.0,180.0,-42.301559,-85.835487,-0.0,-21.827,-180.0,0.08132204413414
0.2825406491756439,0.0001559494121465,0.0002294835430802,550.956812,480.270977,7.0,180.0,-42.301559,-85.835487,-0.0,-21.827,-180.0,0.0899323374032974
0.2702678442001343,0.0001828341191867,0.0002587637573014,550.956812,480.270977,8.0,180.0,-42.301559,-85.835487,-0.0,-21.827,-180.0,0.078223593533039
0.1826479732990265,0.0002667624503374,0.0003345065633766,550.956812,480.270977,9.0,180.0,-42.301559,-85.835487,-0.0,-21.827,-180.0,0.0566596798598766
0.2242880463600158,0.0002208166406489,0.0002814827021211,550.956812,480.270977,10.0,180.0,-42.301559,-85.835487,-0.0,-21.827,-180.0,0.0763860642910003
0.2824904918670654,0.0002141020377166,0.0003229922731406,550.956812,480.270977,11.0,180.0,-42.301559,-85.835487,-0.0,-21.827,-180.0,0.0908152312040329
0.2468545287847519,0.0002687280939426,0.0003885151527356,550.956812,480.270977,12.0,180.0,-42.301559,-85.835487,-0.0,-21.827,-180.0,0.0740005001425743
0.2723523378372192,0.0002223522897111,0.0003273930342402,550.956812,480.270977,13.0,180.0,-42.301559,-85.835487,-0.0,-21.827,-180.0,0.0819182395935058
0.2414863556623459,0.000294974859571,0.0004249760822858,550.956812,480.270977,14.0,180.0,-42.301559,-85.835487,-0.0,-21.827,-180.0,0.0753954723477363
0.2487871497869491,0.0002660979225765,0.0003839846467599,550.956812,480.270977,15.0,180.0,-42.301559,-85.835487,-0.0,-21.827,-180.0,0.0730469524860382
0.2629605829715729,0.0002957091201096,0.0004469559062272,550.956812,480.270977,16.0,180.0,-42.301559,-85.835487,-0.0,-21.827,-180.0,0.0833247601985931
0.2995055913925171,0.0002476478985045,0.000396586372517,550.956812,480.270977,17.0,180.0,-42.301559,-85.835487,-0.0,-21.827,-180.0,0.0951517894864082
0.2958073318004608,0.0002339107159059,0.0003766574955079,550.956812,480.270977,18.0,180.0,-42.301559,-85.835487,-0.0,-21.827,-180.0,0.0981171578168869
0.3198184072971344,0.0002482584386598,0.000416694645537,550.956812,480.270977,19.0,180.0,-42.301559,-85.835487,-0.0,-21.827,-180.0,0.1072804033756256
0.2727178633213043,9.258639329345895e-05,0.0001299088471569,550.956812,480.270977,0.0,180.0,-42.301559,-85.835487,-0.0,-21.861,-180.0,0.0942852571606636
0.2719210088253021,0.0001147070506704,0.0001610700419405,550.956812,480.270977,1.0,180.0,-42.301559,-85.835487,-0.0,-21.861,-180.0,0.1018740683794021
0.2571130990982055,0.000147454047692,0.0002104281302308,550.956812,480.270977,2.0,180.0,-42.301559,-85.835487,-0.0,-21.861,-180.0,0.0981315970420837
0.3058089315891266,0.0001255732640856,0.0001939370849868,550.956812,480.270977,3.0,180.0,-42.301559,-85.835487,-0.0,-21.861,-180.0,0.1053985580801963
0.2398409098386764,0.0001422029163222,0.0001907685073092,550.956812,480.270977,4.0,180.0,-42.301559,-85.835487,-0.0,-21.861,-180.0,0.0763389766216278
0.2479054480791092,0.0001733913086354,0.0002433334448141,550.956812,480.270977,5.0,180.0,-42.301559,-85.835487,-0.0,-21.861,-180.0,0.0850424990057945
0.2378133833408355,0.0001860438351286,0.0002545161114539,550.956812,480.270977,6.0,180.0,-42.301559,-85.835487,-0.0,-21.861,-180.0,0.0792558714747428
0.2703812420368194,0.00016730207426,0.0002494408108759,550.956812,480.270977,7.0,180.0,-42.301559,-85.835487,-0.0,-21.861,-180.0,0.0933365598320961
0.2558073401451111,0.0001816924777813,0.0002612984098959,550.956812,480.270977,8.0,180.0,-42.301559,-85.835487,-0.0,-21.861,-180.0,0.083157293498516
0.2101305574178695,0.0002525199670344,0.0003380569105502,550.956812,480.270977,9.0,180.0,-42.301559,-85.835487,-0.0,-21.861,-180.0,0.0662619471549987
0.2529366612434387,0.0002301756467204,0.0003274200716987,550.956812,480.270977,10.0,180.0,-42.301559,-85.835487,-0.0,-21.861,-180.0,0.0833126455545425
0.2815296053886413,0.0002381530066486,0.0003741329419426,550.956812,480.270977,11.0,180.0,-42.301559,-85.835487,-0.0,-21.861,-180.0,0.1011037081480026
0.3232606947422027,0.0002374570758547,0.0004011327109765,550.956812,480.270977,12.0,180.0,-42.301559,-85.835487,-0.0,-21.861,-180.0,0.1056245863437652
0.3069318532943725,0.0002652325492817,0.0004325687768869,550.956812,480.270977,13.0,180.0,-42.301559,-85.835487,-0.0,-21.861,-180.0,0.1062051802873611
0.340899109840393,0.0002358024794375,0.0004090096917934,550.956812,480.270977,14.0,180.0,-42.301559,-85.835487,-0.0,-21.861,-180.0,0.1161194890737533
0.3014772832393646,0.0002814896288327,0.0004586690338328,550.956812,480.270977,15.0,180.0,-42.301559,-85.835487,-0.0,-21.861,-180.0,0.09882153570652
0.2845124900341034,0.0002757009933702,0.0004458158800844,550.956812,480.270977,16.0,180.0,-42.301559,-85.835487,-0.0,-21.861,-180.0,0.1006300747394561
0.2757152318954468,0.0002721172641031,0.0004298607527744,550.956812,480.270977,17.0,180.0,-42.301559,-85.835487,-0.0,-21.861,-180.0,0.0920243933796882
0.2618223130702972,0.0003243564860895,0.0005056337686255,550.956812,480.270977,18.0,180.0,-42.301559,-85.835487,-0.0,-21.861,-180.0,0.0907248333096504
0.3015274703502655,0.0002672210393939,0.0004453398578334,550.956812,480.270977,19.0,180.0,-42.301559,-85.835487,-0.0,-21.861,-180.0,0.1050287410616874
0.2778448760509491,0.0001116769926738,0.0001603473356226,550.956812,480.270977,0.0,180.0,-42.301559,-85.835487,-0.0,-21.82,-180.0,0.1071910262107849
0.3284507691860199,9.822886204347014e-05,0.000157103233505,550.956812,480.270977,1.0,180.0,-42.301559,-85.835487,-0.0,-21.82,-180.0,0.1215119138360023
0.2201374024152755,0.0001388055097777,0.0001809988898457,550.956812,480.270977,2.0,180.0,-42.301559,-85.835487,-0.0,-21.82,-180.0,0.0775395035743713
0.2696982324123382,0.0001377138833049,0.0001975256163859,550.956812,480.270977,3.0,180.0,-42.301559,-85.835487,-0.0,-21.82,-180.0,0.1030850037932396
0.2411157637834549,0.0001864265213953,0.0002607007336337,550.956812,480.270977,4.0,180.0,-42.301559,-85.835487,-0.0,-21.82,-180.0,0.0951429530978202
0.2911866903305053,0.0001443963992642,0.0002175852423533,550.956812,480.270977,5.0,180.0,-42.301559,-85.835487,-0.0,-21.82,-180.0,0.1025262326002121
0.2717910706996918,0.0001740697043715,0.0002583343302831,550.956812,480.270977,6.0,180.0,-42.301559,-85.835487,-0.0,-21.82,-180.0,0.0984635725617408
0.2825797796249389,0.0001735796831781,0.0002636144054122,550.956812,480.270977,7.0,180.0,-42.301559,-85.835487,-0.0,-21.82,-180.0,0.0960569754242897
0.2829831838607788,0.000200229085749,0.0003062082105316,550.956812,480.270977,8.0,180.0,-42.301559,-85.835487,-0.0,-21.82,-180.0,0.098917655646801
0.2743901312351227,0.0002054312644759,0.0003094795683864,550.956812,480.270977,9.0,180.0,-42.301559,-85.835487,-0.0,-21.82,-180.0,0.0920285806059837
0.3249207437038421,0.0002009667805396,0.0003347159654367,550.956812,480.270977,10.0,180.0,-42.301559,-85.835487,-0.0,-21.82,-180.0,0.1028305813670158
0.2394776940345764,0.0002820419031195,0.0004124338447581,550.956812,480.270977,11.0,180.0,-42.301559,-85.835487,-0.0,-21.82,-180.0,0.0756251290440559
0.2154416292905807,0.0002394905895926,0.0003220655489712,550.956812,480.270977,12.0,180.0,-42.301559,-85.835487,-0.0,-21.82,-180.0,0.069975160062313
0.2964248061180115,0.0002324806555407,0.0003716696810442,550.956812,480.270977,13.0,180.0,-42.301559,-85.835487,-0.0,-21.82,-180.0,0.1012930124998092
0.2952679693698883,0.0002474166685715,0.0003926213830709,550.956812,480.270977,14.0,180.0,-42.301559,-85.835487,-0.0,-21.82,-180.0,0.094301626086235
0.2856791317462921,0.0002878035302273,0.0004589411546476,550.956812,480.270977,15.0,180.0,-42.301559,-85.835487,-0.0,-21.82,-180.0,0.0961612686514854
0.2829700410366058,0.0002843125839717,0.0004578618099913,550.956812,480.270977,16.0,180.0,-42.301559,-85.835487,-0.0,-21.82,-180.0,0.0913218855857849
0.3139947056770324,0.0002761491632554,0.0004673979710787,550.956812,480.270977,17.0,180.0,-42.301559,-85.835487,-0.0,-21.82,-180.0,0.1070582792162895
0.3258117735385895,0.0002739858173299,0.0004748337087221,550.956812,480.270977,18.0,180.0,-42.301559,-85.835487,-0.0,-21.82,-180.0,0.1086197271943092
0.3335130214691162,0.0002439236704958,0.0004298110434319,550.956812,480.270977,19.0,180.0,-42.301559,-85.835487,-0.0,-21.82,-180.0,0.1133938804268837
0.2607197165489197,0.0001283649617107,0.0001772480900399,550.956812,480.270977,0.0,180.0,-42.301559,-85.835487,-0.0,-21.699,-180.0,0.0988180562853813
0.3021923303604126,0.0001067104676621,0.0001600613031769,550.956812,480.270977,1.0,180.0,-42.301559,-85.835487,-0.0,-21.699,-180.0,0.1125268340110778
0.1760952174663543,0.0001928299316205,0.0002312140131834,550.956812,480.270977,2.0,180.0,-42.301559,-85.835487,-0.0,-21.699,-180.0,0.0668951719999313
0.2203030437231063,0.000195321481442,0.0002500884293112,550.956812,480.270977,3.0,180.0,-42.301559,-85.835487,-0.0,-21.699,-180.0,0.0887609273195266
0.2630183100700378,0.0001604433782631,0.0002313560980837,550.956812,480.270977,4.0,180.0,-42.301559,-85.835487,-0.0,-21.699,-180.0,0.0958635210990905
0.2817113399505615,0.0001383558119414,0.0002037780504906,550.956812,480.270977,5.0,180.0,-42.301559,-85.835487,-0.0,-21.699,-180.0,0.0916588529944419
0.2492449730634689,0.0001730727090034,0.0002458883391227,550.956812,480.270977,6.0,180.0,-42.301559,-85.835487,-0.0,-21.699,-180.0,0.0887660384178161
0.2962566614151001,0.00017073356139,0.0002648810041137,550.956812,480.270977,7.0,180.0,-42.301559,-85.835487,-0.0,-21.699,-180.0,0.0999914556741714
0.2556118965148926,0.0001857973693404,0.0002591789816506,550.956812,480.270977,8.0,180.0,-42.301559,-85.835487,-0.0,-21.699,-180.0,0.0841609314084053
0.2559649050235748,0.000210888829315,0.0003018896386492,550.956812,480.270977,9.0,180.0,-42.301559,-85.835487,-0.0,-21.699,-180.0,0.0803483873605728
0.2327750921249389,0.0002037711383309,0.0002701664634514,550.956812,480.270977,10.0,180.0,-42.301559,-85.835487,-0.0,-21.699,-180.0,0.0690132975578308
0.243400827050209,0.0002301816130056,0.0003210153081454,550.956812,480.270977,11.0,180.0,-42.301559,-85.835487,-0.0,-21.699,-180.0,0.0752466320991516
0.1890855580568313,0.0003953157865907,0.0005270466790534,550.956812,480.270977,12.0,180.0,-42.301559,-85.835487,-0.0,-21.699,-180.0,0.069372184574604
0.2471194863319397,0.0002743390505202,0.0004011550627183,550.956812,480.270977,13.0,180.0,-42.301559,-85.835487,-0.0,-21.699,-180.0,0.0864758044481277
0.2824742496013641,0.000287154020043,0.0004493597662076,550.956812,480.270977,14.0,180.0,-42.301559,-85.835487,-0.0,-21.699,-180.0,0.0970668047666549
0.2904478907585144,0.000284324545646,0.0004482314107008,550.956812,480.270977,15.0,180.0,-42.301559,-85.835487,-0.0,-21.699,-180.0,0.0919446721673011
0.2699663341045379,0.0002496637171134,0.0003810944326687,550.956812,480.270977,16.0,180.0,-42.301559,-85.835487,-0.0,-21.699,-180.0,0.0860450714826583
0.2984540462493896,0.0002754103334154,0.0004459242918528,550.956812,480.270977,17.0,180.0,-42.301559,-85.835487,-0.0,-21.699,-180.0,0.0974080264568328
0.2915413677692413,0.0002820015070028,0.0004516994522418,550.956812,480.270977,18.0,180.0,-42.301559,-85.835487,-0.0,-21.699,-180.0,0.0992015451192855
0.2859409153461456,0.0002845770213752,0.0004540978407021,550.956812,480.270977,19.0,180.0,-42.301559,-85.835487,-0.0,-21.699,-180.0,0.1045114919543266
0.2752021849155426,0.0001394135178998,0.000202587354579,550.956812,480.270977,0.0,180.0,-42.301559,-85.835487,-0.0,-21.708,-180.0,0.1077889278531074
0.2839177250862121,0.0001161054460681,0.0001705601025605,550.956812,480.270977,1.0,180.0,-42.301559,-85.835487,-0.0,-21.708,-180.0,0.1066269427537918
0.3136494159698486,0.0001171102921944,0.0001867880055215,550.956812,480.270977,2.0,180.0,-42.301559,-85.835487,-0.0,-21.708,-180.0,0.1131260097026825
0.2571578323841095,0.0001529512519482,0.00021646899404,550.956812,480.270977,3.0,180.0,-42.301559,-85.835487,-0.0,-21.708,-180.0,0.0870128646492958
0.2085969299077987,0.0001588156592333,0.0002060463593807,550.956812,480.270977,4.0,180.0,-42.301559,-85.835487,-0.0,-21.708,-180.0,0.0671465098857879
0.2532220184803009,0.0001535240007797,0.0002177292481064,550.956812,480.270977,5.0,180.0,-42.301559,-85.835487,-0.0,-21.708,-180.0,0.0962370857596397
0.2731279730796814,0.0001803943450795,0.0002726080710999,550.956812,480.270977,6.0,180.0,-42.301559,-85.835487,-0.0,-21.708,-180.0,0.096010573208332
0.2204326689243316,0.0001988152071135,0.000272418721579,550.956812,480.270977,7.0,180.0,-42.301559,-85.835487,-0.0,-21.708,-180.0,0.0724363923072815
0.2865330576896667,0.000167734833667,0.0002559482236392,550.956812,480.270977,8.0,180.0,-42.301559,-85.835487,-0.0,-21.708,-180.0,0.0974538773298263
0.24219711124897,0.0002573673555161,0.0003803959407377,550.956812,480.270977,9.0,180.0,-42.301559,-85.835487,-0.0,-21.708,-180.0,0.0843301936984062
0.2811192572116852,0.0002281962370034,0.0003482562315184,550.956812,480.270977,10.0,180.0,-42.301559,-85.835487,-0.0,-21.708,-180.0,0.0943528935313224
0.2314514964818954,0.0002625773195177,0.0003795708762481,550.956812,480.270977,11.0,180.0,-42.301559,-85.835487,-0.0,-21.708,-180.0,0.0795594379305839
0.2290260642766952,0.0002497406676411,0.000349504436599,550.956812,480.270977,12.0,180.0,-42.301559,-85.835487,-0.0,-21.708,-180.0,0.0764738991856575
0.2434341460466385,0.0002649318776093,0.0003879542346112,550.956812,480.270977,13.0,180.0,-42.301559,-85.835487,-0.0,-21.708,-180.0,0.083941213786602
0.2826401889324188,0.0003156595048494,0.0005012788460589,550.956812,480.270977,14.0,180.0,-42.301559,-85.835487,-0.0,-21.708,-180.0,0.0995623469352722
0.2538551986217499,0.0002617421268951,0.000395530834794,550.956812,480.270977,15.0,180.0,-42.301559,-85.835487,-0.0,-21.708,-180.0,0.0873413681983947
0.23146453499794,0.0002855704224202,0.0004200840485282,550.956812,480.270977,16.0,180.0,-42.301559,-85.835487,-0.0,-21.708,-180.0,0.0812254920601844
0.2403569817543029,0.0002928222820628,0.0004410386027302,550.956812,480.270977,17.0,180.0,-42.301559,-85.835487,-0.0,-21.708,-180.0,0.0798518061637878
0.2883266508579254,0.0002655370917636,0.0004270806966815,550.956812,480.270977,18.0,180.0,-42.301559,-85.835487,-0.0,-21.708,-180.0,0.0949127972126007
0.2811111807823181,0.0002885689609684,0.0004672445356845,550.956812,480.270977,19.0,180.0,-42.301559,-85.835487,-0.0,-21.708,-180.0,0.1010328829288482
0.2126853913068771,0.0001401001063641,0.0001715637044981,550.956812,480.270977,0.0,180.0,-42.301559,-85.835487,-0.0,-21.65,-180.0,0.0828794538974762
0.2167422175407409,0.0001674073864705,0.0002234499115729,550.956812,480.270977,1.0,180.0,-42.301559,-85.835487,-0.0,-21.65,-180.0,0.0896855518221855
0.240193635225296,0.0001497786142863,0.0002020322135649,550.956812,480.270977,2.0,180.0,-42.301559,-85.835487,-0.0,-21.65,-180.0,0.0875402465462684
0.29043710231781,0.0001283859019167,0.0001895466411951,550.956812,480.270977,3.0,180.0,-42.301559,-85.835487,-0.0,-21.65,-180.0,0.1029617488384246
0.3117124736309051,0.0001276935945497,0.0002006754075409,550.956812,480.270977,4.0,180.0,-42.301559,-85.835487,-0.0,-21.65,-180.0,0.1067270934581756
0.2263830751180648,0.0001857339520938,0.0002588709176052,550.956812,480.270977,5.0,180.0,-42.301559,-85.835487,-0.0,-21.65,-180.0,0.0831037536263465
0.234048381447792,0.0001741102751111,0.0002342956722714,550.956812,480.270977,6.0,180.0,-42.301559,-85.835487,-0.0,-21.65,-180.0,0.0759261697530746
0.1915379464626312,0.0002078881807392,0.0002663753693923,550.956812,480.270977,7.0,180.0,-42.301559,-85.835487,-0.0,-21.65,-180.0,0.0695135220885276
0.2618673741817474,0.0001893667504191,0.0002817861386574,550.956812,480.270977,8.0,180.0,-42.301559,-85.835487,-0.0,-21.65,-180.0,0.1009826883673667
0.2925057113170624,0.0001929913414642,0.0002987810585182,550.956812,480.270977,9.0,180.0,-42.301559,-85.835487,-0.0,-21.65,-180.0,0.1006319820880889
0.279927909374237,0.0002323406806681,0.0003545672516338,550.956812,480.270977,10.0,180.0,-42.301559,-85.835487,-0.0,-21.65,-180.0,0.0914481580257415
0.2658990323543548,0.000209465433727,0.0003056520945392,550.956812,480.270977,11.0,180.0,-42.301559,-85.835487,-0.0,-21.65,-180.0,0.0804803073406219
0.1876037567853927,0.0002976182731799,0.0003891670785378,550.956812,480.270977,12.0,180.0,-42.301559,-85.835487,-0.0,-21.65,-180.0,0.0580622591078281
0.251877874135971,0.0002612539974506,0.0003842139267362,550.956812,480.270977,13.0,180.0,-42.301559,-85.835487,-0.0,-21.65,-180.0,0.0805103108286857
0.283025175333023,0.0002473751665093,0.0003809918707702,550.956812,480.270977,14.0,180.0,-42.301559,-85.835487,-0.0,-21.65,-180.0,0.0890929698944091
0.2820779681205749,0.000266167364316,0.0004209210455883,550.956812,480.270977,15.0,180.0,-42.301559,-85.835487,-0.0,-21.65,-180.0,0.0937230214476585
0.2319608926773071,0.0002970405330415,0.0004271154757589,550.956812,480.270977,16.0,180.0,-42.301559,-85.835487,-0.0,-21.65,-180.0,0.0738031491637229
0.2704364359378814,0.00026871584123,0.0004121222591493,550.956812,480.270977,17.0,180.0,-42.301559,-85.835487,-0.0,-21.65,-180.0,0.0909729227423667
0.2845997214317322,0.0002997437259182,0.0004755708505399,550.956812,480.270977,18.0,180.0,-42.301559,-85.835487,-0.0,-21.65,-180.0,0.098573550581932
0.3142180740833282,0.0003025061450898,0.0005026634316891,550.956812,480.270977,19.0,180.0,-42.301559,-85.835487,-0.0,-21.65,-180.0,0.1140747442841529
0.2923719882965088,8.835098560666665e-05,0.0001269995118491,550.956812,480.270977,0.0,180.0,-42.301559,-85.835487,-0.0,-21.63,-180.0,0.106903001666069
0.2907356917858124,0.0001085946714738,0.0001585799764143,550.956812,480.270977,1.0,180.0,-42.301559,-85.835487,-0.0,-21.63,-180.0,0.1092975586652755
0.2585471868515014,0.0001565921847941,0.0002132322697434,550.956812,480.270977,2.0,180.0,-42.301559,-85.835487,-0.0,-21.63,-180.0,0.0925483927130699
0.2833917737007141,0.0001430784323019,0.000207787627005,550.956812,480.270977,3.0,180.0,-42.301559,-85.835487,-0.0,-21.63,-180.0,0.1035447865724563
0.2790979444980621,0.00016003845667,0.0002338489866815,550.956812,480.270977,4.0,180.0,-42.301559,-85.835487,-0.0,-21.63,-180.0,0.096707709133625
0.2219606339931488,0.0001847893727244,0.0002375448530074,550.956812,480.270977,5.0,180.0,-42.301559,-85.835487,-0.0,-21.63,-180.0,0.0727392733097076
0.2172764539718628,0.000210478916415,0.0002677519805729,550.956812,480.270977,6.0,180.0,-42.301559,-85.835487,-0.0,-21.63,-180.0,0.0827969387173652
0.2633079290390014,0.0001904349192045,0.000277361163171,550.956812,480.270977,7.0,180.0,-42.301559,-85.835487,-0.0,-21.63,-180.0,0.0928709805011749
0.2669167518615722,0.0002222584735136,0.0003229253343306,550.956812,480.270977,8.0,180.0,-42.301559,-85.835487,-0.0,-21.63,-180.0,0.0895923227071762
0.2465157359838485,0.0002232805418316,0.0003126005758531,550.956812,480.270977,9.0,180.0,-42.301559,-85.835487,-0.0,-21.63,-180.0,0.0867519602179527
0.2652807235717773,0.000212663973798,0.0003099953464698,550.956812,480.270977,10.0,180.0,-42.301559,-85.835487,-0.0,-21.63,-180.0,0.0871384590864181
0.2938494086265564,0.0002330678689759,0.0003632321895565,550.956812,480.270977,11.0,180.0,-42.301559,-85.835487,-0.0,-21.63,-180.0,0.099418357014656
0.2855072915554046,0.000242407884798,0.0003745396679732,550.956812,480.270977,12.0,180.0,-42.301559,-85.835487,-0.0,-21.63,-180.0,0.0926645100116729
0.2377763390541076,0.000258992309682,0.0003705245326273,550.956812,480.270977,13.0,180.0,-42.301559,-85.835487,-0.0,-21.63,-180.0,0.0763737708330154
0.2631438076496124,0.0002666356158442,0.000396041345084,550.956812,480.270977,14.0,180.0,-42.301559,-85.835487,-0.0,-21.63,-180.0,0.0852699279785156
0.246774673461914,0.0003272709145676,0.0004878363688476,550.956812,480.270977,15.0,180.0,-42.301559,-85.835487,-0.0,-21.63,-180.0,0.0831863433122634
0.2430071234703064,0.0002852570905815,0.0004175468639004,550.956812,480.270977,16.0,180.0,-42.301559,-85.835487,-0.0,-21.63,-180.0,0.084167405962944
0.2990902960300445,0.0003064184566028,0.0004933559685014,550.956812,480.270977,17.0,180.0,-42.301559,-85.835487,-0.0,-21.63,-180.0,0.1032264679670333
0.2753552198410034,0.0003079201269429,0.0004841872723773,550.956812,480.270977,18.0,180.0,-42.301559,-85.835487,-0.0,-21.63,-180.0,0.0964520350098609
0.2777818739414215,0.0002805502153933,0.0004397603042889,550.956812,480.270977,19.0,180.0,-42.301559,-85.835487,-0.0,-21.63,-180.0,0.0975422263145446
0.2137736082077026,0.0001568416919326,0.0001985427807085,550.956812,480.270977,0.0,180.0,-42.301559,-85.835487,-0.0,-21.605,-180.0,0.0875188037753105
0.2682394981384277,0.0001335329434368,0.0001901057985378,550.956812,480.270977,1.0,180.0,-42.301559,-85.835487,-0.0,-21.605,-180.0,0.0997941792011261
0.3057189285755157,0.00012203665392,0.0001867818064056,550.956812,480.270977,2.0,180.0,-42.301559,-85.835487,-0.0,-21.605,-180.0,0.1214831545948982
0.2964481711387634,0.000126188606373,0.0001913428422994,550.956812,480.270977,3.0,180.0,-42.301559,-85.835487,-0.0,-21.605,-180.0,0.105081021785736
0.2956491410732269,0.0001465481182094,0.0002271736739203,550.956812,480.270977,4.0,180.0,-42.301559,-85.835487,-0.0,-21.605,-180.0,0.1103406175971031
0.2921482920646667,0.0001675181410973,0.0002619580482132,550.956812,480.270977,5.0,180.0,-42.301559,-85.835487,-0.0,-21.605,-180.0,0.1012189835309982
0.2690229713916778,0.0001666261669015,0.0002507260360289,550.956812,480.270977,6.0,180.0,-42.301559,-85.835487,-0.0,-21.605,-180.0,0.0901047885417938
0.2762047350406647,0.0001659715053392,0.0002491837949492,550.956812,480.270977,7.0,180.0,-42.301559,-85.835487,-0.0,-21.605,-180.0,0.0926551073789596
0.2359659224748611,0.0002125298196915,0.0003003352030646,550.956812,480.270977,8.0,180.0,-42.301559,-85.835487,-0.0,-21.605,-180.0,0.0822642296552658
0.229521632194519,0.0002330873539904,0.0003227863344363,550.956812,480.270977,9.0,180.0,-42.301559,-85.835487,-0.0,-21.605,-180.0,0.0726118758320808
0.1611229330301284,0.0003043079050257,0.0003717387444339,550.956812,480.270977,10.0,180.0,-42.301559,-85.835487,-0.0,-21.605,-180.0,0.0559622272849082
0.2881849408149719,0.0002421312237856,0.00038508977741,550.956812,480.270977,11.0,180.0,-42.301559,-85.835487,-0.0,-21.605,-180.0,0.1038155555725097
0.2925730943679809,0.0002229402016382,0.0003565182851161,550.956812,480.270977,12.0,180.0,-42.301559,-85.835487,-0.0,-21.605,-180.0,0.0948407053947448
0.2728560268878937,0.0002304739755345,0.0003528119705151,550.956812,480.270977,13.0,180.0,-42.301559,-85.835487,-0.0,-21.605,-180.0,0.0856417939066886
0.2764493227005005,0.0002604061446618,0.0004044747329317,550.956812,480.270977,14.0,180.0,-42.301559,-85.835487,-0.0,-21.605,-180.0,0.0943603888154029
0.2855020463466644,0.0002842993999365,0.0004526257398538,550.956812,480.270977,15.0,180.0,-42.301559,-85.835487,-0.0,-21.605,-180.0,0.1006142497062683
0.321137398481369,0.0002588676288723,0.000439776253188,550.956812,480.270977,16.0,180.0,-42.301559,-85.835487,-0.0,-21.605,-180.0,0.1045618429780006
0.3202897310256958,0.0002689810353331,0.0004557032079901,550.956812,480.270977,17.0,180.0,-42.301559,-85.835487,-0.0,-21.605,-180.0,0.1075194850564003
0.287493348121643,0.0002716083836276,0.0004429625405464,550.956812,480.270977,18.0,180.0,-42.301559,-85.835487,-0.0,-21.605,-180.0,0.1033720225095748
0.282575249671936,0.0003144145885016,0.000512154540047,550.956812,480.270977,19.0,180.0,-42.301559,-85.835487,-0.0,-21.605,-180.0,0.0954421013593673
0.2923125326633453,0.0001085979092749,0.0001595944922883,550.956812,480.270977,0.0,180.0,-42.301559,-85.835487,-0.0,-21.572,-180.0,0.1099094599485397
0.2508852779865265,0.0001076861808542,0.0001466231478843,550.956812,480.270977,1.0,180.0,-42.301559,-85.835487,-0.0,-21.572,-180.0,0.0869427695870399
0.2465318739414215,0.0001569138112245,0.0002096197422361,550.956812,480.270977,2.0,180.0,-42.301559,-85.835487,-0.0,-21.572,-180.0,0.0804342105984687
0.2210052907466888,0.0001858980831457,0.0002394374605501,550.956812,480.270977,3.0,180.0,-42.301559,-85.835487,-0.0,-21.572,-180.0,0.0802371427416801
0.1384160816669464,0.0002429547748761,0.0002697999298106,550.956812,480.270977,4.0,180.0,-42.301559,-85.835487,-0.0,-21.572,-180.0,0.0446233451366424
0.2295433431863784,0.0002237225126009,0.0003012276138179,550.956812,480.270977,5.0,180.0,-42.301559,-85.835487,-0.0,-21.572,-180.0,0.0847963020205497
0.2525810301303863,0.0001654560910537,0.0002329171111341,550.956812,480.270977,6.0,180.0,-42.301559,-85.835487,-0.0,-21.572,-180.0,0.0836430937051773
0.2080828994512558,0.0002130962384399,0.0002698910539038,550.956812,480.270977,7.0,180.0,-42.301559,-85.835487,-0.0,-21.572,-180.0,0.0609622709453105
0.1994751989841461,0.0002758385962806,0.0003541529295034,550.956812,480.270977,8.0,180.0,-42.301559,-85.835487,-0.0,-21.572,-180.0,0.0760960131883621
0.2267603874206543,0.000254331389442,0.0003498049336485,550.956812,480.270977,9.0,180.0,-42.301559,-85.835487,-0.0,-21.572,-180.0,0.0843093618750572
0.1908634901046753,0.0003076829889323,0.0003959138703066,550.956812,480.270977,10.0,180.0,-42.301559,-85.835487,-0.0,-21.572,-180.0,0.0607319176197052
0.1848713457584381,0.0003053416148759,0.0003974474675487,550.956812,480.270977,11.0,180.0,-42.301559,-85.835487,-0.0,-21.572,-180.0,0.0629623159766197
0.2665158212184906,0.0002402851678198,0.0003573576977942,550.956812,480.270977,12.0,180.0,-42.301559,-85.835487,-0.0,-21.572,-180.0,0.0824524387717247
0.244424894452095,0.0002841216337401,0.0004013899306301,550.956812,480.270977,13.0,180.0,-42.301559,-85.835487,-0.0,-21.572,-180.0,0.08478444814682
0.2703510522842407,0.0002553389931563,0.0003885692858602,550.956812,480.270977,14.0,180.0,-42.301559,-85.835487,-0.0,-21.572,-180.0,0.0918154716491699
0.3027533590793609,0.0002575849066488,0.0004106127598788,550.956812,480.270977,15.0,180.0,-42.301559,-85.835487,-0.0,-21.572,-180.0,0.0894959867000579
0.2624853253364563,0.0003063104231841,0.0004589162708725,550.956812,480.270977,16.0,180.0,-42.301559,-85.835487,-0.0,-21.572,-180.0,0.0858205258846283
0.3128289878368377,0.0002590053481981,0.0004276227264199,550.956812,480.270977,17.0,180.0,-42.301559,-85.835487,-0.0,-21.572,-180.0,0.1087229251861572
0.328848123550415,0.000248901953455,0.0004241212445776,550.956812,480.270977,18.0,180.0,-42.301559,-85.835487,-0.0,-21.572,-180.0,0.1086395531892776
0.3057524859905243,0.0002768380509223,0.0004552853060886,550.956812,480.270977,19.0,180.0,-42.301559,-85.835487,-0.0,-21.572,-180.0,0.1096612140536308
0.2784934639930725,9.716548083815724e-05,0.0001325662451563,550.956812,480.270977,0.0,180.0,-42.301559,-85.835487,-0.0,-21.549,-180.0,0.0900902822613716
0.2338582575321197,0.0001231885398738,0.0001564772101119,550.956812,480.270977,1.0,180.0,-42.301559,-85.835487,-0.0,-21.549,-180.0,0.0761014968156814
0.2529615461826324,0.000127186984173,0.0001665706222411,550.956812,480.270977,2.0,180.0,-42.301559,-85.835487,-0.0,-21.549,-180.0,0.0796702355146408
0.2197519242763519,0.0001658123946981,0.0002058893296634,550.956812,480.270977,3.0,180.0,-42.301559,-85.835487,-0.0,-21.549,-180.0,0.0720249712467193
0.2434758692979812,0.0001633901556488,0.0002164313773391,550.956812,480.270977,4.0,180.0,-42.301559,-85.835487,-0.0,-21.549,-180.0,0.0755490660667419
0.2337988317012787,0.0001644965668674,0.0002141765435226,550.956812,480.270977,5.0,180.0,-42.301559,-85.835487,-0.0,-21.549,-180.0,0.0728022381663322
0.2233771383762359,0.0001722415181575,0.0002134405076503,550.956812,480.270977,6.0,180.0,-42.301559,-85.835487,-0.0,-21.549,-180.0,0.0650907978415489
0.2621033191680908,0.0001537455682409,0.0002094467490678,550.956812,480.270977,7.0,180.0,-42.301559,-85.835487,-0.0,-21.549,-180.0,0.0773254185914993
0.274579793214798,0.0001465201785322,0.0002031217154581,550.956812,480.270977,8.0,180.0,-42.301559,-85.835487,-0.0,-21.549,-180.0,0.0832848325371742
0.2203666567802429,0.0002142104203812,0.0002772278385236,550.956812,480.270977,9.0,180.0,-42.301559,-85.835487,-0.0,-21.549,-180.0,0.0689809024333953
0.2108857780694961,0.0002521532296668,0.0003322651900816,550.956812,480.270977,10.0,180.0,-42.301559,-85.835487,-0.0,-21.549,-180.0,0.0719186663627624
0.267821192741394,0.0002271700795972,0.0003232439921703,550.956812,480.270977,11.0,180.0,-42.301559,-85.835487,-0.0,-21.549,-180.0,0.0893544182181358
0.2618958652019501,0.0002385969710303,0.0003391796490177,550.956812,480.270977,12.0,180.0,-42.301559,-85.835487,-0.0,-21.549,-180.0,0.0858034864068031
0.2226973921060562,0.0003050281957257,0.0004152261535637,550.956812,480.270977,13.0,180.0,-42.301559,-85.835487,-0.0,-21.549,-180.0,0.074626512825489
0.2369989454746246,0.0003456362755969,0.0004895582096651,550.956812,480.270977,14.0,180.0,-42.301559,-85.835487,-0.0,-21.549,-180.0,0.0852153971791267
0.2317584604024887,0.0002787106495816,0.0003910212253686,550.956812,480.270977,15.0,180.0,-42.301559,-85.835487,-0.0,-21.549,-180.0,0.0782996118068695
0.2527904510498047,0.0002685921790543,0.0003887745842803,550.956812,480.270977,16.0,180.0,-42.301559,-85.835487,-0.0,-21.549,-180.0,0.0845353901386261
0.2199654132127761,0.0003074547857977,0.0004248520126566,550.956812,480.270977,17.0,180.0,-42.301559,-85.835487,-0.0,-21.549,-180.0,0.07381422072649
0.2702543139457702,0.0002509725454729,0.0003721785615198,550.956812,480.270977,18.0,180.0,-42.301559,-85.835487,-0.0,-21.549,-180.0,0.0920980051159858
0.2836760580539703,0.0002345985121792,0.000360612059012,550.956812,480.270977,19.0,180.0,-42.301559,-85.835487,-0.0,-21.549,-180.0,0.0963178947567939
0.2915697991847992,9.338284144178032e-05,0.0001343557960353,550.956812,480.270977,0.0,180.0,-42.301559,-85.835487,-0.0,-21.51,-180.0,0.1002615392208099
0.2528991401195526,0.0001445779053028,0.0001925769029185,550.956812,480.270977,1.0,180.0,-42.301559,-85.835487,-0.0,-21.51,-180.0,0.0966344252228736
0.285957783460617,0.000121137156384,0.000173905340489,550.956812,480.270977,2.0,180.0,-42.301559,-85.835487,-0.0,-21.51,-180.0,0.1041108295321464
0.259566456079483,0.0001489917049184,0.0002116332907462,550.956812,480.270977,3.0,180.0,-42.301559,-85.835487,-0.0,-21.51,-180.0,0.0927820429205894
0.2696162760257721,0.000173395164893,0.0002553267695475,550.956812,480.270977,4.0,180.0,-42.301559,-85.835487,-0.0,-21.51,-180.0,0.0926695987582206
0.2564684748649597,0.0001779250014806,0.0002522470022086,550.956812,480.270977,5.0,180.0,-42.301559,-85.835487,-0.0,-21.51,-180.0,0.0886747911572456
0.2548306286334991,0.0001741758314892,0.0002480978146195,550.956812,480.270977,6.0,180.0,-42.301559,-85.835487,-0.0,-21.51,-180.0,0.081451341509819
0.2957692742347717,0.0001888565602712,0.0002921888371929,550.956812,480.270977,7.0,180.0,-42.301559,-85.835487,-0.0,-21.51,-180.0,0.1015947759151458
0.2220679819583892,0.0002150002110283,0.0002915343211498,550.956812,480.270977,8.0,180.0,-42.301559,-85.835487,-0.0,-21.51,-180.0,0.0726699456572532
0.1505370736122131,0.0003069810627494,0.0003590328851714,550.956812,480.270977,9.0,180.0,-42.301559,-85.835487,-0.0,-21.51,-180.0,0.0491277016699314
0.2420227974653244,0.0002482052077539,0.0003514074487611,550.956812,480.270977,10.0,180.0,-42.301559,-85.835487,-0.0,-21.51,-180.0,0.0858135148882865
0.245608389377594,0.0002342201332794,0.0003390897763893,550.956812,480.270977,11.0,180.0,-42.301559,-85.835487,-0.0,-21.51,-180.0,0.0777090489864349
0.1850938349962234,0.0002972077927552,0.0003858018608298,550.956812,480.270977,12.0,180.0,-42.301559,-85.835487,-0.0,-21.51,-180.0,0.0596938990056514
0.1579181402921676,0.0003514392010401,0.0004557829233817,550.956812,480.270977,13.0,180.0,-42.301559,-85.835487,-0.0,-21.51,-180.0,0.0565167218446731
0.2139144092798233,0.0002859301166608,0.0003975199069827,550.956812,480.270977,14.0,180.0,-42.301559,-85.835487,-0.0,-21.51,-180.0,0.0687052682042121
0.2145886570215225,0.0003210506110917,0.0004547347489278,550.956812,480.270977,15.0,180.0,-42.301559,-85.835487,-0.0,-21.51,-180.0,0.073213905096054
0.1858006864786148,0.0003022112941835,0.0004026058304589,550.956812,480.270977,16.0,180.0,-42.301559,-85.835487,-0.0,-21.51,-180.0,0.0658764392137527
0.2578403353691101,0.0003190943680237,0.0004871274577453,550.956812,480.270977,17.0,180.0,-42.301559,-85.835487,-0.0,-21.51,-180.0,0.0946385487914085
0.2981786727905273,0.0002754992165137,0.0004446406383067,550.956812,480.270977,18.0,180.0,-42.301559,-85.835487,-0.0,-21.51,-180.0,0.1017482727766037
0.3118709325790405,0.0002385231055086,0.0003901907475665,550.956812,480.270977,19.0,180.0,-42.301559,-85.835487,-0.0,-21.51,-180.0,0.105826549232006
0.2788358628749847,0.0001044718956109,0.0001479444326832,550.956812,480.270977,0.0,180.0,-42.301559,-85.835487,-0.0,-21.426,-180.0,0.1047704815864563
0.2492516338825225,0.0001283950114157,0.0001757735735736,550.956812,480.270977,1.0,180.0,-42.301559,-85.835487,-0.0,-21.426,-180.0,0.0928305983543396
0.2452157139778137,0.0001401077752234,0.0001921109069371,550.956812,480.270977,2.0,180.0,-42.301559,-85.835487,-0.0,-21.426,-180.0,0.0900894626975059
0.264150321483612,0.0001506706903455,0.0002172571112168,550.956812,480.270977,3.0,180.0,-42.301559,-85.835487,-0.0,-21.426,-180.0,0.1021561846137046
0.2761872708797455,0.0001525175466667,0.0002272669808007,550.956812,480.270977,4.0,180.0,-42.301559,-85.835487,-0.0,-21.426,-180.0,0.0992757603526115
0.3113455176353454,0.0001313873508479,0.0002104769664583,550.956812,480.270977,5.0,180.0,-42.301559,-85.835487,-0.0,-21.426,-180.0,0.1080444157123565
0.257932037115097,0.0001771777897374,0.0002518240071367,550.956812,480.270977,6.0,180.0,-42.301559,-85.835487,-0.0,-21.426,-180.0,0.0852956026792526
0.2232894003391266,0.0002250842371722,0.0003055080596823,550.956812,480.270977,7.0,180.0,-42.301559,-85.835487,-0.0,-21.426,-180.0,0.077166736125946
0.3019625544548034,0.0001611043699085,0.0002453425258863,550.956812,480.270977,8.0,180.0,-42.301559,-85.835487,-0.0,-21.426,-180.0,0.1027358844876289
0.3001134395599365,0.0002301661297678,0.0003666966513264,550.956812,480.270977,9.0,180.0,-42.301559,-85.835487,-0.0,-21.426,-180.0,0.1095337867736816
0.276936262845993,0.0002230248792329,0.0003368808247614,550.956812,480.270977,10.0,180.0,-42.301559,-85.835487,-0.0,-21.426,-180.0,0.0932963117957115
0.2492044121026992,0.0002603070170152,0.0003758763486985,550.956812,480.270977,11.0,180.0,-42.301559,-85.835487,-0.0,-21.426,-180.0,0.0809896662831306
0.245643138885498,0.0002681762853171,0.000382354366593,550.956812,480.270977,12.0,180.0,-42.301559,-85.835487,-0.0,-21.426,-180.0,0.0850948318839073
0.2584776878356933,0.0002676498843356,0.0003973209240939,550.956812,480.270977,13.0,180.0,-42.301559,-85.835487,-0.0,-21.426,-180.0,0.0849542617797851
0.2932883501052856,0.0002470511826686,0.0003946583601646,550.956812,480.270977,14.0,180.0,-42.301559,-85.835487,-0.0,-21.426,-180.0,0.1006324738264083
0.3041459321975708,0.0002623661712277,0.0004246818716637,550.956812,480.270977,15.0,180.0,-42.301559,-85.835487,-0.0,-21.426,-180.0,0.1012904047966003
0.2888707220554352,0.0002602459280751,0.0004111285088583,550.956812,480.270977,16.0,180.0,-42.301559,-85.835487,-0.0,-21.426,-180.0,0.0923858284950256
0.3178038597106933,0.0002395825868006,0.0003986758820246,550.956812,480.270977,17.0,180.0,-42.301559,-85.835487,-0.0,-21.426,-180.0,0.1046301424503326
0.2474843561649322,0.0002858916705008,0.0004292936355341,550.956812,480.270977,18.0,180.0,-42.301559,-85.835487,-0.0,-21.426,-180.0,0.0802622288465499
0.2653473913669586,0.0003468057839199,0.0005419824738055,550.956812,480.270977,19.0,180.0,-42.301559,-85.835487,-0.0,-21.426,-180.0,0.0972882732748985
0.2495136260986328,0.0001364058698527,0.0001836188166635,550.956812,480.270977,0.0,180.0,-42.301559,-85.835487,-0.0,-21.36,-180.0,0.0960864797234535
0.1994456499814987,0.0001628190511837,0.0002019974199356,550.956812,480.270977,1.0,180.0,-42.301559,-85.835487,-0.0,-21.36,-180.0,0.0703771710395813
0.2114950567483902,0.0001491472357884,0.0001888635451905,550.956812,480.270977,2.0,180.0,-42.301559,-85.835487,-0.0,-21.36,-180.0,0.0695265233516693
0.1687269657850265,0.0002082492428598,0.0002514567167963,550.956812,480.270977,3.0,180.0,-42.301559,-85.835487,-0.0,-21.36,-180.0,0.0638853460550308
0.254476249217987,0.0001388191594742,0.0001840414624894,550.956812,480.270977,4.0,180.0,-42.301559,-85.835487,-0.0,-21.36,-180.0,0.0862602442502975
0.242615133523941,0.0001921195216709,0.0002647311193868,550.956812,480.270977,5.0,180.0,-42.301559,-85.835487,-0.0,-21.36,-180.0,0.0827990919351577
0.2765952050685882,0.0001949725847225,0.0002871743054129,550.956812,480.270977,6.0,180.0,-42.301559,-85.835487,-0.0,-21.36,-180.0,0.0944314002990722
0.2912608981132507,0.0001689810742391,0.0002542835136409,550.956812,480.270977,7.0,180.0,-42.301559,-85.835487,-0.0,-21.36,-180.0,0.0931381583213806
0.1766029745340347,0.0002887231239583,0.0003702765679918,550.956812,480.270977,8.0,180.0,-42.301559,-85.835487,-0.0,-21.36,-180.0,0.0599398836493492
0.222943976521492,0.0002303268702235,0.0003080247261095,550.956812,480.270977,9.0,180.0,-42.301559,-85.835487,-0.0,-21.36,-180.0,0.0760867595672607
0.2770317792892456,0.0002066938177449,0.0003064041084144,550.956812,480.270977,10.0,180.0,-42.301559,-85.835487,-0.0,-21.36,-180.0,0.0917012989521026
0.2410859316587448,0.0002429049636702,0.0003397198452148,550.956812,480.270977,11.0,180.0,-42.301559,-85.835487,-0.0,-21.36,-180.0,0.0780645236372947
0.2679496109485626,0.0002958402328658,0.0004418173048179,550.956812,480.270977,12.0,180.0,-42.301559,-85.835487,-0.0,-21.36,-180.0,0.0948033928871154
0.288447618484497,0.0002381464437348,0.0003654927131719,550.956812,480.270977,13.0,180.0,-42.301559,-85.835487,-0.0,-21.36,-180.0,0.0972084254026413
0.2318680882453918,0.0003065051278099,0.0004333510878495,550.956812,480.270977,14.0,180.0,-42.301559,-85.835487,-0.0,-21.36,-180.0,0.0758320167660713
0.2270850241184234,0.00032436978654,0.0004663289582822,550.956812,480.270977,15.0,180.0,-42.301559,-85.835487,-0.0,-21.36,-180.0,0.0792256444692611
0.2796266674995422,0.0002761071664281,0.0004276211839169,550.956812,480.270977,16.0,180.0,-42.301559,-85.835487,-0.0,-21.36,-180.0,0.0944039598107338
0.2643184959888458,0.0003123450733255,0.0004725899198092,550.956812,480.270977,17.0,180.0,-42.301559,-85.835487,-0.0,-21.36,-180.0,0.0893333628773689
0.2722869217395782,0.0003243488899897,0.0005032157059758,550.956812,480.270977,18.0,180.0,-42.301559,-85.835487,-0.0,-21.36,-180.0,0.0980748385190963
0.2729177474975586,0.0003486707573756,0.0005473371711559,550.956812,480.270977,19.0,180.0,-42.301559,-85.835487,-0.0,-21.36,-180.0,0.0991807952523231
0.2279979735612869,0.0002905612927861,0.0004214271903038,550.956812,480.270977,0.0,180.0,-42.301559,-85.835487,-0.0,-22.638,-107.46,0.0817375555634498
0.2605479955673218,0.0002936151577159,0.0004466383834369,550.956812,480.270977,1.0,180.0,-42.301559,-85.835487,-0.0,-22.638,-107.46,0.0935386270284652
0.2263922840356826,0.0003673710743896,0.0005234426353126,550.956812,480.270977,2.0,180.0,-42.301559,-85.835487,-0.0,-22.638,-107.46,0.0777547731995582
0.2033202052116394,0.0003707311989273,0.0005195515113882,550.956812,480.270977,3.0,180.0,-42.301559,-85.835487,-0.0,-22.638,-107.46,0.0716453865170478
0.2499226927757263,0.0003891334636136,0.0005900868563912,550.956812,480.270977,4.0,180.0,-42.301559,-85.835487,-0.0,-22.638,-107.46,0.0950049757957458
0.234918862581253,0.0004384436178952,0.0006525694043375,550.956812,480.270977,5.0,180.0,-42.301559,-85.835487,-0.0,-22.638,-107.46,0.0832411497831344
0.2540384531021118,0.0004632769268937,0.0007108646677806,550.956812,480.270977,6.0,180.0,-42.301559,-85.835487,-0.0,-22.638,-107.46,0.0962701067328453
0.1830421239137649,0.0005714879371225,0.0007939425995573,550.956812,480.270977,7.0,180.0,-42.301559,-85.835487,-0.0,-22.638,-107.46,0.0619111582636833
0.1676202714443206,0.000601646839641,0.0008242223411798,550.956812,480.270977,8.0,180.0,-42.301559,-85.835487,-0.0,-22.638,-107.46,0.0611460581421852
0.2059497088193893,0.0006048724171705,0.0008730894187465,550.956812,480.270977,9.0,180.0,-42.301559,-85.835487,-0.0,-22.638,-107.46,0.0793154239654541
0.21641406416893,0.000652476621326,0.0009647375554777,550.956812,480.270977,10.0,180.0,-42.301559,-85.835487,-0.0,-22.638,-107.46,0.0859693214297294
0.1936905831098556,0.0007199765532277,0.0010368956718593,550.956812,480.270977,11.0,180.0,-42.301559,-85.835487,-0.0,-22.638,-107.46,0.0798378214240074
0.211568221449852,0.0006594056030735,0.0009680935181677,550.956812,480.270977,12.0,180.0,-42.301559,-85.835487,-0.0,-22.638,-107.46,0.0806668400764465
0.1722670793533325,0.0007883887737989,0.0011165242176502,550.956812,480.270977,13.0,180.0,-42.301559,-85.835487,-0.0,-22.638,-107.46,0.0746767148375511
0.177733689546585,0.0007812969852238,0.001109731150791,550.956812,480.270977,14.0,180.0,-42.301559,-85.835487,-0.0,-22.638,-107.46,0.0737817361950874
0.1975639760494232,0.0007913233130238,0.0011582255829125,550.956812,480.270977,15.0,180.0,-42.301559,-85.835487,-0.0,-22.638,-107.46,0.0896003693342208
0.1925965547561645,0.0006869056960567,0.0010000223992392,550.956812,480.270977,16.0,180.0,-42.301559,-85.835487,-0.0,-22.638,-107.46,0.079313151538372
0.1595151573419571,0.0008543612202629,0.0011912020854651,550.956812,480.270977,17.0,180.0,-42.301559,-85.835487,-0.0,-22.638,-107.46,0.0743763521313667
0.2031310200691223,0.0006383373402059,0.0009380414849147,550.956812,480.270977,18.0,180.0,-42.301559,-85.835487,-0.0,-22.638,-107.46,0.081363208591938
0.182784229516983,0.0006867608171887,0.0010008789831772,550.956812,480.270977,19.0,180.0,-42.301559,-85.835487,-0.0,-22.638,-107.46,0.082632228732109
0.1859336793422699,0.0004293008823879,0.0006055732956156,550.956812,480.270977,0.0,180.0,-42.301559,-85.835487,-0.0,-22.546,-90.228,0.0704637318849563
0.2202818840742111,0.0004688196349889,0.0006914791301824,550.956812,480.270977,1.0,180.0,-42.301559,-85.835487,-0.0,-22.546,-90.228,0.0858166143298149
0.2254953980445861,0.0005127530312165,0.0007675585220567,550.956812,480.270977,2.0,180.0,-42.301559,-85.835487,-0.0,-22.546,-90.228,0.0882692039012909
0.2277861088514328,0.0005979398847557,0.0009000362479127,550.956812,480.270977,3.0,180.0,-42.301559,-85.835487,-0.0,-22.546,-90.228,0.0955024510622024
0.2206636220216751,0.0005997402477078,0.0009002781007438,550.956812,480.270977,4.0,180.0,-42.301559,-85.835487,-0.0,-22.546,-90.228,0.0852838456630706
0.2120301276445388,0.0006225694087333,0.0009239550563506,550.956812,480.270977,5.0,180.0,-42.301559,-85.835487,-0.0,-22.546,-90.228,0.087268978357315
0.1981443613767624,0.0006931600510142,0.0010062805376946,550.956812,480.270977,6.0,180.0,-42.301559,-85.835487,-0.0,-22.546,-90.228,0.0802763104438781
0.1506431251764297,0.0008153282105922,0.0011183134047314,550.956812,480.270977,7.0,180.0,-42.301559,-85.835487,-0.0,-22.546,-90.228,0.0591138750314712
0.1653869450092315,0.0008563920855522,0.0012014072854071,550.956812,480.270977,8.0,180.0,-42.301559,-85.835487,-0.0,-22.546,-90.228,0.0669800117611885
0.1907681226730346,0.0008750344859436,0.0012706237612292,550.956812,480.270977,9.0,180.0,-42.301559,-85.835487,-0.0,-22.546,-90.228,0.0817752182483673
0.1836951375007629,0.0009571575210429,0.0013804527698084,550.956812,480.270977,10.0,180.0,-42.301559,-85.835487,-0.0,-22.546,-90.228,0.0792122334241867
0.2047387361526489,0.0009157392196357,0.0013596850913017,550.956812,480.270977,11.0,180.0,-42.301559,-85.835487,-0.0,-22.546,-90.228,0.0925102606415748
0.179227203130722,0.0009944825433194,0.0014306354569271,550.956812,480.270977,12.0,180.0,-42.301559,-85.835487,-0.0,-22.546,-90.228,0.0807948410511016
0.1674339175224304,0.0009809685871005,0.0013964477693662,550.956812,480.270977,13.0,180.0,-42.301559,-85.835487,-0.0,-22.546,-90.228,0.0650419145822525
0.1508069485425949,0.0009049981599673,0.0012595093576237,550.956812,480.270977,14.0,180.0,-42.301559,-85.835487,-0.0,-22.546,-90.228,0.0607629679143428
0.172716423869133,0.0009520143503323,0.0013629245804622,550.956812,480.270977,15.0,180.0,-42.301559,-85.835487,-0.0,-22.546,-90.228,0.0724245011806488
0.1892213821411132,0.0009059105650521,0.0013341039884835,550.956812,480.270977,16.0,180.0,-42.301559,-85.835487,-0.0,-22.546,-90.228,0.0852782428264617
0.1908997744321823,0.0008616889244876,0.0012632651487365,550.956812,480.270977,17.0,180.0,-42.301559,-85.835487,-0.0,-22.546,-90.228,0.0915226712822914
0.1817432045936584,0.0008407720015384,0.0012257653288543,550.956812,480.270977,18.0,180.0,-42.301559,-85.835487,-0.0,-22.546,-90.228,0.0812600329518318
0.1844099760055542,0.0008198858122341,0.0011984719894826,550.956812,480.270977,19.0,180.0,-42.301559,-85.835487,-0.0,-22.546,-90.228,0.0883447080850601
0.2312507182359695,0.0004675723612308,0.0007037594332359,550.956812,480.270977,0.0,180.0,-42.301559,-85.835487,0.0,-22.442,-82.713,0.0880302637815475
0.2189597934484481,0.0005493879434652,0.0008227164507843,550.956812,480.270977,1.0,180.0,-42.301559,-85.835487,0.0,-22.442,-82.713,0.0846435353159904
0.1991100758314132,0.0006943421321921,0.0010236613452434,550.956812,480.270977,2.0,180.0,-42.301559,-85.835487,0.0,-22.442,-82.713,0.0822246521711349
0.1753046065568924,0.0006536707514896,0.0009352498454973,550.956812,480.270977,3.0,180.0,-42.301559,-85.835487,0.0,-22.442,-82.713,0.0664652585983276
0.1857207864522934,0.0007388745434582,0.0010655696969479,550.956812,480.270977,4.0,180.0,-42.301559,-85.835487,0.0,-22.442,-82.713,0.0757253542542457
0.2004981786012649,0.00076389714377,0.0011264338390901,550.956812,480.270977,5.0,180.0,-42.301559,-85.835487,0.0,-22.442,-82.713,0.0772752463817596
0.184300422668457,0.0007976633496582,0.0011437268694862,550.956812,480.270977,6.0,180.0,-42.301559,-85.835487,0.0,-22.442,-82.713,0.0708891376852989
0.1759281158447265,0.0008831398445181,0.0012596090091392,550.956812,480.270977,7.0,180.0,-42.301559,-85.835487,0.0,-22.442,-82.713,0.0727645382285118
0.1723662167787552,0.0009134999709203,0.0012997351586818,550.956812,480.270977,8.0,180.0,-42.301559,-85.835487,0.0,-22.442,-82.713,0.0713411718606948
0.1638844907283783,0.0009702745010145,0.0013755079125985,550.956812,480.270977,9.0,180.0,-42.301559,-85.835487,0.0,-22.442,-82.713,0.0704836621880531
0.1817731410264969,0.0009565684013068,0.0013933340087532,550.956812,480.270977,10.0,180.0,-42.301559,-85.835487,0.0,-22.442,-82.713,0.0816581696271896
0.1818797290325164,0.0010110368020832,0.0014733329880982,550.956812,480.270977,11.0,180.0,-42.301559,-85.835487,0.0,-22.442,-82.713,0.080349214375019
0.1813867539167404,0.0009491549571976,0.0013718435075134,550.956812,480.270977,12.0,180.0,-42.301559,-85.835487,0.0,-22.442,-82.713,0.0779475346207618
0.1861027181148529,0.0010214410722255,0.0014964878791943,550.956812,480.270977,13.0,180.0,-42.301559,-85.835487,0.0,-22.442,-82.713,0.085114449262619
0.1685407310724258,0.0010184433776885,0.0014557891990989,550.956812,480.270977,14.0,180.0,-42.301559,-85.835487,0.0,-22.442,-82.713,0.0741108506917953
0.1307289898395538,0.0009382141870446,0.0012750927126035,550.956812,480.270977,15.0,180.0,-42.301559,-85.835487,0.0,-22.442,-82.713,0.0435533374547958
0.1766627728939056,0.0008811655570752,0.00127532298211,550.956812,480.270977,16.0,180.0,-42.301559,-85.835487,0.0,-22.442,-82.713,0.075461246073246
0.1605763584375381,0.0007914642337709,0.0011241760803386,550.956812,480.270977,17.0,180.0,-42.301559,-85.835487,0.0,-22.442,-82.713,0.0647348761558532
0.1931435018777847,0.0008240028982982,0.0012261923402547,550.956812,480.270977,18.0,180.0,-42.301559,-85.835487,0.0,-22.442,-82.713,0.0944687277078628
0.1867977082729339,0.0008356733596883,0.0012297953944653,550.956812,480.270977,19.0,180.0,-42.301559,-85.835487,0.0,-22.442,-82.713,0.0855756402015686
0.2665933668613434,0.0007070468273013,0.0011942309793084,550.956812,480.270977,0.0,180.0,-42.301559,-85.835487,-0.0,-19.966,-0.0,0.1127637103199958
0.2721603512763977,0.0007109605357982,0.0012054643593728,550.956812,480.270977,1.0,180.0,-42.301559,-85.835487,-0.0,-19.966,-0.0,0.1227885633707046
0.2500934302806854,0.0007519758655689,0.0012378871906548,550.956812,480.270977,2.0,180.0,-42.301559,-85.835487,-0.0,-19.966,-0.0,0.1119076758623123
0.2765989005565643,0.0008617315907031,0.0014694390119984,550.956812,480.270977,3.0,180.0,-42.301559,-85.835487,-0.0,-19.966,-0.0,0.133819967508316
0.2342633455991745,0.0007452019490301,0.0011922582052648,550.956812,480.270977,4.0,180.0,-42.301559,-85.835487,-0.0,-19.966,-0.0,0.098342627286911
0.2384066730737686,0.000779157038778,0.0012572526466101,550.956812,480.270977,5.0,180.0,-42.301559,-85.835487,-0.0,-19.966,-0.0,0.0997718796133995
0.2664928436279297,0.0007675231900066,0.0012804456055164,550.956812,480.270977,6.0,180.0,-42.301559,-85.835487,-0.0,-19.966,-0.0,0.1213287338614463
0.2610146403312683,0.0007312973029911,0.001207762863487,550.956812,480.270977,7.0,180.0,-42.301559,-85.835487,-0.0,-19.966,-0.0,0.1268379390239715
0.2643122971057892,0.0007580188685096,0.0012491662055253,550.956812,480.270977,8.0,180.0,-42.301559,-85.835487,-0.0,-19.966,-0.0,0.1222023889422416
0.2646597027778625,0.0007085457327775,0.0011583671439439,550.956812,480.270977,9.0,180.0,-42.301559,-85.835487,-0.0,-19.966,-0.0,0.1219566240906715
0.2418324053287506,0.000646689091809,0.0010266441386193,550.956812,480.270977,10.0,180.0,-42.301559,-85.835487,-0.0,-19.966,-0.0,0.1068673431873321
0.2532036602497101,0.0005067291203886,0.0008202518802136,550.956812,480.270977,11.0,180.0,-42.301559,-85.835487,-0.0,-19.966,-0.0,0.10315403342247
0.2515026330947876,0.0004873647994827,0.0007749928627163,550.956812,480.270977,12.0,180.0,-42.301559,-85.835487,-0.0,-19.966,-0.0,0.1085052117705345
0.2425117045640945,0.0004967686836607,0.0007816530996933,550.956812,480.270977,13.0,180.0,-42.301559,-85.835487,-0.0,-19.966,-0.0,0.1069788932800293
0.2914361655712127,0.000437892449554,0.0007354175904765,550.956812,480.270977,14.0,180.0,-42.301559,-85.835487,-0.0,-19.966,-0.0,0.1206240281462669
0.2122326344251632,0.000339075224474,0.000508444441948,550.956812,480.270977,15.0,180.0,-42.301559,-85.835487,-0.0,-19.966,-0.0,0.0838866233825683
0.2352654039859771,0.0004016917082481,0.0006306379800662,550.956812,480.270977,16.0,180.0,-42.301559,-85.835487,-0.0,-19.966,-0.0,0.1027609631419181
0.2664912939071655,0.0003134204307571,0.0005178816500119,550.956812,480.270977,17.0,180.0,-42.301559,-85.835487,-0.0,-19.966,-0.0,0.1182854622602462
0.2654259204864502,0.0002510510676074,0.0004023526562377,550.956812,480.270977,18.0,180.0,-42.301559,-85.835487,-0.0,-19.966,-0.0,0.1173652857542038
0.2580550909042358,0.0002418279618723,0.0003825197345577,550.956812,480.270977,19.0,180.0,-42.301559,-85.835487,-0.0,-19.966,-0.0,0.1119387596845626
0.2622639536857605,0.0006943389889784,0.0011733821593225,550.956812,480.270977,0.0,180.0,-42.301559,-85.835487,-0.0,-19.907,-0.0,0.1220395788550376
0.2490293085575103,0.0006907435017637,0.001140410779044,550.956812,480.270977,1.0,180.0,-42.301559,-85.835487,-0.0,-19.907,-0.0,0.1010864228010177
0.250739187002182,0.000704389240127,0.001156871789135,550.956812,480.270977,2.0,180.0,-42.301559,-85.835487,-0.0,-19.907,-0.0,0.1017853915691375
0.2355475574731826,0.0006418629782274,0.0010361300082877,550.956812,480.270977,3.0,180.0,-42.301559,-85.835487,-0.0,-19.907,-0.0,0.1014814302325248
0.2493228018283844,0.0007418181048706,0.0012208718108013,550.956812,480.270977,4.0,180.0,-42.301559,-85.835487,-0.0,-19.907,-0.0,0.1022333651781082
0.2258468121290207,0.0006405378808267,0.001010991516523,550.956812,480.270977,5.0,180.0,-42.301559,-85.835487,-0.0,-19.907,-0.0,0.0948930010199546
0.2706474363803863,0.0007049751002341,0.0011836492922157,550.956812,480.270977,6.0,180.0,-42.301559,-85.835487,-0.0,-19.907,-0.0,0.1180728450417518
0.2378895580768585,0.0007065761019475,0.0011332585709169,550.956812,480.270977,7.0,180.0,-42.301559,-85.835487,-0.0,-19.907,-0.0,0.1064623072743415
0.2434759885072708,0.000618907273747,0.0009897312847897,550.956812,480.270977,8.0,180.0,-42.301559,-85.835487,-0.0,-19.907,-0.0,0.1001815423369407
0.2710093259811401,0.000611019146163,0.0010208277963101,550.956812,480.270977,9.0,180.0,-42.301559,-85.835487,-0.0,-19.907,-0.0,0.1179384812712669
0.2729631066322326,0.0005427788710221,0.0009126511286012,550.956812,480.270977,10.0,180.0,-42.301559,-85.835487,-0.0,-19.907,-0.0,0.1170712485909462
0.2798242568969726,0.0005579487769864,0.0009446236654184,550.956812,480.270977,11.0,180.0,-42.301559,-85.835487,-0.0,-19.907,-0.0,0.1252496093511581
0.2963127791881561,0.0006280727684497,0.0010876674205064,550.956812,480.270977,12.0,180.0,-42.301559,-85.835487,-0.0,-19.907,-0.0,0.1421624422073364
0.2689341902732849,0.0004998783115297,0.0008257291628979,550.956812,480.270977,13.0,180.0,-42.301559,-85.835487,-0.0,-19.907,-0.0,0.1156784743070602
0.2238034754991531,0.0004626353038474,0.0007136675994843,550.956812,480.270977,14.0,180.0,-42.301559,-85.835487,-0.0,-19.907,-0.0,0.1007819175720214
0.2636916935443878,0.0003817599208559,0.0006234517786651,550.956812,480.270977,15.0,180.0,-42.301559,-85.835487,-0.0,-19.907,-0.0,0.1035190746188163
0.2033877223730087,0.0003131175180897,0.0004551115271169,550.956812,480.270977,16.0,180.0,-42.301559,-85.835487,-0.0,-19.907,-0.0,0.0803356766700744
0.2997035086154938,0.000331125309458,0.0005717010935768,550.956812,480.270977,17.0,180.0,-42.301559,-85.835487,-0.0,-19.907,-0.0,0.1324824094772339
0.3269377946853637,0.0003215239848941,0.0005712521960958,550.956812,480.270977,18.0,180.0,-42.301559,-85.835487,-0.0,-19.907,-0.0,0.1557249426841735
0.2709299921989441,0.0002858481311704,0.0004721480654552,550.956812,480.270977,19.0,180.0,-42.301559,-85.835487,-0.0,-19.907,-0.0,0.1274063438177108
0.2141856700181961,0.0007304602768272,0.0011019329540431,550.956812,480.270977,0.0,180.0,-42.301559,-85.835487,0.0,-19.94,-0.0,0.1080793961882591
0.2185088992118835,0.0007499764324165,0.001133638783358,550.956812,480.270977,1.0,180.0,-42.301559,-85.835487,0.0,-19.94,-0.0,0.1097590252757072
0.2151746600866317,0.0007174816564656,0.0010777442948892,550.956812,480.270977,2.0,180.0,-42.301559,-85.835487,0.0,-19.94,-0.0,0.1049411296844482
0.1978610605001449,0.0008531908970326,0.0012607428943738,550.956812,480.270977,3.0,180.0,-42.301559,-85.835487,0.0,-19.94,-0.0,0.1010234057903289
0.2147983014583587,0.0007565446430817,0.001137776649557,550.956812,480.270977,4.0,180.0,-42.301559,-85.835487,0.0,-19.94,-0.0,0.1067847087979316
0.1995540410280227,0.0008297206368297,0.0012276641791686,550.956812,480.270977,5.0,180.0,-42.301559,-85.835487,0.0,-19.94,-0.0,0.0988646671175956
0.1937819868326187,0.0007539860671386,0.001100055873394,550.956812,480.270977,6.0,180.0,-42.301559,-85.835487,0.0,-19.94,-0.0,0.0880464911460876
0.1984973549842834,0.0006669291760772,0.000979202799499,550.956812,480.270977,7.0,180.0,-42.301559,-85.835487,0.0,-19.94,-0.0,0.0911666676402092
0.21653713285923,0.0007742859306745,0.0011581070721149,550.956812,480.270977,8.0,180.0,-42.301559,-85.835487,0.0,-19.94,-0.0,0.1049627512693405
0.1927162557840347,0.0007389166858047,0.0010698159458115,550.956812,480.270977,9.0,180.0,-42.301559,-85.835487,0.0,-19.94,-0.0,0.0892237573862075
0.1865210682153701,0.0006655518664047,0.0009516904246993,550.956812,480.270977,10.0,180.0,-42.301559,-85.835487,0.0,-19.94,-0.0,0.0916988551616668
0.1890775561332702,0.0006136244628578,0.000888786453288,550.956812,480.270977,11.0,180.0,-42.301559,-85.835487,0.0,-19.94,-0.0,0.0852598920464515
0.1833515167236328,0.0004802525509148,0.0006800552946515,550.956812,480.270977,12.0,180.0,-42.301559,-85.835487,0.0,-19.94,-0.0,0.0707521885633468
0.2443324625492096,0.0004874806909356,0.0007506646797992,550.956812,480.270977,13.0,180.0,-42.301559,-85.835487,0.0,-19.94,-0.0,0.1128416657447815
0.2180553674697876,0.0004314010730013,0.0006345845176838,550.956812,480.270977,14.0,180.0,-42.301559,-85.835487,0.0,-19.94,-0.0,0.0986966490745544
0.2269618660211563,0.0004517636552918,0.0006802876014262,550.956812,480.270977,15.0,180.0,-42.301559,-85.835487,0.0,-19.94,-0.0,0.103736899793148
0.1718658059835434,0.0003672738384921,0.0005068106111139,550.956812,480.270977,16.0,180.0,-42.301559,-85.835487,0.0,-19.94,-0.0,0.0783729702234268
0.2086827605962753,0.0003347719029989,0.0004842132038902,550.956812,480.270977,17.0,180.0,-42.301559,-85.835487,0.0,-19.94,-0.0,0.0974983572959899
0.2366850525140762,0.0003174544253852,0.0004752832173835,550.956812,480.270977,18.0,180.0,-42.301559,-85.835487,0.0,-19.94,-0.0,0.1145361810922622
0.1569602936506271,0.0003243792452849,0.000431083724834,550.956812,480.270977,19.0,180.0,-42.301559,-85.835487,0.0,-19.94,-0.0,0.077690839767456
0.1955283731222152,0.0006676142802461,0.0009805595036596,550.956812,480.270977,0.0,180.0,-42.301559,-85.835487,-0.0,-19.881,-0.0,0.0857338160276413
0.2092601805925369,0.0007702897419221,0.0011538127437233,550.956812,480.270977,1.0,180.0,-42.301559,-85.835487,-0.0,-19.881,-0.0,0.1101534068584442
0.201912835240364,0.0007679565460421,0.0011418466456234,550.956812,480.270977,2.0,180.0,-42.301559,-85.835487,-0.0,-19.881,-0.0,0.098704308271408
0.2098662257194519,0.0008745261002331,0.0013139232760295,550.956812,480.270977,3.0,180.0,-42.301559,-85.835487,-0.0,-19.881,-0.0,0.1121592223644256
0.1883311122655868,0.0008106596651487,0.0011733776191249,550.956812,480.270977,4.0,180.0,-42.301559,-85.835487,-0.0,-19.881,-0.0,0.0907443165779113
0.1699693351984024,0.0008017551735974,0.0011302325874567,550.956812,480.270977,5.0,180.0,-42.301559,-85.835487,-0.0,-19.881,-0.0,0.0773680135607719
0.2023420333862304,0.0007633731001988,0.0011208782671019,550.956812,480.270977,6.0,180.0,-42.301559,-85.835487,-0.0,-19.881,-0.0,0.0920849069952964
0.1973419189453125,0.0008288547396659,0.0012150751426815,550.956812,480.270977,7.0,180.0,-42.301559,-85.835487,-0.0,-19.881,-0.0,0.1015891432762146
0.1460374891757965,0.0006896199774928,0.000937660690397,550.956812,480.270977,8.0,180.0,-42.301559,-85.835487,-0.0,-19.881,-0.0,0.0584542229771614
0.1494385749101638,0.0006938310107216,0.0009498478611931,550.956812,480.270977,9.0,180.0,-42.301559,-85.835487,-0.0,-19.881,-0.0,0.0698015987873077
0.1963534206151962,0.0006867230404168,0.0010022793430835,550.956812,480.270977,10.0,180.0,-42.301559,-85.835487,-0.0,-19.881,-0.0,0.0944418534636497
0.2202038913965225,0.0005836357013322,0.0008730308618396,550.956812,480.270977,11.0,180.0,-42.301559,-85.835487,-0.0,-19.881,-0.0,0.1024278104305267
0.2210381180047989,0.0006140295299701,0.0009174320148304,550.956812,480.270977,12.0,180.0,-42.301559,-85.835487,-0.0,-19.881,-0.0,0.1022389158606529
0.213027074933052,0.0005367991980165,0.0007947236881591,550.956812,480.270977,13.0,180.0,-42.301559,-85.835487,-0.0,-19.881,-0.0,0.0995947569608688
0.218627393245697,0.0004376695724204,0.0006454198155552,550.956812,480.270977,14.0,180.0,-42.301559,-85.835487,-0.0,-19.881,-0.0,0.0975381284952163
0.2285880595445633,0.0004767417849507,0.0007145248819142,550.956812,480.270977,15.0,180.0,-42.301559,-85.835487,-0.0,-19.881,-0.0,0.1083019450306892
0.2206342369318008,0.0004181817930657,0.0006222036317922,550.956812,480.270977,16.0,180.0,-42.301559,-85.835487,-0.0,-19.881,-0.0,0.1017232611775398
0.2004863023757934,0.0003425819741096,0.0004894776502624,550.956812,480.270977,17.0,180.0,-42.301559,-85.835487,-0.0,-19.881,-0.0,0.0901800692081451
0.2275821268558502,0.0003185860114172,0.0004656823293771,550.956812,480.270977,18.0,180.0,-42.301559,-85.835487,-0.0,-19.881,-0.0,0.1045243367552757
0.2066594362258911,0.0002760040806606,0.000381101941457,550.956812,480.270977,19.0,180.0,-42.301559,-85.835487,-0.0,-19.881,-0.0,0.0844599977135658
0.2566245794296264,0.0007007359527051,0.0011622414458543,550.956812,480.270977,0.0,180.0,-42.301559,-85.835487,-0.0,-19.763,-0.0,0.1244668886065483
0.229326844215393,0.0007395130232907,0.0011774454033002,550.956812,480.270977,1.0,180.0,-42.301559,-85.835487,-0.0,-19.763,-0.0,0.0985425561666488
0.2450945824384689,0.0007025339291431,0.0011428070720285,550.956812,480.270977,2.0,180.0,-42.301559,-85.835487,-0.0,-19.763,-0.0,0.1103786826133728
0.2464411705732345,0.0007419055909849,0.0012050946243107,550.956812,480.270977,3.0,180.0,-42.301559,-85.835487,-0.0,-19.763,-0.0,0.1134686917066574
0.2479142993688583,0.0007161490502767,0.0011585708707571,550.956812,480.270977,4.0,180.0,-42.301559,-85.835487,-0.0,-19.763,-0.0,0.1133814230561256
0.258459061384201,0.0007129705045372,0.0011744761141017,550.956812,480.270977,5.0,180.0,-42.301559,-85.835487,-0.0,-19.763,-0.0,0.1214749738574028
0.2494519054889679,0.0007647232851013,0.0012385391164571,550.956812,480.270977,6.0,180.0,-42.301559,-85.835487,-0.0,-19.763,-0.0,0.1251076459884643
0.2427777498960495,0.0007504941313527,0.0012037378037348,550.956812,480.270977,7.0,180.0,-42.301559,-85.835487,-0.0,-19.763,-0.0,0.1116881817579269
0.1987915188074112,0.000597714795731,0.0008993840310722,550.956812,480.270977,8.0,180.0,-42.301559,-85.835487,-0.0,-19.763,-0.0,0.0759621262550354
0.186612993478775,0.0006056884303689,0.000908161397092,550.956812,480.270977,9.0,180.0,-42.301559,-85.835487,-0.0,-19.763,-0.0,0.0757024064660072
0.2078781574964523,0.0006447450723499,0.0009886641055345,550.956812,480.270977,10.0,180.0,-42.301559,-85.835487,-0.0,-19.763,-0.0,0.0915500223636627
0.2471788078546524,0.0005747045506723,0.0009190065902657,550.956812,480.270977,11.0,180.0,-42.301559,-85.835487,-0.0,-19.763,-0.0,0.1109239012002945
0.2064494490623474,0.0005043853307142,0.0007648667669855,550.956812,480.270977,12.0,180.0,-42.301559,-85.835487,-0.0,-19.763,-0.0,0.0913634598255157
0.200221449136734,0.000453064974863,0.0006737131625413,550.956812,480.270977,13.0,180.0,-42.301559,-85.835487,-0.0,-19.763,-0.0,0.0836845785379409
0.2465134412050247,0.0004815609718207,0.0007701875292696,550.956812,480.270977,14.0,180.0,-42.301559,-85.835487,-0.0,-19.763,-0.0,0.1082449331879615
0.2195780128240585,0.0004028964904136,0.0006200974457897,550.956812,480.270977,15.0,180.0,-42.301559,-85.835487,-0.0,-19.763,-0.0,0.0929580777883529
0.2721463143825531,0.0003811482456512,0.0006188199040479,550.956812,480.270977,16.0,180.0,-42.301559,-85.835487,-0.0,-19.763,-0.0,0.1289990991353988
0.2646022737026214,0.0004152928304392,0.0006799984839744,550.956812,480.270977,17.0,180.0,-42.301559,-85.835487,-0.0,-19.763,-0.0,0.1260435432195663
0.2571142613887787,0.0002962044382002,0.0004709336790256,550.956812,480.270977,18.0,180.0,-42.301559,-85.835487,-0.0,-19.763,-0.0,0.118335485458374
0.2985066473484039,0.0002179724688176,0.0003678065550047,550.956812,480.270977,19.0,180.0,-42.301559,-85.835487,-0.0,-19.763,-0.0,0.1308208703994751
0.2315716594457626,0.0007006045198068,0.0011113286018371,550.956812,480.270977,0.0,180.0,-42.301559,-85.835487,-0.0,-19.762,-0.0,0.1077540218830108
0.2163198888301849,0.0007700923015363,0.0011965460143983,550.956812,480.270977,1.0,180.0,-42.301559,-85.835487,-0.0,-19.762,-0.0,0.1015485972166061
0.1819845139980316,0.0006555002182722,0.0009629958658479,550.956812,480.270977,2.0,180.0,-42.301559,-85.835487,-0.0,-19.762,-0.0,0.0658704787492752
0.2363444119691848,0.0007563235703855,0.0011978031834587,550.956812,480.270977,3.0,180.0,-42.301559,-85.835487,-0.0,-19.762,-0.0,0.1149123981595039
0.2266603112220764,0.0008022406836971,0.0012606260133907,550.956812,480.270977,4.0,180.0,-42.301559,-85.835487,-0.0,-19.762,-0.0,0.116668052971363
0.2410787642002105,0.0007178734522312,0.0011447598226368,550.956812,480.270977,5.0,180.0,-42.301559,-85.835487,-0.0,-19.762,-0.0,0.1137563064694404
0.2359608858823776,0.0007424823124893,0.0011746587697416,550.956812,480.270977,6.0,180.0,-42.301559,-85.835487,-0.0,-19.762,-0.0,0.1141648367047309
0.2512290775775909,0.0006946951034478,0.0011188770877197,550.956812,480.270977,7.0,180.0,-42.301559,-85.835487,-0.0,-19.762,-0.0,0.1234851777553558
0.2454427778720855,0.0007566936546936,0.0012023517629131,550.956812,480.270977,8.0,180.0,-42.301559,-85.835487,-0.0,-19.762,-0.0,0.1266408860683441
0.2258670479059219,0.0006895954720675,0.0010642005363479,550.956812,480.270977,9.0,180.0,-42.301559,-85.835487,-0.0,-19.762,-0.0,0.1068988814949989
0.2178239375352859,0.0006663336534984,0.0010259773116558,550.956812,480.270977,10.0,180.0,-42.301559,-85.835487,-0.0,-19.762,-0.0,0.1048121452331543
0.2035862803459167,0.0006152710411697,0.0009296219795942,550.956812,480.270977,11.0,180.0,-42.301559,-85.835487,-0.0,-19.762,-0.0,0.0928062796592712
0.2621904909610748,0.0005365671822801,0.0008676185389049,550.956812,480.270977,12.0,180.0,-42.301559,-85.835487,-0.0,-19.762,-0.0,0.1191480606794357
0.2221531271934509,0.000520315952599,0.0007912128348834,550.956812,480.270977,13.0,180.0,-42.301559,-85.835487,-0.0,-19.762,-0.0,0.107164554297924
0.2449164986610412,0.0004243383591528,0.0006782002747058,550.956812,480.270977,14.0,180.0,-42.301559,-85.835487,-0.0,-19.762,-0.0,0.1079322025179863
0.2482794225215912,0.0003848896303679,0.0006091863033361,550.956812,480.270977,15.0,180.0,-42.301559,-85.835487,-0.0,-19.762,-0.0,0.1124122589826583
0.2423696517944336,0.000358880351996,0.0005679870955646,550.956812,480.270977,16.0,180.0,-42.301559,-85.835487,-0.0,-19.762,-0.0,0.1081369370222091
0.2182714641094207,0.0003309029852971,0.0005020799580961,550.956812,480.270977,17.0,180.0,-42.301559,-85.835487,-0.0,-19.762,-0.0,0.1045690327882766
0.2371734082698822,0.0003533760027494,0.0005524905864149,550.956812,480.270977,18.0,180.0,-42.301559,-85.835487,-0.0,-19.762,-0.0,0.1105464100837707
0.3053092956542969,0.0002835220657289,0.0004859258187934,550.956812,480.270977,19.0,180.0,-42.301559,-85.835487,-0.0,-19.762,-0.0,0.1487313210964203
0.2074616253376007,0.0007049685809761,0.0010541074443608,550.956812,480.270977,0.0,180.0,-42.301559,-85.835487,0.0,-19.706,-0.0,0.0981661975383758
0.2130458950996399,0.0008097852696664,0.0012236033799126,550.956812,480.270977,1.0,180.0,-42.301559,-85.835487,0.0,-19.706,-0.0,0.1172504648566246
0.2004161775112152,0.0008729566470719,0.001294074114412,550.956812,480.270977,2.0,180.0,-42.301559,-85.835487,0.0,-19.706,-0.0,0.1046116426587104
0.1918563395738601,0.0008357098558917,0.0012254135217517,550.956812,480.270977,3.0,180.0,-42.301559,-85.835487,0.0,-19.706,-0.0,0.0953864827752113
0.1641658991575241,0.0007500538486056,0.0010587613796815,550.956812,480.270977,4.0,180.0,-42.301559,-85.835487,0.0,-19.706,-0.0,0.0730289444327354
0.1883835643529892,0.0008362622465938,0.0012231289874762,550.956812,480.270977,5.0,180.0,-42.301559,-85.835487,0.0,-19.706,-0.0,0.0873626917600631
0.1789741367101669,0.0007841907208785,0.0011306050000712,550.956812,480.270977,6.0,180.0,-42.301559,-85.835487,0.0,-19.706,-0.0,0.0841828063130378
0.1843971759080886,0.0007867109961807,0.0011388818966224,550.956812,480.270977,7.0,180.0,-42.301559,-85.835487,0.0,-19.706,-0.0,0.086761437356472
0.2078619003295898,0.0008083888678811,0.0012026547919958,550.956812,480.270977,8.0,180.0,-42.301559,-85.835487,0.0,-19.706,-0.0,0.1047014072537422
0.1367812007665634,0.000658550998196,0.0008808341808617,550.956812,480.270977,9.0,180.0,-42.301559,-85.835487,0.0,-19.706,-0.0,0.0634028986096382
0.1525668352842331,0.0007345902267843,0.0010079141939058,550.956812,480.270977,10.0,180.0,-42.301559,-85.835487,0.0,-19.706,-0.0,0.0621449388563632
0.2149679511785507,0.0005996632389724,0.000889288727194,550.956812,480.270977,11.0,180.0,-42.301559,-85.835487,0.0,-19.706,-0.0,0.0990967974066734
0.1294948011636734,0.0005053170607425,0.000662179198116,550.956812,480.270977,12.0,180.0,-42.301559,-85.835487,0.0,-19.706,-0.0,0.052315417677164
0.2089253216981887,0.0005472818156704,0.0008047959418036,550.956812,480.270977,13.0,180.0,-42.301559,-85.835487,0.0,-19.706,-0.0,0.1000857576727867
0.2392219603061676,0.0005192201351746,0.0007874473812989,550.956812,480.270977,14.0,180.0,-42.301559,-85.835487,0.0,-19.706,-0.0,0.1151014119386673
0.2337981015443802,0.0004215695662423,0.0006381566636264,550.956812,480.270977,15.0,180.0,-42.301559,-85.835487,0.0,-19.706,-0.0,0.1108232140541076
0.2326585054397583,0.0003786479064729,0.0005720610497519,550.956812,480.270977,16.0,180.0,-42.301559,-85.835487,0.0,-19.706,-0.0,0.1071782857179641
0.2000382393598556,0.0003312465560156,0.0004769972292706,550.956812,480.270977,17.0,180.0,-42.301559,-85.835487,0.0,-19.706,-0.0,0.0938934013247489
0.2301152944564819,0.0003090884129051,0.000461464835098,550.956812,480.270977,18.0,180.0,-42.301559,-85.835487,0.0,-19.706,-0.0,0.1069248095154762
0.2625958621501922,0.0002351379371248,0.0003625036042649,550.956812,480.270977,19.0,180.0,-42.301559,-85.835487,0.0,-19.706,-0.0,0.1204092130064964
0.2107070982456207,0.0006889833603054,0.0010827146470546,550.956812,480.270977,0.0,180.0,-42.301559,-85.835487,-0.0,-19.62,-0.0,0.0933638736605644
0.2625424861907959,0.0007542432867921,0.0012564628850668,550.956812,480.270977,1.0,180.0,-42.301559,-85.835487,-0.0,-19.62,-0.0,0.1337053179740905
0.2523640394210815,0.0007027113460935,0.001152902143076,550.956812,480.270977,2.0,180.0,-42.301559,-85.835487,-0.0,-19.62,-0.0,0.1222479343414306
0.2620350122451782,0.0007518965285271,0.0012389619369059,550.956812,480.270977,3.0,180.0,-42.301559,-85.835487,-0.0,-19.62,-0.0,0.1292904317378997
0.2488915622234344,0.0007085642428137,0.0011442962568253,550.956812,480.270977,4.0,180.0,-42.301559,-85.835487,-0.0,-19.62,-0.0,0.1184915527701377
0.2315004020929336,0.0006917856517247,0.0010903218062594,550.956812,480.270977,5.0,180.0,-42.301559,-85.835487,-0.0,-19.62,-0.0,0.0911055579781532
0.2368294149637222,0.0007168513257056,0.0011415932094678,550.956812,480.270977,6.0,180.0,-42.301559,-85.835487,-0.0,-19.62,-0.0,0.1095247045159339
0.2263371050357818,0.0007534426404163,0.001180296530947,550.956812,480.270977,7.0,180.0,-42.301559,-85.835487,-0.0,-19.62,-0.0,0.1008453369140625
0.2513987421989441,0.0006739227683283,0.0010889314580708,550.956812,480.270977,8.0,180.0,-42.301559,-85.835487,-0.0,-19.62,-0.0,0.1147031784057617
0.2509348690509796,0.0006788654136471,0.00109520542901,550.956812,480.270977,9.0,180.0,-42.301559,-85.835487,-0.0,-19.62,-0.0,0.1188975870609283
0.2686773240566253,0.0005647275829687,0.0009268133435398,550.956812,480.270977,10.0,180.0,-42.301559,-85.835487,-0.0,-19.62,-0.0,0.1286360621452331
0.2504393756389618,0.0005859828088432,0.0009462588932365,550.956812,480.270977,11.0,180.0,-42.301559,-85.835487,-0.0,-19.62,-0.0,0.1171262636780738
0.1760035753250122,0.0005560020217671,0.0007907124818302,550.956812,480.270977,12.0,180.0,-42.301559,-85.835487,-0.0,-19.62,-0.0,0.0814144685864448
0.2059531807899475,0.000465385033749,0.0006892591482028,550.956812,480.270977,13.0,180.0,-42.301559,-85.835487,-0.0,-19.62,-0.0,0.0940935313701629
0.2366453111171722,0.0004843767383135,0.0007554829353466,550.956812,480.270977,14.0,180.0,-42.301559,-85.835487,-0.0,-19.62,-0.0,0.1038054302334785
0.236125037074089,0.0004031544085592,0.0006356901139952,550.956812,480.270977,15.0,180.0,-42.301559,-85.835487,-0.0,-19.62,-0.0,0.1078828424215316
0.2601666748523712,0.0003879647701978,0.0006233573076315,550.956812,480.270977,16.0,180.0,-42.301559,-85.835487,-0.0,-19.62,-0.0,0.1224426627159118
0.2558591365814209,0.0004041395441163,0.000658267061226,550.956812,480.270977,17.0,180.0,-42.301559,-85.835487,-0.0,-19.62,-0.0,0.125759869813919
0.2757930159568786,0.0002763905504252,0.0004532465245574,550.956812,480.270977,18.0,180.0,-42.301559,-85.835487,-0.0,-19.62,-0.0,0.1274600327014923
0.2264546900987625,0.000241262387135,0.0003667417622637,550.956812,480.270977,19.0,180.0,-42.301559,-85.835487,-0.0,-19.62,-0.0,0.1027730405330658
0.2369917631149292,0.0006342541310004,0.0010240983683615,550.956812,480.270977,0.0,180.0,-42.301559,-85.835487,-0.0,-19.58,-0.0,0.102057434618473
0.258066862821579,0.0007114699692465,0.0011768755502998,550.956812,480.270977,1.0,180.0,-42.301559,-85.835487,-0.0,-19.58,-0.0,0.1127172783017158
0.2373901605606079,0.0007196083897724,0.0011499461252242,550.956812,480.270977,2.0,180.0,-42.301559,-85.835487,-0.0,-19.58,-0.0,0.0994096547365188
0.2385254055261612,0.0007476562750525,0.001200150582008,550.956812,480.270977,3.0,180.0,-42.301559,-85.835487,-0.0,-19.58,-0.0,0.1061951071023941
0.2297961413860321,0.0007052421569824,0.0011139317648485,550.956812,480.270977,4.0,180.0,-42.301559,-85.835487,-0.0,-19.58,-0.0,0.1006017699837684
0.2461991906166076,0.0006983426283113,0.0011290705297142,550.956812,480.270977,5.0,180.0,-42.301559,-85.835487,-0.0,-19.58,-0.0,0.1176314726471901
0.2400685548782348,0.0007919933414086,0.0012730824528262,550.956812,480.270977,6.0,180.0,-42.301559,-85.835487,-0.0,-19.58,-0.0,0.1069419309496879
0.237401470541954,0.0006962690968066,0.0011045234277844,550.956812,480.270977,7.0,180.0,-42.301559,-85.835487,-0.0,-19.58,-0.0,0.108408935368061
0.222814679145813,0.0007800919702276,0.0012147307861596,550.956812,480.270977,8.0,180.0,-42.301559,-85.835487,-0.0,-19.58,-0.0,0.1069384738802909
0.2126911878585815,0.000746683566831,0.001140252337791,550.956812,480.270977,9.0,180.0,-42.301559,-85.835487,-0.0,-19.58,-0.0,0.1009391620755195
0.2162355184555053,0.0006756983930245,0.0010360802989453,550.956812,480.270977,10.0,180.0,-42.301559,-85.835487,-0.0,-19.58,-0.0,0.0934209451079368
0.2454417794942855,0.000570815813262,0.0009115990833379,550.956812,480.270977,11.0,180.0,-42.301559,-85.835487,-0.0,-19.58,-0.0,0.1108485385775566
0.2574387788772583,0.000510646845214,0.0008266062941402,550.956812,480.270977,12.0,180.0,-42.301559,-85.835487,-0.0,-19.58,-0.0,0.1213758885860443
0.2197251468896865,0.0004823466297239,0.0007417686865665,550.956812,480.270977,13.0,180.0,-42.301559,-85.835487,-0.0,-19.58,-0.0,0.0920909345149993
0.2400777786970138,0.0004063150263391,0.0006398692494258,550.956812,480.270977,14.0,180.0,-42.301559,-85.835487,-0.0,-19.58,-0.0,0.1029855534434318
0.2723934650421142,0.0003568873507902,0.0005852766917087,550.956812,480.270977,15.0,180.0,-42.301559,-85.835487,-0.0,-19.58,-0.0,0.117512971162796
0.2848328649997711,0.000356718985131,0.0005997190019115,550.956812,480.270977,16.0,180.0,-42.301559,-85.835487,-0.0,-19.58,-0.0,0.1350305080413818
0.2254089415073394,0.0002923277206718,0.0004394451971165,550.956812,480.270977,17.0,180.0,-42.301559,-85.835487,-0.0,-19.58,-0.0,0.1003181859850883
0.2256920635700225,0.0003408388001844,0.0005210665403865,550.956812,480.270977,18.0,180.0,-42.301559,-85.835487,-0.0,-19.58,-0.0,0.1069762259721756
0.2489849328994751,0.0003069502126891,0.0004829762037843,550.956812,480.270977,19.0,180.0,-42.301559,-85.835487,-0.0,-19.58,-0.0,0.1184475719928741
0.2287778109312057,0.0007626516162417,0.0012123114429414,550.956812,480.270977,0.0,180.0,-42.301559,-85.835487,-0.0,-19.597,-0.0,0.110768124461174
0.2377629429101944,0.0007573068141937,0.0012074136175215,550.956812,480.270977,1.0,180.0,-42.301559,-85.835487,-0.0,-19.597,-0.0,0.1134311705827713
0.2464095056056976,0.0007463616784662,0.0011973404325544,550.956812,480.270977,2.0,180.0,-42.301559,-85.835487,-0.0,-19.597,-0.0,0.1198938563466072
0.2394311875104904,0.000744292861782,0.0011844475520774,550.956812,480.270977,3.0,180.0,-42.301559,-85.835487,-0.0,-19.597,-0.0,0.1169054806232452
0.2371094822883606,0.0007516290061175,0.0011880029924213,550.956812,480.270977,4.0,180.0,-42.301559,-85.835487,-0.0,-19.597,-0.0,0.1151188686490058
0.209703117609024,0.0006657809135504,0.0010105239925906,550.956812,480.270977,5.0,180.0,-42.301559,-85.835487,-0.0,-19.597,-0.0,0.0947984233498573
0.2239798307418823,0.0007547269924543,0.0011739681940525,550.956812,480.270977,6.0,180.0,-42.301559,-85.835487,-0.0,-19.597,-0.0,0.1027895733714103
0.2374298721551895,0.0007349309162236,0.0011601039441302,550.956812,480.270977,7.0,180.0,-42.301559,-85.835487,-0.0,-19.597,-0.0,0.1191599443554878
0.234995424747467,0.0006522288895212,0.0010173026239499,550.956812,480.270977,8.0,180.0,-42.301559,-85.835487,-0.0,-19.597,-0.0,0.1076474413275718
0.2161991447210312,0.0006116281729191,0.0009354588109999,550.956812,480.270977,9.0,180.0,-42.301559,-85.835487,-0.0,-19.597,-0.0,0.0938275903463363
0.2207091152667999,0.0005545935127884,0.0008543813019059,550.956812,480.270977,10.0,180.0,-42.301559,-85.835487,-0.0,-19.597,-0.0,0.096493050456047
0.2572211623191833,0.0006075484561733,0.0009789336472749,550.956812,480.270977,11.0,180.0,-42.301559,-85.835487,-0.0,-19.597,-0.0,0.1195708066225051
0.2225794792175293,0.0005083180149085,0.0007726916810497,550.956812,480.270977,12.0,180.0,-42.301559,-85.835487,-0.0,-19.597,-0.0,0.1019296646118164
0.2278234511613845,0.0004995740018785,0.0007703824085183,550.956812,480.270977,13.0,180.0,-42.301559,-85.835487,-0.0,-19.597,-0.0,0.1108182147145271
0.2502945065498352,0.0004268029297236,0.0006747597362846,550.956812,480.270977,14.0,180.0,-42.301559,-85.835487,-0.0,-19.597,-0.0,0.116136834025383
0.2345745414495468,0.0004192408232484,0.000645350839477,550.956812,480.270977,15.0,180.0,-42.301559,-85.835487,-0.0,-19.597,-0.0,0.1067084968090057
0.259226530790329,0.0003643060335889,0.0005824098479934,550.956812,480.270977,16.0,180.0,-42.301559,-85.835487,-0.0,-19.597,-0.0,0.1195735707879066
0.2065461575984954,0.0002989182248711,0.0004346331988926,550.956812,480.270977,17.0,180.0,-42.301559,-85.835487,-0.0,-19.597,-0.0,0.0948852002620697
0.2462967336177826,0.0003144117072224,0.0004897753242403,550.956812,480.270977,18.0,180.0,-42.301559,-85.835487,-0.0,-19.597,-0.0,0.1064354106783866
0.2145658880472183,0.0002213765983469,0.0003259828663431,550.956812,480.270977,19.0,180.0,-42.301559,-85.835487,-0.0,-19.597,-0.0,0.08356723934412
0.2234063744544983,0.00073454255471,0.0011520301923155,550.956812,480.270977,0.0,180.0,-42.301559,-85.835487,-0.0,-19.575,-0.0,0.0976108461618423
0.2507550120353699,0.0007298000273294,0.0011835310142487,550.956812,480.270977,1.0,180.0,-42.301559,-85.835487,-0.0,-19.575,-0.0,0.12080879509449
0.2452140748500824,0.0007528378046117,0.0012127790832892,550.956812,480.270977,2.0,180.0,-42.301559,-85.835487,-0.0,-19.575,-0.0,0.1178367212414741
0.2106740176677703,0.000769282283727,0.0011835404438897,550.956812,480.270977,3.0,180.0,-42.301559,-85.835487,-0.0,-19.575,-0.0,0.1116476282477378
0.2129503190517425,0.0006905013578943,0.0010578759247437,550.956812,480.270977,4.0,180.0,-42.301559,-85.835487,-0.0,-19.575,-0.0,0.0861179903149604
0.2456628084182739,0.0007309019565582,0.0011717943707481,550.956812,480.270977,5.0,180.0,-42.301559,-85.835487,-0.0,-19.575,-0.0,0.1181542575359344
0.2284767478704452,0.0007334153633564,0.0011445120908319,550.956812,480.270977,6.0,180.0,-42.301559,-85.835487,-0.0,-19.575,-0.0,0.1142972409725189
0.2365419566631317,0.0006947064539417,0.0010974459582939,550.956812,480.270977,7.0,180.0,-42.301559,-85.835487,-0.0,-19.575,-0.0,0.1076185330748558
0.2436055690050125,0.0007031889399513,0.0011158627457916,550.956812,480.270977,8.0,180.0,-42.301559,-85.835487,-0.0,-19.575,-0.0,0.1237702369689941
0.2154611647129058,0.0006406222237274,0.0009874762035906,550.956812,480.270977,9.0,180.0,-42.301559,-85.835487,-0.0,-19.575,-0.0,0.0988737121224403
0.2121575474739074,0.0006780924741178,0.001038170652464,550.956812,480.270977,10.0,180.0,-42.301559,-85.835487,-0.0,-19.575,-0.0,0.0966564193367958
0.2439048439264297,0.0005561966681852,0.0008877299842424,550.956812,480.270977,11.0,180.0,-42.301559,-85.835487,-0.0,-19.575,-0.0,0.1170641481876373
0.2284714132547378,0.0005136180552653,0.0008041749824769,550.956812,480.270977,12.0,180.0,-42.301559,-85.835487,-0.0,-19.575,-0.0,0.103634089231491
0.210683524608612,0.0004726363695226,0.0007099792128428,550.956812,480.270977,13.0,180.0,-42.301559,-85.835487,-0.0,-19.575,-0.0,0.0986587926745414
0.2033995240926742,0.0004770700761582,0.0007037648465484,550.956812,480.270977,14.0,180.0,-42.301559,-85.835487,-0.0,-19.575,-0.0,0.090307667851448
0.2250017672777176,0.0004329789371695,0.0006634294986724,550.956812,480.270977,15.0,180.0,-42.301559,-85.835487,-0.0,-19.575,-0.0,0.1037631258368492
0.2085732221603393,0.0003553788992576,0.0005337385227903,550.956812,480.270977,16.0,180.0,-42.301559,-85.835487,-0.0,-19.575,-0.0,0.0964166820049285
0.2276541292667389,0.0003610033600125,0.0005570313660427,550.956812,480.270977,17.0,180.0,-42.301559,-85.835487,-0.0,-19.575,-0.0,0.1068807616829872
0.2386298924684524,0.0003659451322164,0.000575392099563,550.956812,480.270977,18.0,180.0,-42.301559,-85.835487,-0.0,-19.575,-0.0,0.1203899756073951
0.2223292589187622,0.0002944121952168,0.0004489234706852,550.956812,480.270977,19.0,180.0,-42.301559,-85.835487,-0.0,-19.575,-0.0,0.1044281423091888
0.2142956554889679,0.0008289642864838,0.0012505474733188,550.956812,480.270977,0.0,180.0,-42.301559,-85.835487,-0.0,-19.518,-0.0,0.1138153150677681
0.2006329298019409,0.0006830481579527,0.0010067921830341,550.956812,480.270977,1.0,180.0,-42.301559,-85.835487,-0.0,-19.518,-0.0,0.0956047475337982
0.2001102119684219,0.0008119855774566,0.0012010079808533,550.956812,480.270977,2.0,180.0,-42.301559,-85.835487,-0.0,-19.518,-0.0,0.0973113253712654
0.2116802036762237,0.0008462162804789,0.0012671360746026,550.956812,480.270977,3.0,180.0,-42.301559,-85.835487,-0.0,-19.518,-0.0,0.1142701804637909
0.1998464167118072,0.0008535429369658,0.0012537433067336,550.956812,480.270977,4.0,180.0,-42.301559,-85.835487,-0.0,-19.518,-0.0,0.1069355234503746
0.2062763571739196,0.0007587653235532,0.0011275910073891,550.956812,480.270977,5.0,180.0,-42.301559,-85.835487,-0.0,-19.518,-0.0,0.1044702231884002
0.173166736960411,0.0008122851140797,0.0011441610986366,550.956812,480.270977,6.0,180.0,-42.301559,-85.835487,-0.0,-19.518,-0.0,0.0824117660522461
0.2054420262575149,0.0008343114750459,0.0012350641191005,550.956812,480.270977,7.0,180.0,-42.301559,-85.835487,-0.0,-19.518,-0.0,0.1016365587711334
0.1868010759353637,0.0008455128408968,0.0012275741901248,550.956812,480.270977,8.0,180.0,-42.301559,-85.835487,-0.0,-19.518,-0.0,0.0926282182335853
0.1552329808473587,0.0006129136891104,0.000837092869915,550.956812,480.270977,9.0,180.0,-42.301559,-85.835487,-0.0,-19.518,-0.0,0.0621080733835697
0.1993823945522308,0.0006124667706899,0.0008849917212501,550.956812,480.270977,10.0,180.0,-42.301559,-85.835487,-0.0,-19.518,-0.0,0.0865281224250793
0.1905436664819717,0.0006471408996731,0.0009357433300465,550.956812,480.270977,11.0,180.0,-42.301559,-85.835487,-0.0,-19.518,-0.0,0.0934392139315605
0.2103554010391235,0.0005988272023387,0.0008834453183226,550.956812,480.270977,12.0,180.0,-42.301559,-85.835487,-0.0,-19.518,-0.0,0.0974811539053917
0.2096267342567443,0.0006118280580267,0.0009011573856696,550.956812,480.270977,13.0,180.0,-42.301559,-85.835487,-0.0,-19.518,-0.0,0.1046127900481224
0.21112060546875,0.0004494962049648,0.0006584538496099,550.956812,480.270977,14.0,180.0,-42.301559,-85.835487,-0.0,-19.518,-0.0,0.0940030887722969
0.2469338029623031,0.000412084540585,0.0006293447804637,550.956812,480.270977,15.0,180.0,-42.301559,-85.835487,-0.0,-19.518,-0.0,0.1185906305909156
0.2314148396253585,0.0003706064017023,0.0005568095948547,550.956812,480.270977,16.0,180.0,-42.301559,-85.835487,-0.0,-19.518,-0.0,0.1044357120990753
0.2444741874933242,0.0003380465786904,0.0005150872748345,550.956812,480.270977,17.0,180.0,-42.301559,-85.835487,-0.0,-19.518,-0.0,0.1173486709594726
0.1823654174804687,0.0003460623556748,0.0004823902563657,550.956812,480.270977,18.0,180.0,-42.301559,-85.835487,-0.0,-19.518,-0.0,0.0869068726897239
0.2104769200086593,0.0003022522432729,0.000439934869064,550.956812,480.270977,19.0,180.0,-42.301559,-85.835487,-0.0,-19.518,-0.0,0.098437026143074
0.190545380115509,0.0007622010307386,0.0011193465907126,550.956812,480.270977,0.0,180.0,-42.301559,-85.835487,-0.0,-19.476,-0.0,0.0924506783485412
0.1999646425247192,0.0007500201463699,0.0011098948307335,550.956812,480.270977,1.0,180.0,-42.301559,-85.835487,-0.0,-19.476,-0.0,0.091666080057621
0.2190403789281845,0.0007992775645107,0.0012066325871273,550.956812,480.270977,2.0,180.0,-42.301559,-85.835487,-0.0,-19.476,-0.0,0.1108309626579284
0.2018204927444458,0.0008208629442378,0.0012161476770415,550.956812,480.270977,3.0,180.0,-42.301559,-85.835487,-0.0,-19.476,-0.0,0.0993349626660347
0.1970251500606537,0.000732508895453,0.001078677829355,550.956812,480.270977,4.0,180.0,-42.301559,-85.835487,-0.0,-19.476,-0.0,0.0921271741390228
0.2043458521366119,0.0008002863614819,0.0011865218402817,550.956812,480.270977,5.0,180.0,-42.301559,-85.835487,-0.0,-19.476,-0.0,0.0969386100769043
0.196969985961914,0.0008288703975267,0.0012191592250019,550.956812,480.270977,6.0,180.0,-42.301559,-85.835487,-0.0,-19.476,-0.0,0.0914112851023674
0.2040098905563354,0.0007256820681504,0.0010647895978763,550.956812,480.270977,7.0,180.0,-42.301559,-85.835487,-0.0,-19.476,-0.0,0.0982490554451942
0.20535409450531,0.0007569901645183,0.001115700113587,550.956812,480.270977,8.0,180.0,-42.301559,-85.835487,-0.0,-19.476,-0.0,0.0885510444641113
0.2157143950462341,0.000652156479191,0.0009655278990976,550.956812,480.270977,9.0,180.0,-42.301559,-85.835487,-0.0,-19.476,-0.0,0.1041602864861488
0.1891948729753494,0.0006807268946431,0.0009786396985873,550.956812,480.270977,10.0,180.0,-42.301559,-85.835487,-0.0,-19.476,-0.0,0.0873343050479888
0.2003606557846069,0.0006173937581479,0.0009070538799278,550.956812,480.270977,11.0,180.0,-42.301559,-85.835487,-0.0,-19.476,-0.0,0.0960653275251388
0.2148539423942566,0.0005427563446573,0.0008041663677431,550.956812,480.270977,12.0,180.0,-42.301559,-85.835487,-0.0,-19.476,-0.0,0.0989522710442543
0.1919673979282379,0.0005159240099601,0.0007340794545598,550.956812,480.270977,13.0,180.0,-42.301559,-85.835487,-0.0,-19.476,-0.0,0.0854125916957855
0.2002998292446136,0.000519149529282,0.0007556735072284,550.956812,480.270977,14.0,180.0,-42.301559,-85.835487,-0.0,-19.476,-0.0,0.0985530465841293
0.1559081822633743,0.0004151504253968,0.0005510920891538,550.956812,480.270977,15.0,180.0,-42.301559,-85.835487,-0.0,-19.476,-0.0,0.0624761246144771
0.1782009005546569,0.0004143493715673,0.0005716127343475,550.956812,480.270977,16.0,180.0,-42.301559,-85.835487,-0.0,-19.476,-0.0,0.0761346891522407
0.2298575043678283,0.0003531049296725,0.00052838929696,550.956812,480.270977,17.0,180.0,-42.301559,-85.835487,-0.0,-19.476,-0.0,0.1029480099678039
0.2780591249465942,0.0002724461082834,0.0004278876876924,550.956812,480.270977,18.0,180.0,-42.301559,-85.835487,-0.0,-19.476,-0.0,0.1235073879361152
0.2245498299598693,0.0002914845535997,0.0004289264907129,550.956812,480.270977,19.0,180.0,-42.301559,-85.835487,-0.0,-19.476,-0.0,0.1058711260557174
0.2266531735658645,0.0007016918971203,0.0011182310990989,550.956812,480.270977,0.0,180.0,-42.301559,-85.835487,-0.0,-19.477,-0.0,0.0916970893740654
0.2719792127609253,0.0006634996971115,0.0011123525910079,550.956812,480.270977,1.0,180.0,-42.301559,-85.835487,-0.0,-19.477,-0.0,0.1242865920066833
0.2523262798786163,0.0007294890237972,0.0011954759247601,550.956812,480.270977,2.0,180.0,-42.301559,-85.835487,-0.0,-19.477,-0.0,0.1182755827903747
0.2482448518276214,0.0007974192267283,0.0013036979362368,550.956812,480.270977,3.0,180.0,-42.301559,-85.835487,-0.0,-19.477,-0.0,0.1262026727199554
0.2410609126091003,0.000779625843279,0.0012560528703033,550.956812,480.270977,4.0,180.0,-42.301559,-85.835487,-0.0,-19.477,-0.0,0.1090390309691429
0.2521494626998901,0.0007254240917973,0.0011880302336066,550.956812,480.270977,5.0,180.0,-42.301559,-85.835487,-0.0,-19.477,-0.0,0.1180199459195137
0.2368689030408859,0.0007851926493458,0.0012535118730738,550.956812,480.270977,6.0,180.0,-42.301559,-85.835487,-0.0,-19.477,-0.0,0.1095148175954818
0.2350099235773086,0.0006827533361501,0.0010763332247734,550.956812,480.270977,7.0,180.0,-42.301559,-85.835487,-0.0,-19.477,-0.0,0.0991016030311584
0.1969878077507019,0.0007042724173516,0.001064371666871,550.956812,480.270977,8.0,180.0,-42.301559,-85.835487,-0.0,-19.477,-0.0,0.0907383561134338
0.2114162445068359,0.0006350612384267,0.0009579846519045,550.956812,480.270977,9.0,180.0,-42.301559,-85.835487,-0.0,-19.477,-0.0,0.0817018151283264
0.2338036894798278,0.0007002024212852,0.0011121509596705,550.956812,480.270977,10.0,180.0,-42.301559,-85.835487,-0.0,-19.477,-0.0,0.1061335578560829
0.1745927780866623,0.0006190304993651,0.0008988431072793,550.956812,480.270977,11.0,180.0,-42.301559,-85.835487,-0.0,-19.477,-0.0,0.0831046476960182
0.200906902551651,0.0006188580882735,0.0009438086417503,550.956812,480.270977,12.0,180.0,-42.301559,-85.835487,-0.0,-19.477,-0.0,0.0811137780547142
0.2050836235284805,0.0004322385648265,0.0006593192229047,550.956812,480.270977,13.0,180.0,-42.301559,-85.835487,-0.0,-19.477,-0.0,0.0935790762305259
0.20101398229599,0.0004507748817559,0.0006808513426221,550.956812,480.270977,14.0,180.0,-42.301559,-85.835487,-0.0,-19.477,-0.0,0.0778039470314979
0.2650405466556549,0.0003744711866602,0.0006159905460663,550.956812,480.270977,15.0,180.0,-42.301559,-85.835487,-0.0,-19.477,-0.0,0.1236398294568061
0.2230350524187088,0.0003762306296266,0.0005653958651237,550.956812,480.270977,16.0,180.0,-42.301559,-85.835487,-0.0,-19.477,-0.0,0.1026278659701347
0.259789764881134,0.0003424422757234,0.0005498529062606,550.956812,480.270977,17.0,180.0,-42.301559,-85.835487,-0.0,-19.477,-0.0,0.1192781031131744
0.2556179165840149,0.0002779352362267,0.0004457909672055,550.956812,480.270977,18.0,180.0,-42.301559,-85.835487,-0.0,-19.477,-0.0,0.1144681200385093
0.2326545715332031,0.0002447637671139,0.0003670480218715,550.956812,480.270977,19.0,180.0,-42.301559,-85.835487,-0.0,-19.477,-0.0,0.1008169576525688
0.2887420058250427,0.0006748977466486,0.0011799645144492,550.956812,480.270977,0.0,180.0,-42.301559,-85.835487,-0.0,-19.483,-0.0,0.1352867931127548
0.2690003216266632,0.000725814315956,0.0012268874561414,550.956812,480.270977,1.0,180.0,-42.301559,-85.835487,-0.0,-19.483,-0.0,0.1237847432494163
0.2334695756435394,0.000685344915837,0.0010937096085399,550.956812,480.270977,2.0,180.0,-42.301559,-85.835487,-0.0,-19.483,-0.0,0.0981020629405975
0.2636435329914093,0.000654662377201,0.0010893628932535,550.956812,480.270977,3.0,180.0,-42.301559,-85.835487,-0.0,-19.483,-0.0,0.107430450618267
0.2470448315143585,0.0007067765109241,0.0011608341010287,550.956812,480.270977,4.0,180.0,-42.301559,-85.835487,-0.0,-19.483,-0.0,0.0978571623563766
0.2170113325119018,0.0007056099711917,0.001102763460949,550.956812,480.270977,5.0,180.0,-42.301559,-85.835487,-0.0,-19.483,-0.0,0.0942631363868713
0.2563667595386505,0.0006815248634666,0.0011136467801406,550.956812,480.270977,6.0,180.0,-42.301559,-85.835487,-0.0,-19.483,-0.0,0.1046317294239997
0.2607999145984649,0.0006329526077024,0.0010428531095385,550.956812,480.270977,7.0,180.0,-42.301559,-85.835487,-0.0,-19.483,-0.0,0.111811064183712
0.2571408450603485,0.0006831724313087,0.0011233282275497,550.956812,480.270977,8.0,180.0,-42.301559,-85.835487,-0.0,-19.483,-0.0,0.1147615015506744
0.2413540035486221,0.0006434281240217,0.0010367087088525,550.956812,480.270977,9.0,180.0,-42.301559,-85.835487,-0.0,-19.483,-0.0,0.1081173196434974
0.2143873274326324,0.000689395063091,0.001059352653101,550.956812,480.270977,10.0,180.0,-42.301559,-85.835487,-0.0,-19.483,-0.0,0.0963217169046402
0.2104477882385254,0.0006462791352532,0.0009946195641532,550.956812,480.270977,11.0,180.0,-42.301559,-85.835487,-0.0,-19.483,-0.0,0.088674671947956
0.1845455169677734,0.000532824313268,0.0007695661624893,550.956812,480.270977,12.0,180.0,-42.301559,-85.835487,-0.0,-19.483,-0.0,0.0748130604624748
0.2757121920585632,0.0004515498876571,0.0007560165831819,550.956812,480.270977,13.0,180.0,-42.301559,-85.835487,-0.0,-19.483,-0.0,0.1201861798763275
0.2409048080444336,0.0004138454096391,0.0006443876773118,550.956812,480.270977,14.0,180.0,-42.301559,-85.835487,-0.0,-19.483,-0.0,0.1032551750540733
0.2210149019956588,0.0004393520939629,0.0006752927438355,550.956812,480.270977,15.0,180.0,-42.301559,-85.835487,-0.0,-19.483,-0.0,0.0888418033719062
0.2838800847530365,0.0003680380177684,0.0006083328044041,550.956812,480.270977,16.0,180.0,-42.301559,-85.835487,-0.0,-19.483,-0.0,0.120083138346672
0.2978413105010986,0.0002934177173301,0.0004984803381375,550.956812,480.270977,17.0,180.0,-42.301559,-85.835487,-0.0,-19.483,-0.0,0.1350537687540054
0.2855527102947235,0.0002863729605451,0.0004753219836857,550.956812,480.270977,18.0,180.0,-42.301559,-85.835487,-0.0,-19.483,-0.0,0.131150022149086
0.2890811562538147,0.0002548573247622,0.0004254656960256,550.956812,480.270977,19.0,180.0,-42.301559,-85.835487,-0.0,-19.483,-0.0,0.1295020580291748
0.2977829277515411,0.0006672468152828,0.0011963163269683,550.956812,480.270977,0.0,180.0,-42.301559,-85.835487,0.0,-19.426,-0.0,0.1448277682065963
0.2749041020870209,0.0007048414554446,0.0012247938429936,550.956812,480.270977,1.0,180.0,-42.301559,-85.835487,0.0,-19.426,-0.0,0.1254039704799652
0.2852423191070556,0.0006496853893622,0.0011373140150681,550.956812,480.270977,2.0,180.0,-42.301559,-85.835487,0.0,-19.426,-0.0,0.1250996589660644
0.274772971868515,0.0005894461646676,0.0010228860192,550.956812,480.270977,3.0,180.0,-42.301559,-85.835487,0.0,-19.426,-0.0,0.1137535274028778
0.3009030222892761,0.0006975637516006,0.0012466395273804,550.956812,480.270977,4.0,180.0,-42.301559,-85.835487,0.0,-19.426,-0.0,0.1420438885688781
0.2771587371826172,0.0006644328823313,0.0011481989640742,550.956812,480.270977,5.0,180.0,-42.301559,-85.835487,0.0,-19.426,-0.0,0.1309162527322769
0.2512706816196441,0.0006121174083091,0.0010153563925996,550.956812,480.270977,6.0,180.0,-42.301559,-85.835487,0.0,-19.426,-0.0,0.0987329110503196
0.2605506777763366,0.0007067021215334,0.0011887550354003,550.956812,480.270977,7.0,180.0,-42.301559,-85.835487,0.0,-19.426,-0.0,0.1197672486305236
0.2728086709976196,0.0006648373673669,0.0011325973318889,550.956812,480.270977,8.0,180.0,-42.301559,-85.835487,0.0,-19.426,-0.0,0.1261147260665893
0.276429533958435,0.0005988286575302,0.0010210104519501,550.956812,480.270977,9.0,180.0,-42.301559,-85.835487,0.0,-19.426,-0.0,0.1237405613064765
0.264840692281723,0.0005791555158793,0.0009739902452565,550.956812,480.270977,10.0,180.0,-42.301559,-85.835487,0.0,-19.426,-0.0,0.1186870038509368
0.2867379784584045,0.0004830036195926,0.0008367975242435,550.956812,480.270977,11.0,180.0,-42.301559,-85.835487,0.0,-19.426,-0.0,0.1270527839660644
0.3089883923530578,0.000556181941647,0.0009936242131516,550.956812,480.270977,12.0,180.0,-42.301559,-85.835487,0.0,-19.426,-0.0,0.1439117491245269
0.2612504065036773,0.0005178150604479,0.0008673749980516,550.956812,480.270977,13.0,180.0,-42.301559,-85.835487,0.0,-19.426,-0.0,0.1080320328474044
0.2530814409255981,0.0003909244260285,0.0006388937472365,550.956812,480.270977,14.0,180.0,-42.301559,-85.835487,0.0,-19.426,-0.0,0.1058057621121406
0.2835261821746826,0.0003569512045942,0.0006151385605335,550.956812,480.270977,15.0,180.0,-42.301559,-85.835487,0.0,-19.426,-0.0,0.1277018189430236
0.2911961674690246,0.0003661743539851,0.0006314305937848,550.956812,480.270977,16.0,180.0,-42.301559,-85.835487,0.0,-19.426,-0.0,0.1363143026828766
0.2598415017127991,0.0003296066133771,0.0005346302641555,550.956812,480.270977,17.0,180.0,-42.301559,-85.835487,0.0,-19.426,-0.0,0.1205466911196708
0.2936818599700928,0.0003383531293366,0.0005795732140541,550.956812,480.270977,18.0,180.0,-42.301559,-85.835487,0.0,-19.426,-0.0,0.1339838057756424
0.2823846936225891,0.0002310718264197,0.0003880145668517,550.956812,480.270977,19.0,180.0,-42.301559,-85.835487,0.0,-19.426,-0.0,0.1241235956549644
0.2809098064899444,0.0006432120571844,0.0011162409791722,550.956812,480.270977,0.0,180.0,-42.301559,-85.835487,-0.0,-19.367,-0.0,0.1244002431631088
0.2688362002372741,0.0006566038937307,0.0011142496950924,550.956812,480.270977,1.0,180.0,-42.301559,-85.835487,-0.0,-19.367,-0.0,0.1101516634225845
0.2668764293193817,0.0007231850759126,0.0012278179638087,550.956812,480.270977,2.0,180.0,-42.301559,-85.835487,-0.0,-19.367,-0.0,0.1284818053245544
0.2367914170026779,0.0007906478713266,0.0012810373445972,550.956812,480.270977,3.0,180.0,-42.301559,-85.835487,-0.0,-19.367,-0.0,0.109927512705326
0.1886427253484726,0.0007051806314848,0.0010535297915339,550.956812,480.270977,4.0,180.0,-42.301559,-85.835487,-0.0,-19.367,-0.0,0.0652760565280914
0.2461659610271453,0.0007138145738281,0.001158413127996,550.956812,480.270977,5.0,180.0,-42.301559,-85.835487,-0.0,-19.367,-0.0,0.1086980327963829
0.2429333627223968,0.0006896687555126,0.0011242404580116,550.956812,480.270977,6.0,180.0,-42.301559,-85.835487,-0.0,-19.367,-0.0,0.1069716736674308
0.1928676962852478,0.0006962423794902,0.0010629615280777,550.956812,480.270977,7.0,180.0,-42.301559,-85.835487,-0.0,-19.367,-0.0,0.0756530165672302
0.2191073596477508,0.0007103232783265,0.0011354725575074,550.956812,480.270977,8.0,180.0,-42.301559,-85.835487,-0.0,-19.367,-0.0,0.085795059800148
0.2424885630607605,0.0006251641316339,0.0010075132595375,550.956812,480.270977,9.0,180.0,-42.301559,-85.835487,-0.0,-19.367,-0.0,0.1022539734840393
0.2428882271051406,0.0005307330284267,0.0008635103586129,550.956812,480.270977,10.0,180.0,-42.301559,-85.835487,-0.0,-19.367,-0.0,0.1146995052695274
0.2510320544242859,0.0004884214140474,0.0007985770935192,550.956812,480.270977,11.0,180.0,-42.301559,-85.835487,-0.0,-19.367,-0.0,0.1048812866210937
0.2731333971023559,0.0005180252483114,0.0008733051945455,550.956812,480.270977,12.0,180.0,-42.301559,-85.835487,-0.0,-19.367,-0.0,0.1214596182107925
0.2962452471256256,0.0004598188388627,0.0007931056898087,550.956812,480.270977,13.0,180.0,-42.301559,-85.835487,-0.0,-19.367,-0.0,0.1386601775884628
0.2863142490386963,0.0004524221294559,0.000773153733462,550.956812,480.270977,14.0,180.0,-42.301559,-85.835487,-0.0,-19.367,-0.0,0.1368782371282577
0.2761119604110718,0.0004230608465149,0.000712699315045,550.956812,480.270977,15.0,180.0,-42.301559,-85.835487,-0.0,-19.367,-0.0,0.1316594630479812
0.2943123579025268,0.0003514034324325,0.0006032864330336,550.956812,480.270977,16.0,180.0,-42.301559,-85.835487,-0.0,-19.367,-0.0,0.1394641250371933
0.3082307577133178,0.0003133264544885,0.0005462970002554,550.956812,480.270977,17.0,180.0,-42.301559,-85.835487,-0.0,-19.367,-0.0,0.1508830189704895
0.3145274817943573,0.0002938700781669,0.0005191636155359,550.956812,480.270977,18.0,180.0,-42.301559,-85.835487,-0.0,-19.367,-0.0,0.1483103781938552
0.2735385000705719,0.0003390055499039,0.0005655064596794,550.956812,480.270977,19.0,180.0,-42.301559,-85.835487,-0.0,-19.367,-0.0,0.1404861956834793
0.2858280837535858,0.0006945244967937,0.0012103198096156,550.956812,480.270977,0.0,180.0,-42.301559,-85.835487,-0.0,-19.321,-0.0,0.1379743218421936
0.2654033899307251,0.0007462771027348,0.0012647489784285,550.956812,480.270977,1.0,180.0,-42.301559,-85.835487,-0.0,-19.321,-0.0,0.1223787516355514
0.2712958753108978,0.0006775871152058,0.001151428092271,550.956812,480.270977,2.0,180.0,-42.301559,-85.835487,-0.0,-19.321,-0.0,0.1181437522172927
0.2578959763050079,0.0007098218775354,0.0011868776055052,550.956812,480.270977,3.0,180.0,-42.301559,-85.835487,-0.0,-19.321,-0.0,0.1102846935391426
0.2449732720851898,0.0007546644192188,0.0012352577177807,550.956812,480.270977,4.0,180.0,-42.301559,-85.835487,-0.0,-19.321,-0.0,0.1092731952667236
0.2257902175188064,0.0006276454078033,0.0009929328225553,550.956812,480.270977,5.0,180.0,-42.301559,-85.835487,-0.0,-19.321,-0.0,0.0797059237957
0.2564840614795685,0.0006776077789254,0.0011237751459702,550.956812,480.270977,6.0,180.0,-42.301559,-85.835487,-0.0,-19.321,-0.0,0.1156463250517845
0.2565897107124328,0.0007096186745911,0.0011700340546667,550.956812,480.270977,7.0,180.0,-42.301559,-85.835487,-0.0,-19.321,-0.0,0.1057972982525825
0.250720351934433,0.000676802417729,0.001109502161853,550.956812,480.270977,8.0,180.0,-42.301559,-85.835487,-0.0,-19.321,-0.0,0.1075217276811599
0.2372540682554245,0.0006706092972308,0.0010755008552223,550.956812,480.270977,9.0,180.0,-42.301559,-85.835487,-0.0,-19.321,-0.0,0.1007232442498207
0.1926022917032241,0.0006154326838441,0.000929307192564,550.956812,480.270977,10.0,180.0,-42.301559,-85.835487,-0.0,-19.321,-0.0,0.0832079350948333
0.2091967016458511,0.00050179468235,0.0007693721563555,550.956812,480.270977,11.0,180.0,-42.301559,-85.835487,-0.0,-19.321,-0.0,0.0821508467197418
0.2350056022405624,0.0005496576195582,0.0008760254713706,550.956812,480.270977,12.0,180.0,-42.301559,-85.835487,-0.0,-19.321,-0.0,0.097414456307888
0.2780152857303619,0.0004690540663432,0.000790995080024,550.956812,480.270977,13.0,180.0,-42.301559,-85.835487,-0.0,-19.321,-0.0,0.124628871679306
0.3025014102458954,0.0004181081894785,0.0007231954950839,550.956812,480.270977,14.0,180.0,-42.301559,-85.835487,-0.0,-19.321,-0.0,0.1431648433208465
0.2519489228725433,0.0003677163040265,0.0005888964515179,550.956812,480.270977,15.0,180.0,-42.301559,-85.835487,-0.0,-19.321,-0.0,0.1083407625555992
0.2212802916765213,0.000340656726621,0.0005188891664147,550.956812,480.270977,16.0,180.0,-42.301559,-85.835487,-0.0,-19.321,-0.0,0.0958243161439895
0.2220502495765686,0.0003200866631232,0.0004892029683105,550.956812,480.270977,17.0,180.0,-42.301559,-85.835487,-0.0,-19.321,-0.0,0.0913428664207458
0.3182458579540252,0.0003032807726413,0.000530891586095,550.956812,480.270977,18.0,180.0,-42.301559,-85.835487,-0.0,-19.321,-0.0,0.1506716758012771
0.2747273743152618,0.0002598664432298,0.00043346293387,550.956812,480.270977,19.0,180.0,-42.301559,-85.835487,-0.0,-19.321,-0.0,0.1240522786974906
0.2871727049350738,0.0006488403887487,0.0011424067197367,550.956812,480.270977,0.0,180.0,-42.301559,-85.835487,0.0,-19.378,-0.0,0.1306637227535247
0.2737593948841095,0.0007128356955945,0.0012341800611466,550.956812,480.270977,1.0,180.0,-42.301559,-85.835487,0.0,-19.378,-0.0,0.1205624490976333
0.2626075744628906,0.0007239937549456,0.0012319022789597,550.956812,480.270977,2.0,180.0,-42.301559,-85.835487,0.0,-19.378,-0.0,0.113628976047039
0.2731358408927917,0.0006010951474308,0.0010363232577219,550.956812,480.270977,3.0,180.0,-42.301559,-85.835487,0.0,-19.378,-0.0,0.1015778258442878
0.2801987826824188,0.0006321926484815,0.0010968777351081,550.956812,480.270977,4.0,180.0,-42.301559,-85.835487,0.0,-19.378,-0.0,0.1193082928657531
0.2948824167251587,0.0006700058002024,0.0011806183028966,550.956812,480.270977,5.0,180.0,-42.301559,-85.835487,0.0,-19.378,-0.0,0.1375375986099243
0.2773153185844421,0.0007666198071092,0.0013258615508675,550.956812,480.270977,6.0,180.0,-42.301559,-85.835487,0.0,-19.378,-0.0,0.1333099156618118
0.249589592218399,0.0006473328103311,0.0010730455396696,550.956812,480.270977,7.0,180.0,-42.301559,-85.835487,0.0,-19.378,-0.0,0.1056450083851814
0.2528571188449859,0.0007020495249889,0.001167680718936,550.956812,480.270977,8.0,180.0,-42.301559,-85.835487,0.0,-19.378,-0.0,0.1122652441263198
0.249220386147499,0.0006622187211178,0.0010989542352035,550.956812,480.270977,9.0,180.0,-42.301559,-85.835487,0.0,-19.378,-0.0,0.1140789687633514
0.2836709320545196,0.0006714902701787,0.0011579794809222,550.956812,480.270977,10.0,180.0,-42.301559,-85.835487,0.0,-19.378,-0.0,0.1292378455400467
0.2933182120323181,0.0004951686132699,0.0008597761625424,550.956812,480.270977,11.0,180.0,-42.301559,-85.835487,0.0,-19.378,-0.0,0.127891793847084
0.2665099501609802,0.000489923346322,0.000822608533781,550.956812,480.270977,12.0,180.0,-42.301559,-85.835487,0.0,-19.378,-0.0,0.1120761111378669
0.2755038142204284,0.0004744998295791,0.0008039644453674,550.956812,480.270977,13.0,180.0,-42.301559,-85.835487,0.0,-19.378,-0.0,0.126122236251831
0.2913466393947601,0.0004176695947535,0.0007213975768536,550.956812,480.270977,14.0,180.0,-42.301559,-85.835487,0.0,-19.378,-0.0,0.1377118527889251
0.2753563821315765,0.000397765514208,0.0006716318312101,550.956812,480.270977,15.0,180.0,-42.301559,-85.835487,0.0,-19.378,-0.0,0.1259555071592331
0.3095301389694214,0.0003287330328021,0.0005804999964311,550.956812,480.270977,16.0,180.0,-42.301559,-85.835487,0.0,-19.378,-0.0,0.1404930353164672
0.3176147043704986,0.0002969840425066,0.0005341401556506,550.956812,480.270977,17.0,180.0,-42.301559,-85.835487,0.0,-19.378,-0.0,0.1403232961893081
0.3133667111396789,0.000286881258944,0.0005108052282594,550.956812,480.270977,18.0,180.0,-42.301559,-85.835487,0.0,-19.378,-0.0,0.1458726078271865
0.2850970029830932,0.0002407675638096,0.0004111883463338,550.956812,480.270977,19.0,180.0,-42.301559,-85.835487,0.0,-19.378,-0.0,0.1324537694454193
0.277887225151062,0.0007137719076126,0.0012430049246177,550.956812,480.270977,0.0,180.0,-42.301559,-85.835487,0.0,-19.279,-0.0,0.1251005083322525
0.2682889699935913,0.0007044039666652,0.001209091511555,550.956812,480.270977,1.0,180.0,-42.301559,-85.835487,0.0,-19.279,-0.0,0.1181647107005119
0.2376975268125534,0.0006664587417617,0.0010937757324427,550.956812,480.270977,2.0,180.0,-42.301559,-85.835487,0.0,-19.279,-0.0,0.0954737439751625
0.278251051902771,0.000737244321499,0.0012780867982655,550.956812,480.270977,3.0,180.0,-42.301559,-85.835487,0.0,-19.279,-0.0,0.1186719015240669
0.2445315420627594,0.0007001985795795,0.0011661280877888,550.956812,480.270977,4.0,180.0,-42.301559,-85.835487,0.0,-19.279,-0.0,0.10890693962574
0.2352743744850158,0.0006814220687374,0.0011140543501824,550.956812,480.270977,5.0,180.0,-42.301559,-85.835487,0.0,-19.279,-0.0,0.0889177098870277
0.2579559683799743,0.0006701421225443,0.0011265609646216,550.956812,480.270977,6.0,180.0,-42.301559,-85.835487,0.0,-19.279,-0.0,0.1073384881019592
0.2022317945957183,0.0006009945063851,0.0009254965116269,550.956812,480.270977,7.0,180.0,-42.301559,-85.835487,0.0,-19.279,-0.0,0.0754996612668037
0.2698809504508972,0.0006098598823882,0.0010289049241691,550.956812,480.270977,8.0,180.0,-42.301559,-85.835487,0.0,-19.279,-0.0,0.1225936710834503
0.2550797760486603,0.0006735385977663,0.0011167445918545,550.956812,480.270977,9.0,180.0,-42.301559,-85.835487,0.0,-19.279,-0.0,0.1210740208625793
0.2702075242996216,0.0006748410523869,0.001142427441664,550.956812,480.270977,10.0,180.0,-42.301559,-85.835487,0.0,-19.279,-0.0,0.1241306290030479
0.2185841202735901,0.000541646615602,0.0008587866905145,550.956812,480.270977,11.0,180.0,-42.301559,-85.835487,0.0,-19.279,-0.0,0.0839352011680603
0.2610456049442291,0.0005065113073214,0.000847490329761,550.956812,480.270977,12.0,180.0,-42.301559,-85.835487,0.0,-19.279,-0.0,0.1136805117130279
0.2927761971950531,0.0005052505293861,0.0008783523808233,550.956812,480.270977,13.0,180.0,-42.301559,-85.835487,0.0,-19.279,-0.0,0.1320279687643051
0.2855887711048126,0.0004119982477277,0.0007072914158925,550.956812,480.270977,14.0,180.0,-42.301559,-85.835487,0.0,-19.279,-0.0,0.1246041283011436
0.2905046939849853,0.0003467866918072,0.0005892945919185,550.956812,480.270977,15.0,180.0,-42.301559,-85.835487,0.0,-19.279,-0.0,0.1308403462171554
0.2933592200279236,0.0003376894455868,0.0005849929293617,550.956812,480.270977,16.0,180.0,-42.301559,-85.835487,0.0,-19.279,-0.0,0.1413814127445221
0.2579830288887024,0.0002884286222979,0.0004728206258732,550.956812,480.270977,17.0,180.0,-42.301559,-85.835487,0.0,-19.279,-0.0,0.1199263930320739
0.2808987498283386,0.0002561891451478,0.0004367795481812,550.956812,480.270977,18.0,180.0,-42.301559,-85.835487,0.0,-19.279,-0.0,0.134021371603012
0.3271022737026214,0.0002520084090065,0.0004553761973511,550.956812,480.270977,19.0,180.0,-42.301559,-85.835487,0.0,-19.279,-0.0,0.1490412503480911
0.2820190787315368,0.0006898024585098,0.0012124489294365,550.956812,480.270977,0.0,180.0,-42.301559,-85.835487,-0.0,-19.319,-0.0,0.1276531815528869
0.2736241817474365,0.0006889782962389,0.0011893558548763,550.956812,480.270977,1.0,180.0,-42.301559,-85.835487,-0.0,-19.319,-0.0,0.1151539161801338
0.2720057070255279,0.000722633965779,0.0012474731775,550.956812,480.270977,2.0,180.0,-42.301559,-85.835487,-0.0,-19.319,-0.0,0.1272506862878799
0.2643186450004577,0.0007178160594776,0.00122406182345,550.956812,480.270977,3.0,180.0,-42.301559,-85.835487,-0.0,-19.319,-0.0,0.1213419809937477
0.2751698195934295,0.000756264606025,0.0013011753326281,550.956812,480.270977,4.0,180.0,-42.301559,-85.835487,-0.0,-19.319,-0.0,0.127762570977211
0.2433800846338272,0.0007685185992158,0.0012762963306158,550.956812,480.270977,5.0,180.0,-42.301559,-85.835487,-0.0,-19.319,-0.0,0.1200733557343483
0.2564733028411865,0.0007676929235458,0.0012921727029606,550.956812,480.270977,6.0,180.0,-42.301559,-85.835487,-0.0,-19.319,-0.0,0.1099889725446701
0.2094417065382003,0.0006831133505329,0.001070387312211,550.956812,480.270977,7.0,180.0,-42.301559,-85.835487,-0.0,-19.319,-0.0,0.0841394215822219
0.2270967066287994,0.0006205362151376,0.0009899092838168,550.956812,480.270977,8.0,180.0,-42.301559,-85.835487,-0.0,-19.319,-0.0,0.096426784992218
0.2518176138401031,0.0007081740186549,0.0011785426177084,550.956812,480.270977,9.0,180.0,-42.301559,-85.835487,-0.0,-19.319,-0.0,0.1153233423829078
0.2347458302974701,0.0006476818816736,0.0010430108522996,550.956812,480.270977,10.0,180.0,-42.301559,-85.835487,-0.0,-19.319,-0.0,0.0924424529075622
0.2607280313968658,0.000556016806513,0.0009396743844263,550.956812,480.270977,11.0,180.0,-42.301559,-85.835487,-0.0,-19.319,-0.0,0.1158873438835144
0.2892725467681885,0.0004770044470205,0.0008291939157061,550.956812,480.270977,12.0,180.0,-42.301559,-85.835487,-0.0,-19.319,-0.0,0.1351644843816757
0.2788004875183105,0.0004441559431143,0.0007581518730148,550.956812,480.270977,13.0,180.0,-42.301559,-85.835487,-0.0,-19.319,-0.0,0.1283486485481262
0.246842086315155,0.0003613631124608,0.0005836874479427,550.956812,480.270977,14.0,180.0,-42.301559,-85.835487,-0.0,-19.319,-0.0,0.1002180501818656
0.2793990969657898,0.0004349484224803,0.0007451381534337,550.956812,480.270977,15.0,180.0,-42.301559,-85.835487,-0.0,-19.319,-0.0,0.1362636387348175
0.2986161708831787,0.0003880922449752,0.0006839875131845,550.956812,480.270977,16.0,180.0,-42.301559,-85.835487,-0.0,-19.319,-0.0,0.1411154270172119
0.2801479995250702,0.0003078443696722,0.0005254586576484,550.956812,480.270977,17.0,180.0,-42.301559,-85.835487,-0.0,-19.319,-0.0,0.1188653782010078
0.2934997081756592,0.0002272956771776,0.0003906952333636,550.956812,480.270977,18.0,180.0,-42.301559,-85.835487,-0.0,-19.319,-0.0,0.1328606158494949
0.3361189365386963,0.0002077470708172,0.0003877133131027,550.956812,480.270977,19.0,180.0,-42.301559,-85.835487,-0.0,-19.319,-0.0,0.1609063148498535
0.2934397757053375,0.0006865385803394,0.0012250123545527,550.956812,480.270977,0.0,180.0,-42.301559,-85.835487,-0.0,-19.257,-0.0,0.143914133310318
0.2821483314037323,0.0007315881666727,0.0012849238701164,550.956812,480.270977,1.0,180.0,-42.301559,-85.835487,-0.0,-19.257,-0.0,0.1409264206886291
0.258666455745697,0.0007965047843754,0.0013464953517541,550.956812,480.270977,2.0,180.0,-42.301559,-85.835487,-0.0,-19.257,-0.0,0.1130867600440979
0.2448044717311859,0.0008103483123704,0.0013460757909342,550.956812,480.270977,3.0,180.0,-42.301559,-85.835487,-0.0,-19.257,-0.0,0.1079994216561317
0.2197416424751281,0.0007056125323288,0.0011248328955844,550.956812,480.270977,4.0,180.0,-42.301559,-85.835487,-0.0,-19.257,-0.0,0.0945994183421135
0.2318053841590881,0.0007537477649748,0.0012293658219277,550.956812,480.270977,5.0,180.0,-42.301559,-85.835487,-0.0,-19.257,-0.0,0.0913371369242668
0.2291004955768585,0.0007721726433373,0.0012565123615786,550.956812,480.270977,6.0,180.0,-42.301559,-85.835487,-0.0,-19.257,-0.0,0.1033978536725044
0.2852634489536285,0.0006818452384322,0.0011805541580542,550.956812,480.270977,7.0,180.0,-42.301559,-85.835487,-0.0,-19.257,-0.0,0.1367788612842559
0.2375966310501098,0.0007236981182359,0.0011819663923233,550.956812,480.270977,8.0,180.0,-42.301559,-85.835487,-0.0,-19.257,-0.0,0.1079865097999572
0.2478634268045425,0.0006255115731619,0.0010228648316115,550.956812,480.270977,9.0,180.0,-42.301559,-85.835487,-0.0,-19.257,-0.0,0.1112571880221366
0.2254182398319244,0.0005990062491036,0.0009562115301378,550.956812,480.270977,10.0,180.0,-42.301559,-85.835487,-0.0,-19.257,-0.0,0.1093646511435508
0.2441882640123367,0.0005284813814796,0.0008722033817321,550.956812,480.270977,11.0,180.0,-42.301559,-85.835487,-0.0,-19.257,-0.0,0.0954470634460449
0.2402303516864776,0.0004644402361009,0.0007561215898022,550.956812,480.270977,12.0,180.0,-42.301559,-85.835487,-0.0,-19.257,-0.0,0.1043070778250694
0.239409863948822,0.0004559917724691,0.0007392138359136,550.956812,480.270977,13.0,180.0,-42.301559,-85.835487,-0.0,-19.257,-0.0,0.1019989028573036
0.2815244197845459,0.0004341810999903,0.000744359625969,550.956812,480.270977,14.0,180.0,-42.301559,-85.835487,-0.0,-19.257,-0.0,0.140987366437912
0.2945205271244049,0.0003659531357698,0.0006441597361117,550.956812,480.270977,15.0,180.0,-42.301559,-85.835487,-0.0,-19.257,-0.0,0.1347837001085281
0.2504852712154388,0.0003739734820555,0.0006180399795994,550.956812,480.270977,16.0,180.0,-42.301559,-85.835487,-0.0,-19.257,-0.0,0.116807572543621
0.223295509815216,0.0002942962455563,0.0004627863236237,550.956812,480.270977,17.0,180.0,-42.301559,-85.835487,-0.0,-19.257,-0.0,0.0955198407173156
0.1880711317062378,0.0003185656387358,0.0004704997700173,550.956812,480.270977,18.0,180.0,-42.301559,-85.835487,-0.0,-19.257,-0.0,0.08821851760149
0.2716522216796875,0.0002472017658874,0.0004226815362926,550.956812,480.270977,19.0,180.0,-42.301559,-85.835487,-0.0,-19.257,-0.0,0.1228240132331848
0.2715966403484344,0.0007250428316183,0.0012398179387673,550.956812,480.270977,0.0,180.0,-42.301559,-85.835487,-0.0,-20.051,-29.289,0.1237048357725143
0.2497036308050155,0.0007759644067846,0.001283707213588,550.956812,480.270977,1.0,180.0,-42.301559,-85.835487,-0.0,-20.051,-29.289,0.1029933169484138
0.2263649106025695,0.0007954895263537,0.0012690885923802,550.956812,480.270977,2.0,180.0,-42.301559,-85.835487,-0.0,-20.051,-29.289,0.0992643758654594
0.2298396229743957,0.0008224994526244,0.0013214206555858,550.956812,480.270977,3.0,180.0,-42.301559,-85.835487,-0.0,-20.051,-29.289,0.0861601382493972
0.2508083283901214,0.0008120834827423,0.0013408022932708,550.956812,480.270977,4.0,180.0,-42.301559,-85.835487,-0.0,-20.051,-29.289,0.1105842515826225
0.2286522537469864,0.0008128128829412,0.001299659255892,550.956812,480.270977,5.0,180.0,-42.301559,-85.835487,-0.0,-20.051,-29.289,0.0954257994890213
0.2274515032768249,0.0008647090289741,0.0013762062881141,550.956812,480.270977,6.0,180.0,-42.301559,-85.835487,-0.0,-20.051,-29.289,0.0943564921617508
0.2207122445106506,0.0008149304194375,0.0012851835926994,550.956812,480.270977,7.0,180.0,-42.301559,-85.835487,-0.0,-20.051,-29.289,0.095018483698368
0.2311785519123077,0.000822203757707,0.0013278138358145,550.956812,480.270977,8.0,180.0,-42.301559,-85.835487,-0.0,-20.051,-29.289,0.1014900431036949
0.2114469110965728,0.0007641091942787,0.001197678502649,550.956812,480.270977,9.0,180.0,-42.301559,-85.835487,-0.0,-20.051,-29.289,0.0892793908715248
0.2366148978471756,0.0008493763161823,0.0013674956280738,550.956812,480.270977,10.0,180.0,-42.301559,-85.835487,-0.0,-20.051,-29.289,0.1170119792222976
0.2532573044300079,0.0008034660713747,0.0013241630513221,550.956812,480.270977,11.0,180.0,-42.301559,-85.835487,-0.0,-20.051,-29.289,0.1207531541585922
0.2269971072673797,0.0007544082473032,0.0011984568554908,550.956812,480.270977,12.0,180.0,-42.301559,-85.835487,-0.0,-20.051,-29.289,0.1020900160074234
0.2021017223596573,0.0006656915647909,0.0010108342394232,550.956812,480.270977,13.0,180.0,-42.301559,-85.835487,-0.0,-20.051,-29.289,0.0735513120889663
0.2106923311948776,0.0006312050390988,0.0009647497790865,550.956812,480.270977,14.0,180.0,-42.301559,-85.835487,-0.0,-20.051,-29.289,0.0890526175498962
0.2320111393928527,0.000637631106656,0.0010077382903546,550.956812,480.270977,15.0,180.0,-42.301559,-85.835487,-0.0,-20.051,-29.289,0.0945006012916565
0.2268745750188827,0.0005250863032415,0.0008270920952782,550.956812,480.270977,16.0,180.0,-42.301559,-85.835487,-0.0,-20.051,-29.289,0.0983158871531486
0.2402599304914474,0.0004593117046169,0.0007342873723246,550.956812,480.270977,17.0,180.0,-42.301559,-85.835487,-0.0,-20.051,-29.289,0.1174734905362129
0.2353784441947937,0.0004316660051699,0.0006822619470767,550.956812,480.270977,18.0,180.0,-42.301559,-85.835487,-0.0,-20.051,-29.289,0.1133451089262962
0.2569760978221893,0.0004152931505814,0.0006817672401666,550.956812,480.270977,19.0,180.0,-42.301559,-85.835487,-0.0,-20.051,-29.289,0.1213758662343025
0.3224697113037109,0.0003592284338083,0.0006386861787177,550.956812,480.270977,0.0,180.0,-42.301559,-85.835487,-0.0,-21.935,-89.393,0.1112234815955162
0.325541079044342,0.0004141863319091,0.0007432429702021,550.956812,480.270977,1.0,180.0,-42.301559,-85.835487,-0.0,-21.935,-89.393,0.1169834583997726
0.3072450757026672,0.000490186503157,0.0008613760001026,550.956812,480.270977,2.0,180.0,-42.301559,-85.835487,-0.0,-21.935,-89.393,0.0993543788790702
0.2903271615505218,0.0005023421836085,0.0008501572301611,550.956812,480.270977,3.0,180.0,-42.301559,-85.835487,-0.0,-21.935,-89.393,0.0957255363464355
0.3356300294399261,0.0005919740069657,0.0010748079512268,550.956812,480.270977,4.0,180.0,-42.301559,-85.835487,-0.0,-21.935,-89.393,0.1125706732273101
0.2971570193767547,0.0006335497018881,0.0010951204458251,550.956812,480.270977,5.0,180.0,-42.301559,-85.835487,-0.0,-21.935,-89.393,0.103337824344635
0.2531852424144745,0.0006151139386929,0.0010064136004075,550.956812,480.270977,6.0,180.0,-42.301559,-85.835487,-0.0,-21.935,-89.393,0.0782485976815223
0.2674435377120971,0.0007856445736251,0.0013166287681087,550.956812,480.270977,7.0,180.0,-42.301559,-85.835487,-0.0,-21.935,-89.393,0.0932797789573669
0.2473827749490738,0.0008345949463546,0.0013708833139389,550.956812,480.270977,8.0,180.0,-42.301559,-85.835487,-0.0,-21.935,-89.393,0.0882707014679908
0.2704697549343109,0.0008737253956496,0.001479233847931,550.956812,480.270977,9.0,180.0,-42.301559,-85.835487,-0.0,-21.935,-89.393,0.1032164543867111
0.2871271073818207,0.000881525746081,0.0015297617064788,550.956812,480.270977,10.0,180.0,-42.301559,-85.835487,-0.0,-21.935,-89.393,0.1165696159005165
0.2403547316789627,0.0008976055542007,0.0014719915343448,550.956812,480.270977,11.0,180.0,-42.301559,-85.835487,-0.0,-21.935,-89.393,0.0911391451954841
0.2516858279705047,0.0009230825817212,0.0015444129239767,550.956812,480.270977,12.0,180.0,-42.301559,-85.835487,-0.0,-21.935,-89.393,0.0851594656705856
0.2509504854679107,0.0008461887482553,0.0014079629909247,550.956812,480.270977,13.0,180.0,-42.301559,-85.835487,-0.0,-21.935,-89.393,0.0906332433223724
0.2363384217023849,0.0008576736436225,0.0014002829557284,550.956812,480.270977,14.0,180.0,-42.301559,-85.835487,-0.0,-21.935,-89.393,0.0876446887850761
0.2245966792106628,0.0008501128759235,0.0013777776621282,550.956812,480.270977,15.0,180.0,-42.301559,-85.835487,-0.0,-21.935,-89.393,0.0780622512102127
0.2466840296983719,0.0008732475107535,0.0014498686650767,550.956812,480.270977,16.0,180.0,-42.301559,-85.835487,-0.0,-21.935,-89.393,0.097730852663517
0.2402878403663635,0.0007672142819501,0.0012633884325623,550.956812,480.270977,17.0,180.0,-42.301559,-85.835487,-0.0,-21.935,-89.393,0.0817326232790947
0.2766858339309692,0.0007496793405152,0.0013089698040857,550.956812,480.270977,18.0,180.0,-42.301559,-85.835487,-0.0,-21.935,-89.393,0.112400971353054
0.2781004011631012,0.0007110504084266,0.0012408338952809,550.956812,480.270977,19.0,180.0,-42.301559,-85.835487,-0.0,-21.935,-89.393,0.1269933432340622
0.322843998670578,0.0003498859587125,0.0006319880485534,550.956812,480.270977,0.0,180.0,-42.301559,-85.835487,-0.0,-22.076,-94.872,0.1078647971153259
0.2906215786933899,0.000471281731734,0.0008131471113301,550.956812,480.270977,1.0,180.0,-42.301559,-85.835487,-0.0,-22.076,-94.872,0.0996562168002128
0.3018526136875152,0.0004322844033595,0.0007610542816109,550.956812,480.270977,2.0,180.0,-42.301559,-85.835487,-0.0,-22.076,-94.872,0.0979684442281723
0.2734886109828949,0.0004651353810913,0.0007848708191886,550.956812,480.270977,3.0,180.0,-42.301559,-85.835487,-0.0,-22.076,-94.872,0.0899701118469238
0.2530410289764404,0.0005531906499527,0.00091771944426,550.956812,480.270977,4.0,180.0,-42.301559,-85.835487,-0.0,-22.076,-94.872,0.0861232951283454
0.2959096133708954,0.0005650028469972,0.0009909435175359,550.956812,480.270977,5.0,180.0,-42.301559,-85.835487,-0.0,-22.076,-94.872,0.0989789739251136
0.2408482432365417,0.0006420278805308,0.0010399186285212,550.956812,480.270977,6.0,180.0,-42.301559,-85.835487,-0.0,-22.076,-94.872,0.0759775713086128
0.2408546507358551,0.0006865821778774,0.0011208062060177,550.956812,480.270977,7.0,180.0,-42.301559,-85.835487,-0.0,-22.076,-94.872,0.0833769142627716
0.2231696099042892,0.0007552874158136,0.0012018368579447,550.956812,480.270977,8.0,180.0,-42.301559,-85.835487,-0.0,-22.076,-94.872,0.0707692131400108
0.2250962406396865,0.0008098665857687,0.0012984685599803,550.956812,480.270977,9.0,180.0,-42.301559,-85.835487,-0.0,-22.076,-94.872,0.0759860724210739
0.2683488726615906,0.0007895095623098,0.0013415920548141,550.956812,480.270977,10.0,180.0,-42.301559,-85.835487,-0.0,-22.076,-94.872,0.0994816198945045
0.2153292149305343,0.0008701900951564,0.0013776370324194,550.956812,480.270977,11.0,180.0,-42.301559,-85.835487,-0.0,-22.076,-94.872,0.0749923810362815
0.225073903799057,0.0008391108131036,0.0013422103365883,550.956812,480.270977,12.0,180.0,-42.301559,-85.835487,-0.0,-22.076,-94.872,0.0750425606966018
0.2406616955995559,0.0007977120694704,0.001305246958509,550.956812,480.270977,13.0,180.0,-42.301559,-85.835487,-0.0,-22.076,-94.872,0.0863954648375511
0.2040273249149322,0.0008311261772178,0.0012974918354302,550.956812,480.270977,14.0,180.0,-42.301559,-85.835487,-0.0,-22.076,-94.872,0.0587662681937217
0.2410421371459961,0.0008208193466998,0.0013591683236882,550.956812,480.270977,15.0,180.0,-42.301559,-85.835487,-0.0,-22.076,-94.872,0.0856039226055145
0.2396063953638076,0.0007503280066885,0.001237767515704,550.956812,480.270977,16.0,180.0,-42.301559,-85.835487,-0.0,-22.076,-94.872,0.0869300961494445
0.2755617797374725,0.000746171339415,0.0012939284788444,550.956812,480.270977,17.0,180.0,-42.301559,-85.835487,-0.0,-22.076,-94.872,0.1034332662820816
0.2751379311084747,0.0007393419509753,0.0012943189358338,550.956812,480.270977,18.0,180.0,-42.301559,-85.835487,-0.0,-22.076,-94.872,0.1094189435243606
0.2860371768474579,0.0007228894392028,0.0012876400724053,550.956812,480.270977,19.0,180.0,-42.301559,-85.835487,-0.0,-22.076,-94.872,0.1217972189188003
0.3057159185409546,0.0001395217841491,0.0002134402893716,550.956812,480.270977,0.0,180.0,-42.301559,-85.835487,-0.0,-22.211,-180.0,0.1318673342466354
0.2679312825202942,0.0001523662213003,0.0002175599365727,550.956812,480.270977,1.0,180.0,-42.301559,-85.835487,-0.0,-22.211,-180.0,0.1120176687836647
0.2960493266582489,0.0001783373882062,0.0002665246720425,550.956812,480.270977,2.0,180.0,-42.301559,-85.835487,-0.0,-22.211,-180.0,0.1222232654690742
0.1881959587335586,0.0002096347016049,0.0002547434123698,550.956812,480.270977,3.0,180.0,-42.301559,-85.835487,-0.0,-22.211,-180.0,0.0706252306699752
0.3021557331085205,0.000182336254511,0.000285493384581,550.956812,480.270977,4.0,180.0,-42.301559,-85.835487,-0.0,-22.211,-180.0,0.1173958182334899
0.2750381827354431,0.000208583442145,0.0003097396693192,550.956812,480.270977,5.0,180.0,-42.301559,-85.835487,-0.0,-22.211,-180.0,0.1066048890352249
0.2509523928165436,0.0002091867063427,0.0002940348640549,550.956812,480.270977,6.0,180.0,-42.301559,-85.835487,-0.0,-22.211,-180.0,0.08994010835886
0.1904439032077789,0.0002761996001936,0.000357171811629,550.956812,480.270977,7.0,180.0,-42.301559,-85.835487,-0.0,-22.211,-180.0,0.0737069025635719
0.2768288850784302,0.0002692957350518,0.0004129390290472,550.956812,480.270977,8.0,180.0,-42.301559,-85.835487,-0.0,-22.211,-180.0,0.1007655262947082
0.3062895834445953,0.0002324520464753,0.0003713114128913,550.956812,480.270977,9.0,180.0,-42.301559,-85.835487,-0.0,-22.211,-180.0,0.1128589212894439
0.2616358995437622,0.0003124958893749,0.0004635552177205,550.956812,480.270977,10.0,180.0,-42.301559,-85.835487,-0.0,-22.211,-180.0,0.0832744389772415
0.2981530725955963,0.0002757266629487,0.0004266657633706,550.956812,480.270977,11.0,180.0,-42.301559,-85.835487,-0.0,-22.211,-180.0,0.0944521874189376
0.2884579300880432,0.0002925312146544,0.0004582070105243,550.956812,480.270977,12.0,180.0,-42.301559,-85.835487,-0.0,-22.211,-180.0,0.0951827988028526
0.2067179232835769,0.0003668245626613,0.0005019329255446,550.956812,480.270977,13.0,180.0,-42.301559,-85.835487,-0.0,-22.211,-180.0,0.0605086125433445
0.2945024371147156,0.0003221334773115,0.0005181561573408,550.956812,480.270977,14.0,180.0,-42.301559,-85.835487,-0.0,-22.211,-180.0,0.0932089835405349
0.2842335700988769,0.0003460723673924,0.0005561700672842,550.956812,480.270977,15.0,180.0,-42.301559,-85.835487,-0.0,-22.211,-180.0,0.0952685177326202
0.3111461997032165,0.0003397797117941,0.0005710584810003,550.956812,480.270977,16.0,180.0,-42.301559,-85.835487,-0.0,-22.211,-180.0,0.1085864380002021
0.3409236669540405,0.0003441256994847,0.0006154881557449,550.956812,480.270977,17.0,180.0,-42.301559,-85.835487,-0.0,-22.211,-180.0,0.1125430613756179
0.3005060255527496,0.0003791338822338,0.000631947943475,550.956812,480.270977,18.0,180.0,-42.301559,-85.835487,-0.0,-22.211,-180.0,0.1030855104327201
0.3330149054527282,0.0002942058490589,0.000520157860592,550.956812,480.270977,19.0,180.0,-42.301559,-85.835487,-0.0,-22.211,-180.0,0.1111574470996856
0.2330365180969238,0.0001397424493916,0.0001900352945085,550.956812,480.270977,0.0,180.0,-42.301559,-85.835487,-0.0,-22.255,-180.0,0.0995497703552246
0.2401173710823059,0.0001539811491966,0.000211746970308,550.956812,480.270977,1.0,180.0,-42.301559,-85.835487,-0.0,-22.255,-180.0,0.1018193736672401
0.2930672168731689,0.0001069847130565,0.0001603458804311,550.956812,480.270977,2.0,180.0,-42.301559,-85.835487,-0.0,-22.255,-180.0,0.1060293465852737
0.2287652194499969,0.0001780881430022,0.0002434778580209,550.956812,480.270977,3.0,180.0,-42.301559,-85.835487,-0.0,-22.255,-180.0,0.08765659481287
0.2577769756317138,0.0001850556727731,0.0002639425219967,550.956812,480.270977,4.0,180.0,-42.301559,-85.835487,-0.0,-22.255,-180.0,0.1009940728545188
0.2844899892807007,0.0001659624977037,0.0002616946294438,550.956812,480.270977,5.0,180.0,-42.301559,-85.835487,-0.0,-22.255,-180.0,0.1093656569719314
0.2875185906887054,0.0001681637804722,0.0002582207671366,550.956812,480.270977,6.0,180.0,-42.301559,-85.835487,-0.0,-22.255,-180.0,0.1032866835594177
0.3202730417251587,0.0001681614812696,0.000284736015601,550.956812,480.270977,7.0,180.0,-42.301559,-85.835487,-0.0,-22.255,-180.0,0.1060528084635734
0.2567504942417145,0.0001877042523119,0.0002801243099384,550.956812,480.270977,8.0,180.0,-42.301559,-85.835487,-0.0,-22.255,-180.0,0.0916903242468833
0.2269746959209442,0.0002092870272463,0.0002988639462273,550.956812,480.270977,9.0,180.0,-42.301559,-85.835487,-0.0,-22.255,-180.0,0.0779995992779731
0.1853648424148559,0.0002856335195247,0.00036508552148,550.956812,480.270977,10.0,180.0,-42.301559,-85.835487,-0.0,-22.255,-180.0,0.0512800030410289
0.2244518846273422,0.0002887537702918,0.0004058395570609,550.956812,480.270977,11.0,180.0,-42.301559,-85.835487,-0.0,-22.255,-180.0,0.072248451411724
0.3084715008735657,0.0002337035402888,0.0003966912918258,550.956812,480.270977,12.0,180.0,-42.301559,-85.835487,-0.0,-22.255,-180.0,0.1092845723032951
0.2997319400310516,0.0002101346908602,0.0003515582939144,550.956812,480.270977,13.0,180.0,-42.301559,-85.835487,-0.0,-22.255,-180.0,0.0940314456820488
0.3246005177497864,0.0002551635552663,0.0004455140733625,550.956812,480.270977,14.0,180.0,-42.301559,-85.835487,-0.0,-22.255,-180.0,0.10361198335886
0.3330520391464233,0.0002609107759781,0.0004693804658018,550.956812,480.270977,15.0,180.0,-42.301559,-85.835487,-0.0,-22.255,-180.0,0.1037943735718727
0.3611897230148315,0.0002645995118655,0.0004990480956621,550.956812,480.270977,16.0,180.0,-42.301559,-85.835487,-0.0,-22.255,-180.0,0.1224766001105308
0.3593236804008484,0.0002410352608421,0.0004546860582195,550.956812,480.270977,17.0,180.0,-42.301559,-85.835487,-0.0,-22.255,-180.0,0.1200674921274185
0.3533215224742889,0.000259046733845,0.0004827938100788,550.956812,480.270977,18.0,180.0,-42.301559,-85.835487,-0.0,-22.255,-180.0,0.1151807755231857
0.3538523614406585,0.0002409472945146,0.0004500931536313,550.956812,480.270977,19.0,180.0,-42.301559,-85.835487,-0.0,-22.255,-180.0,0.1114180162549018
0.3094350695610046,0.0001080150323105,0.0001750193478073,550.956812,480.270977,0.0,180.0,-42.301559,-85.835487,-0.0,-22.16,-180.0,0.1302903592586517
0.3123621344566345,0.0001118345098802,0.0001836294686654,550.956812,480.270977,1.0,180.0,-42.301559,-85.835487,-0.0,-22.16,-180.0,0.1384235024452209
0.3248395919799804,0.000113327310828,0.0001937850174726,550.956812,480.270977,2.0,180.0,-42.301559,-85.835487,-0.0,-22.16,-180.0,0.1295478045940399
0.2856565713882446,0.0001442962384317,0.0002208585647167,550.956812,480.270977,3.0,180.0,-42.301559,-85.835487,-0.0,-22.16,-180.0,0.1047891229391098
0.1812689155340194,0.0002354840398766,0.000292427081149,550.956812,480.270977,4.0,180.0,-42.301559,-85.835487,-0.0,-22.16,-180.0,0.0689948499202728
0.2369800359010696,0.0002023757115239,0.0002887151786126,550.956812,480.270977,5.0,180.0,-42.301559,-85.835487,-0.0,-22.16,-180.0,0.0901845395565033
0.2789283096790313,0.0001787919609341,0.0002670267131179,550.956812,480.270977,6.0,180.0,-42.301559,-85.835487,-0.0,-22.16,-180.0,0.1005914658308029
0.2581102848052978,0.0002307470131199,0.0003502758627291,550.956812,480.270977,7.0,180.0,-42.301559,-85.835487,-0.0,-22.16,-180.0,0.1066124886274337
0.2608829736709595,0.0001961890811799,0.00029162800638,550.956812,480.270977,8.0,180.0,-42.301559,-85.835487,-0.0,-22.16,-180.0,0.0905937552452087
0.2500993311405182,0.0002564816677477,0.0003828460467047,550.956812,480.270977,9.0,180.0,-42.301559,-85.835487,-0.0,-22.16,-180.0,0.0860384255647659
0.2526300847530365,0.0002238039160147,0.000329125294229,550.956812,480.270977,10.0,180.0,-42.301559,-85.835487,-0.0,-22.16,-180.0,0.0942550152540206
0.3195029199123382,0.0002133097877958,0.0003653664025478,550.956812,480.270977,11.0,180.0,-42.301559,-85.835487,-0.0,-22.16,-180.0,0.1033169776201248
0.3005809485912323,0.0002756577450782,0.0004585216229315,550.956812,480.270977,12.0,180.0,-42.301559,-85.835487,-0.0,-22.16,-180.0,0.0976031497120857
0.2938309609889984,0.0002412542089587,0.0003983878996223,550.956812,480.270977,13.0,180.0,-42.301559,-85.835487,-0.0,-22.16,-180.0,0.0907234027981758
0.315606951713562,0.0002858245279639,0.0005035356152802,550.956812,480.270977,14.0,180.0,-42.301559,-85.835487,-0.0,-22.16,-180.0,0.1065317168831825
0.3309603929519653,0.0002602370514068,0.0004732629749923,550.956812,480.270977,15.0,180.0,-42.301559,-85.835487,-0.0,-22.16,-180.0,0.1112746074795723
0.3464999496936798,0.0002372235467191,0.0004449126136023,550.956812,480.270977,16.0,180.0,-42.301559,-85.835487,-0.0,-22.16,-180.0,0.1132341176271438
0.372110903263092,0.0002466350852046,0.0004822648188564,550.956812,480.270977,17.0,180.0,-42.301559,-85.835487,-0.0,-22.16,-180.0,0.1154803112149238
0.3492962718009949,0.0002848735020961,0.0005365219549275,550.956812,480.270977,18.0,180.0,-42.301559,-85.835487,-0.0,-22.16,-180.0,0.1118802800774574
0.354562371969223,0.0002625572960823,0.0005032553453929,550.956812,480.270977,19.0,180.0,-42.301559,-85.835487,-0.0,-22.16,-180.0,0.1148282587528228
0.3113275170326233,8.959886326920241e-05,0.0001404688809998,550.956812,480.270977,0.0,180.0,-42.301559,-85.835487,-0.0,-22.162,-180.0,0.1111669316887855
0.2956279814243316,0.0001264282764168,0.0001966567506315,550.956812,480.270977,1.0,180.0,-42.301559,-85.835487,-0.0,-22.162,-180.0,0.1150522008538246
0.2932226657867431,0.0001358616718789,0.0002073067444143,550.956812,480.270977,2.0,180.0,-42.301559,-85.835487,-0.0,-22.162,-180.0,0.1272390484809875
0.3248869180679321,0.0001166479414678,0.0001974816841538,550.956812,480.270977,3.0,180.0,-42.301559,-85.835487,-0.0,-22.162,-180.0,0.1277994662523269
0.2757308185100555,0.000164855926414,0.0002554811653681,550.956812,480.270977,4.0,180.0,-42.301559,-85.835487,-0.0,-22.162,-180.0,0.1096410974860191
0.1978762447834015,0.0002040061954176,0.0002688467793632,550.956812,480.270977,5.0,180.0,-42.301559,-85.835487,-0.0,-22.162,-180.0,0.0802265182137489
0.2663629055023193,0.000170772022102,0.0002589037176221,550.956812,480.270977,6.0,180.0,-42.301559,-85.835487,-0.0,-22.162,-180.0,0.0905350893735885
0.274852842092514,0.0001661949645495,0.0002566783514339,550.956812,480.270977,7.0,180.0,-42.301559,-85.835487,-0.0,-22.162,-180.0,0.0987169668078422
0.3235979974269867,0.0001603059790795,0.0002772830193862,550.956812,480.270977,8.0,180.0,-42.301559,-85.835487,-0.0,-22.162,-180.0,0.1101050153374672
0.3040153980255127,0.0002004311536438,0.0003305750724393,550.956812,480.270977,9.0,180.0,-42.301559,-85.835487,-0.0,-22.162,-180.0,0.1027613282203674
0.2749017477035522,0.0002093179209623,0.0003282229881733,550.956812,480.270977,10.0,180.0,-42.301559,-85.835487,-0.0,-22.162,-180.0,0.0835089981555938
0.3278061747550964,0.000175319466507,0.0003006051992997,550.956812,480.270977,11.0,180.0,-42.301559,-85.835487,-0.0,-22.162,-180.0,0.0974455252289772
0.2441498637199401,0.0002236539439763,0.0003320313990116,550.956812,480.270977,12.0,180.0,-42.301559,-85.835487,-0.0,-22.162,-180.0,0.0729490965604782
0.3290876746177673,0.0002352759620407,0.000413869129261,550.956812,480.270977,13.0,180.0,-42.301559,-85.835487,-0.0,-22.162,-180.0,0.1168477982282638
0.3396404385566711,0.0002341824001632,0.0004235798260197,550.956812,480.270977,14.0,180.0,-42.301559,-85.835487,-0.0,-22.162,-180.0,0.106332927942276
0.3087839484214782,0.0002621090388856,0.0004476057656574,550.956812,480.270977,15.0,180.0,-42.301559,-85.835487,-0.0,-22.162,-180.0,0.1009135022759437
0.3183665573596954,0.0002483022981323,0.0004378834273666,550.956812,480.270977,16.0,180.0,-42.301559,-85.835487,-0.0,-22.162,-180.0,0.0894295796751976
0.3048082292079925,0.0003210128925275,0.0005589337088167,550.956812,480.270977,17.0,180.0,-42.301559,-85.835487,-0.0,-22.162,-180.0,0.1013767421245575
0.3590734004974365,0.0002335518220206,0.0004410081019159,550.956812,480.270977,18.0,180.0,-42.301559,-85.835487,-0.0,-22.162,-180.0,0.1103198900818824
0.3439406156539917,0.0002794525935314,0.000521347625181,550.956812,480.270977,19.0,180.0,-42.301559,-85.835487,-0.0,-22.162,-180.0,0.1111599504947662
0.3306649327278137,0.0001174858116428,0.0001902638759929,550.956812,480.270977,0.0,180.0,-42.301559,-85.835487,-0.0,-22.075,-180.0,0.141368880867958
0.3366798460483551,9.566981316311284e-05,0.0001570318854646,550.956812,480.270977,1.0,180.0,-42.301559,-85.835487,-0.0,-22.075,-180.0,0.1379099190235138
0.3180067539215088,0.0001041049690684,0.0001651957572903,550.956812,480.270977,2.0,180.0,-42.301559,-85.835487,-0.0,-22.075,-180.0,0.1194747239351272
0.2925548255443573,0.00014998705592,0.0002321161009604,550.956812,480.270977,3.0,180.0,-42.301559,-85.835487,-0.0,-22.075,-180.0,0.1108687222003936
0.3211780488491058,0.0001257822441402,0.0002079215628327,550.956812,480.270977,4.0,180.0,-42.301559,-85.835487,-0.0,-22.075,-180.0,0.1186528801918029
0.2465592920780182,0.0001671412173891,0.0002395023475401,550.956812,480.270977,5.0,180.0,-42.301559,-85.835487,-0.0,-22.075,-180.0,0.0820046514272689
0.2512731254100799,0.0001595174107933,0.0002226615761173,550.956812,480.270977,6.0,180.0,-42.301559,-85.835487,-0.0,-22.075,-180.0,0.0902707502245903
0.3009571433067322,0.0001903929805848,0.0003075703862123,550.956812,480.270977,7.0,180.0,-42.301559,-85.835487,-0.0,-22.075,-180.0,0.1046779230237007
0.2948526442050934,0.0002147631021216,0.000341867795214,550.956812,480.270977,8.0,180.0,-42.301559,-85.835487,-0.0,-22.075,-180.0,0.1059026345610618
0.2746465802192688,0.0002340343635296,0.0003605658421292,550.956812,480.270977,9.0,180.0,-42.301559,-85.835487,-0.0,-22.075,-180.0,0.0954254940152168
0.2723206281661987,0.0002395612682448,0.0003707690048031,550.956812,480.270977,10.0,180.0,-42.301559,-85.835487,-0.0,-22.075,-180.0,0.1088075265288353
0.3418311178684234,0.0002017153747146,0.000360715232091,550.956812,480.270977,11.0,180.0,-42.301559,-85.835487,-0.0,-22.075,-180.0,0.102331593632698
0.2742496728897095,0.0003064612392336,0.0004907808615826,550.956812,480.270977,12.0,180.0,-42.301559,-85.835487,-0.0,-22.075,-180.0,0.0921317562460899
0.2892042398452759,0.0002404214028501,0.0003890070074703,550.956812,480.270977,13.0,180.0,-42.301559,-85.835487,-0.0,-22.075,-180.0,0.0945720896124839
0.3019531667232513,0.0002588389907032,0.0004333088872954,550.956812,480.270977,14.0,180.0,-42.301559,-85.835487,-0.0,-22.075,-180.0,0.0877064391970634
0.2710017263889313,0.0003138679894618,0.0005024833953939,550.956812,480.270977,15.0,180.0,-42.301559,-85.835487,-0.0,-22.075,-180.0,0.0873506367206573
0.3338493108749389,0.0002429349697194,0.0004370528331492,550.956812,480.270977,16.0,180.0,-42.301559,-85.835487,-0.0,-22.075,-180.0,0.1005108803510665
0.364705353975296,0.0002485233417246,0.0004690560454037,550.956812,480.270977,17.0,180.0,-42.301559,-85.835487,-0.0,-22.075,-180.0,0.1094275638461113
0.3348252475261688,0.0002514343941584,0.000451497035101,550.956812,480.270977,18.0,180.0,-42.301559,-85.835487,-0.0,-22.075,-180.0,0.098511628806591
0.3324191272258758,0.0002664120984263,0.0004913712036795,550.956812,480.270977,19.0,180.0,-42.301559,-85.835487,-0.0,-22.075,-180.0,0.1067002788186073
0.3341322243213653,8.805838297121227e-05,0.0001466470421291,550.956812,480.270977,0.0,180.0,-42.301559,-85.835487,-0.0,-22.093,-180.0,0.1281012594699859
0.3075510263442993,9.536454308545216e-05,0.0001475856697652,550.956812,480.270977,1.0,180.0,-42.301559,-85.835487,-0.0,-22.093,-180.0,0.1152208149433136
0.3118512332439422,0.000121708100778,0.0001946203847182,550.956812,480.270977,2.0,180.0,-42.301559,-85.835487,-0.0,-22.093,-180.0,0.1194907948374748
0.3062015473842621,0.0001385219075018,0.0002217546862084,550.956812,480.270977,3.0,180.0,-42.301559,-85.835487,-0.0,-22.093,-180.0,0.1216135472059249
0.2720465958118438,0.0001442513603251,0.0002096388343488,550.956812,480.270977,4.0,180.0,-42.301559,-85.835487,-0.0,-22.093,-180.0,0.0937658473849296
0.2761322855949402,0.0001701931614661,0.000260742381215,550.956812,480.270977,5.0,180.0,-42.301559,-85.835487,-0.0,-22.093,-180.0,0.0875437185168266
0.247812733054161,0.0001925463293446,0.0002741845382843,550.956812,480.270977,6.0,180.0,-42.301559,-85.835487,-0.0,-22.093,-180.0,0.087857149541378
0.291947066783905,0.0001765267952578,0.0002718831528909,550.956812,480.270977,7.0,180.0,-42.301559,-85.835487,-0.0,-22.093,-180.0,0.1083595678210258
0.3207777738571167,0.0001575898204464,0.0002661882608663,550.956812,480.270977,8.0,180.0,-42.301559,-85.835487,-0.0,-22.093,-180.0,0.1162848100066185
0.3139892816543579,0.0002050050970865,0.0003409946803003,550.956812,480.270977,9.0,180.0,-42.301559,-85.835487,-0.0,-22.093,-180.0,0.1063408479094505
0.2902190685272217,0.0002356643090024,0.0003773878852371,550.956812,480.270977,10.0,180.0,-42.301559,-85.835487,-0.0,-22.093,-180.0,0.0982717126607894
0.2753492593765259,0.0002541699504945,0.0003933424595743,550.956812,480.270977,11.0,180.0,-42.301559,-85.835487,-0.0,-22.093,-180.0,0.0971020683646202
0.2798846960067749,0.000285643764073,0.0004493019368965,550.956812,480.270977,12.0,180.0,-42.301559,-85.835487,-0.0,-22.093,-180.0,0.0928118973970413
0.3455427885055542,0.0002558586420491,0.0004563075199257,550.956812,480.270977,13.0,180.0,-42.301559,-85.835487,-0.0,-22.093,-180.0,0.1228235065937042
0.3566227853298187,0.0002384534309385,0.0004423166101332,550.956812,480.270977,14.0,180.0,-42.301559,-85.835487,-0.0,-22.093,-180.0,0.1132387444376945
0.3172499537467956,0.0002840832166839,0.0004918129998259,550.956812,480.270977,15.0,180.0,-42.301559,-85.835487,-0.0,-22.093,-180.0,0.0987341627478599
0.2941565811634063,0.0002534515515435,0.0004207816673442,550.956812,480.270977,16.0,180.0,-42.301559,-85.835487,-0.0,-22.093,-180.0,0.0968446731567382
0.3052514791488647,0.0002646083885338,0.0004428539541549,550.956812,480.270977,17.0,180.0,-42.301559,-85.835487,-0.0,-22.093,-180.0,0.0927107036113739
0.356598287820816,0.0002448624290991,0.0004571027820929,550.956812,480.270977,18.0,180.0,-42.301559,-85.835487,-0.0,-22.093,-180.0,0.1133995428681373
0.3721107542514801,0.0002480364928487,0.0004755643312819,550.956812,480.270977,19.0,180.0,-42.301559,-85.835487,-0.0,-22.093,-180.0,0.1223738268017768
0.3067539930343628,0.0001309813233092,0.0002051260817097,550.956812,480.270977,0.0,180.0,-42.301559,-85.835487,-0.0,-22.145,-180.0,0.1361524909734726
0.3155040740966797,8.501570846419781e-05,0.0001357671717414,550.956812,480.270977,1.0,180.0,-42.301559,-85.835487,-0.0,-22.145,-180.0,0.1126865968108177
0.2230141460895538,0.0001377270236844,0.0001772791874827,550.956812,480.270977,2.0,180.0,-42.301559,-85.835487,-0.0,-22.145,-180.0,0.0739350840449333
0.2871383726596832,0.0001351336250081,0.0002037334488704,550.956812,480.270977,3.0,180.0,-42.301559,-85.835487,-0.0,-22.145,-180.0,0.1083722487092018
0.2487702220678329,0.0001574830093886,0.0002201009192503,550.956812,480.270977,4.0,180.0,-42.301559,-85.835487,-0.0,-22.145,-180.0,0.0923581346869468
0.3123564422130584,0.0001300287258345,0.0002144823374692,550.956812,480.270977,5.0,180.0,-42.301559,-85.835487,-0.0,-22.145,-180.0,0.1211347207427024
0.3162176609039306,0.0001329861406702,0.0002162558957934,550.956812,480.270977,6.0,180.0,-42.301559,-85.835487,-0.0,-22.145,-180.0,0.1088678538799285
0.2856375873088836,0.0001825731596909,0.0002866942086257,550.956812,480.270977,7.0,180.0,-42.301559,-85.835487,-0.0,-22.145,-180.0,0.093777522444725
0.2474520802497863,0.0002431469038128,0.000360131933121,550.956812,480.270977,8.0,180.0,-42.301559,-85.835487,-0.0,-22.145,-180.0,0.0974891185760498
0.2965729832649231,0.0002037462982116,0.0003281438257545,550.956812,480.270977,9.0,180.0,-42.301559,-85.835487,-0.0,-22.145,-180.0,0.105844147503376
0.304705798625946,0.0002123078011209,0.0003507777291815,550.956812,480.270977,10.0,180.0,-42.301559,-85.835487,-0.0,-22.145,-180.0,0.1014012545347213
0.2946304380893707,0.0002600890875328,0.0004290922661311,550.956812,480.270977,11.0,180.0,-42.301559,-85.835487,-0.0,-22.145,-180.0,0.1059663593769073
0.3423704504966736,0.0001741933083394,0.0003082321491092,550.956812,480.270977,12.0,180.0,-42.301559,-85.835487,-0.0,-22.145,-180.0,0.1079567521810531
0.3114215433597564,0.0002202576724812,0.0003736764192581,550.956812,480.270977,13.0,180.0,-42.301559,-85.835487,-0.0,-22.145,-180.0,0.1021986305713653
0.3278574645519256,0.0002451155742164,0.0004258390981703,550.956812,480.270977,14.0,180.0,-42.301559,-85.835487,-0.0,-22.145,-180.0,0.1019878163933754
0.3014686107635498,0.0002854331978596,0.000490267004352,550.956812,480.270977,15.0,180.0,-42.301559,-85.835487,-0.0,-22.145,-180.0,0.0892446041107177
0.2804375886917114,0.0003307102597318,0.000542685505934,550.956812,480.270977,16.0,180.0,-42.301559,-85.835487,-0.0,-22.145,-180.0,0.0939892008900642
0.3427379727363586,0.0002322844375157,0.0004254772793501,550.956812,480.270977,17.0,180.0,-42.301559,-85.835487,-0.0,-22.145,-180.0,0.1098696142435073
0.3199092447757721,0.000260566273937,0.0004593706107698,550.956812,480.270977,18.0,180.0,-42.301559,-85.835487,-0.0,-22.145,-180.0,0.1033121198415756
0.3496095240116119,0.0002664538333192,0.0004973934264853,550.956812,480.270977,19.0,180.0,-42.301559,-85.835487,-0.0,-22.145,-180.0,0.1203467920422554
0.2742899954319,0.0001108666328946,0.0001628866739338,550.956812,480.270977,0.0,180.0,-42.301559,-85.835487,-0.0,-22.05,-180.0,0.1059112921357154
0.1890586465597152,0.0001707908813841,0.0002095483796438,550.956812,480.270977,1.0,180.0,-42.301559,-85.835487,-0.0,-22.05,-180.0,0.0690116509795188
0.2280628234148025,0.0001555219787405,0.0002091590868076,550.956812,480.270977,2.0,180.0,-42.301559,-85.835487,-0.0,-22.05,-180.0,0.0966074466705322
0.253311812877655,0.000141778946272,0.0002016798825934,550.956812,480.270977,3.0,180.0,-42.301559,-85.835487,-0.0,-22.05,-180.0,0.1047758311033248
0.2251954227685928,0.0001769198715919,0.0002413910260656,550.956812,480.270977,4.0,180.0,-42.301559,-85.835487,-0.0,-22.05,-180.0,0.0917318910360336
0.273789495229721,0.0001619141985429,0.0002443626581225,550.956812,480.270977,5.0,180.0,-42.301559,-85.835487,-0.0,-22.05,-180.0,0.1012214347720146
0.2033024579286575,0.0002469202445354,0.0003414910752326,550.956812,480.270977,6.0,180.0,-42.301559,-85.835487,-0.0,-22.05,-180.0,0.0818591564893722
0.2677396237850189,0.0001526254636701,0.0002308860275661,550.956812,480.270977,7.0,180.0,-42.301559,-85.835487,-0.0,-22.05,-180.0,0.0898612290620803
0.2373493611812591,0.0002419865195406,0.0003514074778649,550.956812,480.270977,8.0,180.0,-42.301559,-85.835487,-0.0,-22.05,-180.0,0.0853623077273368
0.264204204082489,0.0002251575351692,0.0003491557436063,550.956812,480.270977,9.0,180.0,-42.301559,-85.835487,-0.0,-22.05,-180.0,0.0949961692094802
0.3210160732269287,0.0001851606211857,0.0003115028666798,550.956812,480.270977,10.0,180.0,-42.301559,-85.835487,-0.0,-22.05,-180.0,0.108054019510746
0.2839170694351196,0.000239457891439,0.0003915550478268,550.956812,480.270977,11.0,180.0,-42.301559,-85.835487,-0.0,-22.05,-180.0,0.0969269275665283
0.276049941778183,0.0002127155312336,0.0003445316106081,550.956812,480.270977,12.0,180.0,-42.301559,-85.835487,-0.0,-22.05,-180.0,0.0867151841521263
0.2796524167060852,0.0002192503889091,0.0003581298224162,550.956812,480.270977,13.0,180.0,-42.301559,-85.835487,-0.0,-22.05,-180.0,0.0975146889686584
0.3381985425949096,0.0001782996405381,0.000328741967678,550.956812,480.270977,14.0,180.0,-42.301559,-85.835487,-0.0,-22.05,-180.0,0.1099148094654083
0.3289729952812195,0.0002949957852251,0.0005272275302559,550.956812,480.270977,15.0,180.0,-42.301559,-85.835487,-0.0,-22.05,-180.0,0.1114766299724578
0.3533400595188141,0.0002768683771137,0.0005154634127393,550.956812,480.270977,16.0,180.0,-42.301559,-85.835487,-0.0,-22.05,-180.0,0.1148256585001945
0.3769564032554626,0.0002331173018319,0.0004624603607226,550.956812,480.270977,17.0,180.0,-42.301559,-85.835487,-0.0,-22.05,-180.0,0.124139592051506
0.3666729032993316,0.0002541534195188,0.0004948636633343,550.956812,480.270977,18.0,180.0,-42.301559,-85.835487,-0.0,-22.05,-180.0,0.1195397078990936
0.341194599866867,0.0002659937599673,0.0004962584353052,550.956812,480.270977,19.0,180.0,-42.301559,-85.835487,-0.0,-22.05,-180.0,0.1157678961753845
0.308230996131897,0.0001103797985706,0.0001700610155239,550.956812,480.270977,0.0,180.0,-42.301559,-85.835487,-0.0,-21.947,-180.0,0.125893235206604
0.2602021098136902,0.0001147603397839,0.0001620308903511,550.956812,480.270977,1.0,180.0,-42.301559,-85.835487,-0.0,-21.947,-180.0,0.1007008776068687
0.2900543510913849,0.0001236084790434,0.0001828976382967,550.956812,480.270977,2.0,180.0,-42.301559,-85.835487,-0.0,-21.947,-180.0,0.1115382835268974
0.273802101612091,0.0001398467866238,0.0002045196597464,550.956812,480.270977,3.0,180.0,-42.301559,-85.835487,-0.0,-21.947,-180.0,0.0934358015656471
0.2685025930404663,0.000175118460902,0.0002660563914105,550.956812,480.270977,4.0,180.0,-42.301559,-85.835487,-0.0,-21.947,-180.0,0.0998941957950592
0.2477834373712539,0.0001730534131638,0.0002553885860834,550.956812,480.270977,5.0,180.0,-42.301559,-85.835487,-0.0,-21.947,-180.0,0.0870448127388954
0.2531530261039734,0.0001732663222355,0.0002512709179427,550.956812,480.270977,6.0,180.0,-42.301559,-85.835487,-0.0,-21.947,-180.0,0.10338044911623
0.3085914850234985,0.0001478947961004,0.0002393167233094,550.956812,480.270977,7.0,180.0,-42.301559,-85.835487,-0.0,-21.947,-180.0,0.0944733247160911
0.2173459231853485,0.0002683392958715,0.0003753472119569,550.956812,480.270977,8.0,180.0,-42.301559,-85.835487,-0.0,-21.947,-180.0,0.0832742303609848
0.2388581335544586,0.0002479553222656,0.0003589665575418,550.956812,480.270977,9.0,180.0,-42.301559,-85.835487,-0.0,-21.947,-180.0,0.0833580046892166
0.3060010075569153,0.0002063795109279,0.0003343221615068,550.956812,480.270977,10.0,180.0,-42.301559,-85.835487,-0.0,-21.947,-180.0,0.1044917330145835
0.2990754246711731,0.0002034066274063,0.0003233933530282,550.956812,480.270977,11.0,180.0,-42.301559,-85.835487,-0.0,-21.947,-180.0,0.0952275246381759
0.2292365580797195,0.0003082566836383,0.000451412575785,550.956812,480.270977,12.0,180.0,-42.301559,-85.835487,-0.0,-21.947,-180.0,0.0807105004787445
0.3250642418861389,0.0002368387213209,0.0004139839729759,550.956812,480.270977,13.0,180.0,-42.301559,-85.835487,-0.0,-21.947,-180.0,0.1029094532132148
0.3118105232715606,0.0002612662210594,0.0004430617264006,550.956812,480.270977,14.0,180.0,-42.301559,-85.835487,-0.0,-21.947,-180.0,0.1025260984897613
0.3472527265548706,0.0002172960084863,0.0003942944167647,550.956812,480.270977,15.0,180.0,-42.301559,-85.835487,-0.0,-21.947,-180.0,0.1122462302446365
0.3501344919204712,0.0002222480252385,0.0004113956529181,550.956812,480.270977,16.0,180.0,-42.301559,-85.835487,-0.0,-21.947,-180.0,0.1068422049283981
0.364505410194397,0.0002890471660066,0.0005440434324555,550.956812,480.270977,17.0,180.0,-42.301559,-85.835487,-0.0,-21.947,-180.0,0.1194180324673652
0.3705571889877319,0.000254854094237,0.000489133875817,550.956812,480.270977,18.0,180.0,-42.301559,-85.835487,-0.0,-21.947,-180.0,0.1176465824246406
0.3398289084434509,0.0002913811767939,0.0005329083069227,550.956812,480.270977,19.0,180.0,-42.301559,-85.835487,-0.0,-21.947,-180.0,0.1093230992555618
0.1700035631656646,0.0001870289124781,0.0002193404507124,550.956812,480.270977,0.0,180.0,-42.301559,-85.835487,-0.0,-21.993,-180.0,0.0659097582101821
0.2705865204334259,0.0001395873550791,0.0002029223251156,550.956812,480.270977,1.0,180.0,-42.301559,-85.835487,-0.0,-21.993,-180.0,0.1213696673512458
0.2712801098823547,0.0001402401248924,0.0002014353085542,550.956812,480.270977,2.0,180.0,-42.301559,-85.835487,-0.0,-21.993,-180.0,0.1067612245678901
0.2889631390571594,0.0001213142095366,0.0001829163520596,550.956812,480.270977,3.0,180.0,-42.301559,-85.835487,-0.0,-21.993,-180.0,0.1026289761066436
0.2684935629367828,0.0001773046387825,0.0002645718050189,550.956812,480.270977,4.0,180.0,-42.301559,-85.835487,-0.0,-21.993,-180.0,0.1078497916460037
0.3028771579265594,0.0001536967320134,0.0002471349725965,550.956812,480.270977,5.0,180.0,-42.301559,-85.835487,-0.0,-21.993,-180.0,0.1213417425751686
0.3332787454128265,0.0001365782372886,0.0002353314339416,550.956812,480.270977,6.0,180.0,-42.301559,-85.835487,-0.0,-21.993,-180.0,0.1118588075041771
0.3049245178699493,0.0001797053555492,0.0002927578170783,550.956812,480.270977,7.0,180.0,-42.301559,-85.835487,-0.0,-21.993,-180.0,0.1091406792402267
0.3011075556278229,0.0001816083531593,0.0002947004395537,550.956812,480.270977,8.0,180.0,-42.301559,-85.835487,-0.0,-21.993,-180.0,0.1082750484347343
0.2932631969451904,0.0002156366244889,0.0003467643400654,550.956812,480.270977,9.0,180.0,-42.301559,-85.835487,-0.0,-21.993,-180.0,0.1066391915082931
0.3158023059368133,0.000234120467212,0.0003934179549105,550.956812,480.270977,10.0,180.0,-42.301559,-85.835487,-0.0,-21.993,-180.0,0.0999791845679283
0.2401531040668487,0.0002933694340754,0.0004269411147106,550.956812,480.270977,11.0,180.0,-42.301559,-85.835487,-0.0,-21.993,-180.0,0.0830486938357353
0.2692475020885467,0.0002498502726666,0.0003831019275821,550.956812,480.270977,12.0,180.0,-42.301559,-85.835487,-0.0,-21.993,-180.0,0.0910805165767669
0.2368006110191345,0.0003474708646535,0.00051947979955,550.956812,480.270977,13.0,180.0,-42.301559,-85.835487,-0.0,-21.993,-180.0,0.0752465650439262
0.2953981459140777,0.0002825419360306,0.0004612445191014,550.956812,480.270977,14.0,180.0,-42.301559,-85.835487,-0.0,-21.993,-180.0,0.0945915207266807
0.2919943630695343,0.000277635990642,0.0004503862583078,550.956812,480.270977,15.0,180.0,-42.301559,-85.835487,-0.0,-21.993,-180.0,0.0968690887093544
0.3558263480663299,0.0002830668236128,0.00052188715199,550.956812,480.270977,16.0,180.0,-42.301559,-85.835487,-0.0,-21.993,-180.0,0.1147427335381507
0.3577396273612976,0.0002550645440351,0.0004766767087858,550.956812,480.270977,17.0,180.0,-42.301559,-85.835487,-0.0,-21.993,-180.0,0.1114522293210029
0.3609391152858734,0.0002336566831218,0.000438382703578,550.956812,480.270977,18.0,180.0,-42.301559,-85.835487,-0.0,-21.993,-180.0,0.1185393631458282
0.3448206186294555,0.0002505010052118,0.0004607715818565,550.956812,480.270977,19.0,180.0,-42.301559,-85.835487,-0.0,-21.993,-180.0,0.1145230457186698
0.2838011682033539,0.0001017334507196,0.0001499994832556,550.956812,480.270977,0.0,180.0,-42.301559,-85.835487,-0.0,-22.038,-180.0,0.1170044913887977
0.3121821880340576,0.0001158719533123,0.0001836397859733,550.956812,480.270977,1.0,180.0,-42.301559,-85.835487,-0.0,-22.038,-180.0,0.1230010092258453
0.3407807052135467,9.147001401288436e-05,0.0001529201836092,550.956812,480.270977,2.0,180.0,-42.301559,-85.835487,-0.0,-22.038,-180.0,0.1273429691791534
0.255235344171524,0.0001724355242913,0.0002454625209793,550.956812,480.270977,3.0,180.0,-42.301559,-85.835487,-0.0,-22.038,-180.0,0.105406753718853
0.2806397676467895,0.0001182054329547,0.0001738846913212,550.956812,480.270977,4.0,180.0,-42.301559,-85.835487,-0.0,-22.038,-180.0,0.0990296825766563
0.2162674665451049,0.0002089602930936,0.0002714079164434,550.956812,480.270977,5.0,180.0,-42.301559,-85.835487,-0.0,-22.038,-180.0,0.0829708576202392
0.2938801944255829,0.000168224752997,0.0002607643837109,550.956812,480.270977,6.0,180.0,-42.301559,-85.835487,-0.0,-22.038,-180.0,0.1062871515750885
0.2900816798210144,0.0002044674765784,0.0003201164654456,550.956812,480.270977,7.0,180.0,-42.301559,-85.835487,-0.0,-22.038,-180.0,0.1072932034730911
0.2721642255783081,0.000193519736058,0.0002931650378741,550.956812,480.270977,8.0,180.0,-42.301559,-85.835487,-0.0,-22.038,-180.0,0.0917799174785614
0.2530883848667145,0.0002092554059345,0.0003102833288721,550.956812,480.270977,9.0,180.0,-42.301559,-85.835487,-0.0,-22.038,-180.0,0.0786074474453926
0.2317980527877807,0.00027739154757,0.0004083540989086,550.956812,480.270977,10.0,180.0,-42.301559,-85.835487,-0.0,-22.038,-180.0,0.0818823501467704
0.2860389351844787,0.0002116690593538,0.0003389089542906,550.956812,480.270977,11.0,180.0,-42.301559,-85.835487,-0.0,-22.038,-180.0,0.0978635028004646
0.3121762275695801,0.0002020043466472,0.0003425081376917,550.956812,480.270977,12.0,180.0,-42.301559,-85.835487,-0.0,-22.038,-180.0,0.0986954122781753
0.3236367702484131,0.0002804927935358,0.0004930213326588,550.956812,480.270977,13.0,180.0,-42.301559,-85.835487,-0.0,-22.038,-180.0,0.1017180457711219
0.290882408618927,0.0002757651091087,0.0004503753443714,550.956812,480.270977,14.0,180.0,-42.301559,-85.835487,-0.0,-22.038,-180.0,0.0906009674072265
0.3263450562953949,0.000238025051658,0.0004180303076282,550.956812,480.270977,15.0,180.0,-42.301559,-85.835487,-0.0,-22.038,-180.0,0.0986435860395431
0.2667421400547027,0.000323688465869,0.0005168303032405,550.956812,480.270977,16.0,180.0,-42.301559,-85.835487,-0.0,-22.038,-180.0,0.0834936872124672
0.2948660552501678,0.0002790031139738,0.00046986862435,550.956812,480.270977,17.0,180.0,-42.301559,-85.835487,-0.0,-22.038,-180.0,0.0935647115111351
0.2838205695152282,0.0002862943219952,0.000477571011288,550.956812,480.270977,18.0,180.0,-42.301559,-85.835487,-0.0,-22.038,-180.0,0.0935935229063034
0.3187703192234039,0.0002759068738669,0.0004874860751442,550.956812,480.270977,19.0,180.0,-42.301559,-85.835487,-0.0,-22.038,-180.0,0.1058493331074714
0.2343169599771499,0.0001455699239159,0.0001886286918306,550.956812,480.270977,0.0,180.0,-42.301559,-85.835487,-0.0,-21.947,-180.0,0.0962847173213958
0.3035327792167663,0.0001148918672697,0.0001784292107913,550.956812,480.270977,1.0,180.0,-42.301559,-85.835487,-0.0,-21.947,-180.0,0.1213219910860061
0.303193062543869,0.000120213117043,0.0001803813065635,550.956812,480.270977,2.0,180.0,-42.301559,-85.835487,-0.0,-21.947,-180.0,0.1210496798157692
0.3152734041213989,0.0001119851876865,0.0001750689698383,550.956812,480.270977,3.0,180.0,-42.301559,-85.835487,-0.0,-21.947,-180.0,0.1127578169107437
0.2708243131637573,0.000144579069456,0.0002103942679241,550.956812,480.270977,4.0,180.0,-42.301559,-85.835487,-0.0,-21.947,-180.0,0.0985352918505668
0.3037270307540893,0.0001452645519748,0.0002322376822121,550.956812,480.270977,5.0,180.0,-42.301559,-85.835487,-0.0,-21.947,-180.0,0.1166037395596504
0.2944978475570678,0.0001685962488409,0.0002669287787284,550.956812,480.270977,6.0,180.0,-42.301559,-85.835487,-0.0,-21.947,-180.0,0.1045996099710464
0.2949703931808471,0.0001824757055146,0.0002835213672369,550.956812,480.270977,7.0,180.0,-42.301559,-85.835487,-0.0,-21.947,-180.0,0.1035051122307777
0.2660951018333435,0.0002011384931392,0.0002825733681675,550.956812,480.270977,8.0,180.0,-42.301559,-85.835487,-0.0,-21.947,-180.0,0.0870929807424545
0.3068303763866424,0.0002081744605675,0.0003365823940839,550.956812,480.270977,9.0,180.0,-42.301559,-85.835487,-0.0,-21.947,-180.0,0.1119915097951889
0.319724977016449,0.0001904194650705,0.0003151278069708,550.956812,480.270977,10.0,180.0,-42.301559,-85.835487,-0.0,-21.947,-180.0,0.1068789511919021
0.3106362521648407,0.0002448899322189,0.0004002942005172,550.956812,480.270977,11.0,180.0,-42.301559,-85.835487,-0.0,-21.947,-180.0,0.1012508645653724
0.2697335183620453,0.0002758655464276,0.0004296941915526,550.956812,480.270977,12.0,180.0,-42.301559,-85.835487,-0.0,-21.947,-180.0,0.0934984013438224
0.3168149292469024,0.0002287496608914,0.0003855736576952,550.956812,480.270977,13.0,180.0,-42.301559,-85.835487,-0.0,-21.947,-180.0,0.1065060198307037
0.3256047964096069,0.0002402785466983,0.0004129146691411,550.956812,480.270977,14.0,180.0,-42.301559,-85.835487,-0.0,-21.947,-180.0,0.101867102086544
0.3408089578151703,0.0002469067694619,0.0004379457677714,550.956812,480.270977,15.0,180.0,-42.301559,-85.835487,-0.0,-21.947,-180.0,0.1036597043275833
0.2950205504894256,0.0002639993908815,0.0004324807086959,550.956812,480.270977,16.0,180.0,-42.301559,-85.835487,-0.0,-21.947,-180.0,0.0957208797335624
0.3225537240505218,0.0002332826552446,0.0004013189754914,550.956812,480.270977,17.0,180.0,-42.301559,-85.835487,-0.0,-21.947,-180.0,0.0956987366080284
0.3077957332134247,0.0002765714016277,0.0004685664607677,550.956812,480.270977,18.0,180.0,-42.301559,-85.835487,-0.0,-21.947,-180.0,0.0909833535552024
0.3089772462844848,0.0002944384759757,0.0005001773824915,550.956812,480.270977,19.0,180.0,-42.301559,-85.835487,-0.0,-21.947,-180.0,0.1017878055572509
0.2848791778087616,0.0001120567540056,0.000167171790963,550.956812,480.270977,0.0,180.0,-42.301559,-85.835487,-0.0,-21.95,-180.0,0.1154747083783149
0.284903883934021,0.0001239207340404,0.000186021454283,550.956812,480.270977,1.0,180.0,-42.301559,-85.835487,-0.0,-21.95,-180.0,0.1097573116421699
0.2788683474063873,0.0001396037987433,0.0002079538680845,550.956812,480.270977,2.0,180.0,-42.301559,-85.835487,-0.0,-21.95,-180.0,0.1087602451443672
0.2907909750938415,0.0001367370423395,0.000205950520467,550.956812,480.270977,3.0,180.0,-42.301559,-85.835487,-0.0,-21.95,-180.0,0.1076093688607215
0.2513614594936371,0.0001678989210631,0.0002378495846642,550.956812,480.270977,4.0,180.0,-42.301559,-85.835487,-0.0,-21.95,-180.0,0.0937220975756645
0.3022789657115936,0.0001598819362698,0.0002534909872338,550.956812,480.270977,5.0,180.0,-42.301559,-85.835487,-0.0,-21.95,-180.0,0.118651658296585
0.3368902504444122,0.0001436746242688,0.0002432124747429,550.956812,480.270977,6.0,180.0,-42.301559,-85.835487,-0.0,-21.95,-180.0,0.1221676915884018
0.302482008934021,0.0001787267683539,0.0002882475673686,550.956812,480.270977,7.0,180.0,-42.301559,-85.835487,-0.0,-21.95,-180.0,0.1014890894293785
0.2271696478128433,0.0002410564775345,0.0003376904060132,550.956812,480.270977,8.0,180.0,-42.301559,-85.835487,-0.0,-21.95,-180.0,0.0887513905763626
0.2779332995414734,0.0002113355149049,0.0003242442326154,550.956812,480.270977,9.0,180.0,-42.301559,-85.835487,-0.0,-21.95,-180.0,0.0950943157076835
0.2787820696830749,0.0002260160836158,0.0003520197933539,550.956812,480.270977,10.0,180.0,-42.301559,-85.835487,-0.0,-21.95,-180.0,0.0840313881635665
0.193829670548439,0.0003118786844424,0.0004144089180044,550.956812,480.270977,11.0,180.0,-42.301559,-85.835487,-0.0,-21.95,-180.0,0.0616161711513996
0.2484514117240905,0.0002816228661686,0.0004090042493771,550.956812,480.270977,12.0,180.0,-42.301559,-85.835487,-0.0,-21.95,-180.0,0.0802215859293937
0.2264510691165924,0.0002920478291343,0.0004104299878235,550.956812,480.270977,13.0,180.0,-42.301559,-85.835487,-0.0,-21.95,-180.0,0.0726066678762435
0.2432144731283188,0.0003169306437484,0.0004727943160105,550.956812,480.270977,14.0,180.0,-42.301559,-85.835487,-0.0,-21.95,-180.0,0.0862767770886421
0.2867012321949005,0.0002745769743341,0.0004393923154566,550.956812,480.270977,15.0,180.0,-42.301559,-85.835487,-0.0,-21.95,-180.0,0.0933555662631988
0.2854735553264618,0.0003338735550642,0.0005358509370125,550.956812,480.270977,16.0,180.0,-42.301559,-85.835487,-0.0,-21.95,-180.0,0.0994096100330352
0.3120262026786804,0.0002852380566764,0.0004815479333046,550.956812,480.270977,17.0,180.0,-42.301559,-85.835487,-0.0,-21.95,-180.0,0.1049117669463157
0.2789467573165893,0.0002658522862475,0.0004217214591335,550.956812,480.270977,18.0,180.0,-42.301559,-85.835487,-0.0,-21.95,-180.0,0.089045912027359
0.2952260971069336,0.0002533503284212,0.0004207751189824,550.956812,480.270977,19.0,180.0,-42.301559,-85.835487,-0.0,-21.95,-180.0,0.1015869230031967
0.2712910771369934,0.0001042282601702,0.0001435200101695,550.956812,480.270977,0.0,180.0,-42.301559,-85.835487,0.0,-21.825,-180.0,0.0988791361451149
0.2628136873245239,0.0001334376574959,0.000189934275113,550.956812,480.270977,1.0,180.0,-42.301559,-85.835487,0.0,-21.825,-180.0,0.1021558344364166
0.2709685266017914,0.0001627289748284,0.0002390398149145,550.956812,480.270977,2.0,180.0,-42.301559,-85.835487,0.0,-21.825,-180.0,0.1115252897143364
0.3100166916847229,0.0001290278160013,0.000202911614906,550.956812,480.270977,3.0,180.0,-42.301559,-85.835487,0.0,-21.825,-180.0,0.1162084415555
0.2946268022060394,0.0001529708824818,0.0002351162256672,550.956812,480.270977,4.0,180.0,-42.301559,-85.835487,0.0,-21.825,-180.0,0.1115506589412689
0.2672872841358185,0.0001840237091528,0.0002739700721576,550.956812,480.270977,5.0,180.0,-42.301559,-85.835487,0.0,-21.825,-180.0,0.0960605219006538
0.2824078798294067,0.0001667973701842,0.0002523868461139,550.956812,480.270977,6.0,180.0,-42.301559,-85.835487,0.0,-21.825,-180.0,0.0948316603899002
0.2841423451900482,0.0001830377441365,0.000280930486042,550.956812,480.270977,7.0,180.0,-42.301559,-85.835487,0.0,-21.825,-180.0,0.0977536365389823
0.250889778137207,0.0001950793666765,0.0002792400191538,550.956812,480.270977,8.0,180.0,-42.301559,-85.835487,0.0,-21.825,-180.0,0.0883362367749214
0.2351287454366684,0.0002730736741796,0.0003800048725679,550.956812,480.270977,9.0,180.0,-42.301559,-85.835487,0.0,-21.825,-180.0,0.0851605311036109
0.2840514481067657,0.0002376596967224,0.000365173065802,550.956812,480.270977,10.0,180.0,-42.301559,-85.835487,0.0,-21.825,-180.0,0.0943604931235313
0.2376385629177093,0.0002457628434058,0.0003435611433815,550.956812,480.270977,11.0,180.0,-42.301559,-85.835487,0.0,-21.825,-180.0,0.0749690383672714
0.2411520928144455,0.0002035059733316,0.0002902107371482,550.956812,480.270977,12.0,180.0,-42.301559,-85.835487,0.0,-21.825,-180.0,0.0715840980410575
0.2340410947799682,0.0003154510923195,0.0004541586386039,550.956812,480.270977,13.0,180.0,-42.301559,-85.835487,0.0,-21.825,-180.0,0.078441210091114
0.2708103656768799,0.0002654078707564,0.000411243410781,550.956812,480.270977,14.0,180.0,-42.301559,-85.835487,0.0,-21.825,-180.0,0.0865923464298248
0.3196307420730591,0.000255296297837,0.0004311292723286,550.956812,480.270977,15.0,180.0,-42.301559,-85.835487,0.0,-21.825,-180.0,0.1085620895028114
0.2915370762348175,0.0002875961654353,0.0004643198917619,550.956812,480.270977,16.0,180.0,-42.301559,-85.835487,0.0,-21.825,-180.0,0.0998379960656166
0.3217716515064239,0.00026803126093,0.0004550419689621,550.956812,480.270977,17.0,180.0,-42.301559,-85.835487,0.0,-21.825,-180.0,0.1108398661017417
0.2989496290683746,0.0002937386161647,0.0004845549992751,550.956812,480.270977,18.0,180.0,-42.301559,-85.835487,0.0,-21.825,-180.0,0.0997626781463623
0.3090760111808777,0.0002707448147702,0.0004608400049619,550.956812,480.270977,19.0,180.0,-42.301559,-85.835487,0.0,-21.825,-180.0,0.1066339313983917
0.2649379074573517,0.0001078309287549,0.0001442045322619,550.956812,480.270977,0.0,180.0,-42.301559,-85.835487,-0.0,-21.815,-180.0,0.0968026146292686
0.2989968061447143,0.000109490865725,0.0001651960192248,550.956812,480.270977,1.0,180.0,-42.301559,-85.835487,-0.0,-21.815,-180.0,0.1107881963253021
0.2894682586193084,0.0001050515857059,0.0001554805930936,550.956812,480.270977,2.0,180.0,-42.301559,-85.835487,-0.0,-21.815,-180.0,0.101519376039505
0.2722392976284027,0.0001189262256957,0.0001690494973445,550.956812,480.270977,3.0,180.0,-42.301559,-85.835487,-0.0,-21.815,-180.0,0.0957269668579101
0.2508390843868255,0.000155484478455,0.0002138181735062,550.956812,480.270977,4.0,180.0,-42.301559,-85.835487,-0.0,-21.815,-180.0,0.0926028788089752
0.2824968099594116,0.0001551130553707,0.0002303200599271,550.956812,480.270977,5.0,180.0,-42.301559,-85.835487,-0.0,-21.815,-180.0,0.1009441912174224
0.2322245389223098,0.0001999094674829,0.0002739750198088,550.956812,480.270977,6.0,180.0,-42.301559,-85.835487,-0.0,-21.815,-180.0,0.0805648639798164
0.2435351759195327,0.0001997190411202,0.0002731228014454,550.956812,480.270977,7.0,180.0,-42.301559,-85.835487,-0.0,-21.815,-180.0,0.0874206572771072
0.2849285900592804,0.0001958376378752,0.0002996189869008,550.956812,480.270977,8.0,180.0,-42.301559,-85.835487,-0.0,-21.815,-180.0,0.1030867770314216
0.3073509037494659,0.0002068293833872,0.0003372901701368,550.956812,480.270977,9.0,180.0,-42.301559,-85.835487,-0.0,-21.815,-180.0,0.1050373166799545
0.2983636856079101,0.0001917246700031,0.0003041723684873,550.956812,480.270977,10.0,180.0,-42.301559,-85.835487,-0.0,-21.815,-180.0,0.0937326028943061
0.3281102776527405,0.0002032706543104,0.0003488763177301,550.956812,480.270977,11.0,180.0,-42.301559,-85.835487,-0.0,-21.815,-180.0,0.1090742126107215
0.2000434100627899,0.0002890616015065,0.0003860647266265,550.956812,480.270977,12.0,180.0,-42.301559,-85.835487,-0.0,-21.815,-180.0,0.0583448372781276
0.2548675537109375,0.0002612661046441,0.0003833256778307,550.956812,480.270977,13.0,180.0,-42.301559,-85.835487,-0.0,-21.815,-180.0,0.0817486494779586
0.2534042596817016,0.0003066160425078,0.0004524607211351,550.956812,480.270977,14.0,180.0,-42.301559,-85.835487,-0.0,-21.815,-180.0,0.0810280591249466
0.2947919070720672,0.00024184724316,0.0003940331807825,550.956812,480.270977,15.0,180.0,-42.301559,-85.835487,-0.0,-21.815,-180.0,0.0894787684082984
0.2789764106273651,0.0003167674585711,0.0005113225779496,550.956812,480.270977,16.0,180.0,-42.301559,-85.835487,-0.0,-21.815,-180.0,0.0935637503862381
0.2659803032875061,0.0002790138823911,0.000440930656623,550.956812,480.270977,17.0,180.0,-42.301559,-85.835487,-0.0,-21.815,-180.0,0.0953274145722389
0.3135815560817718,0.0003086684155277,0.0005245835054665,550.956812,480.270977,18.0,180.0,-42.301559,-85.835487,-0.0,-21.815,-180.0,0.1103580668568611
0.2890025079250335,0.000284853944322,0.0004632116178981,550.956812,480.270977,19.0,180.0,-42.301559,-85.835487,-0.0,-21.815,-180.0,0.095191404223442
0.2933727502822876,0.0001057690387824,0.0001545720733702,550.956812,480.270977,0.0,180.0,-42.301559,-85.835487,-0.0,-21.699,-180.0,0.112846203148365
0.3248036503791809,9.8505501227919e-05,0.0001568790903547,550.956812,480.270977,1.0,180.0,-42.301559,-85.835487,-0.0,-21.699,-180.0,0.1195548251271247
0.2641476094722748,0.0001395997387589,0.0002004988637054,550.956812,480.270977,2.0,180.0,-42.301559,-85.835487,-0.0,-21.699,-180.0,0.0980066955089569
0.2815808355808258,0.000143133016536,0.0002141363947885,550.956812,480.270977,3.0,180.0,-42.301559,-85.835487,-0.0,-21.699,-180.0,0.0999515950679779
0.2100148350000381,0.0002121202996931,0.0002751942665781,550.956812,480.270977,4.0,180.0,-42.301559,-85.835487,-0.0,-21.699,-180.0,0.0749865174293518
0.1911866813898086,0.0001915252942126,0.0002323611843166,550.956812,480.270977,5.0,180.0,-42.301559,-85.835487,-0.0,-21.699,-180.0,0.0656559541821479
0.2833273410797119,0.0001615633373148,0.000238311899011,550.956812,480.270977,6.0,180.0,-42.301559,-85.835487,-0.0,-21.699,-180.0,0.0976131409406662
0.2951787710189819,0.0001480273203924,0.0002253825223306,550.956812,480.270977,7.0,180.0,-42.301559,-85.835487,-0.0,-21.699,-180.0,0.096412181854248
0.2420555353164672,0.0002172044332837,0.0003069312660954,550.956812,480.270977,8.0,180.0,-42.301559,-85.835487,-0.0,-21.699,-180.0,0.0784970223903656
0.2210465222597122,0.0002347250992897,0.0003173712757416,550.956812,480.270977,9.0,180.0,-42.301559,-85.835487,-0.0,-21.699,-180.0,0.0758487731218338
0.2889800667762756,0.000227347612963,0.0003590481355786,550.956812,480.270977,10.0,180.0,-42.301559,-85.835487,-0.0,-21.699,-180.0,0.0985250473022461
0.3195734322071075,0.0002055524091701,0.0003463617758825,550.956812,480.270977,11.0,180.0,-42.301559,-85.835487,-0.0,-21.699,-180.0,0.1059545874595642
0.2643567323684692,0.000272742123343,0.0004190609324723,550.956812,480.270977,12.0,180.0,-42.301559,-85.835487,-0.0,-21.699,-180.0,0.0874105915427208
0.2921721935272217,0.0002827373100444,0.0004565072304103,550.956812,480.270977,13.0,180.0,-42.301559,-85.835487,-0.0,-21.699,-180.0,0.1051979809999466
0.2948896586894989,0.0002577789418864,0.0004109685251023,550.956812,480.270977,14.0,180.0,-42.301559,-85.835487,-0.0,-21.699,-180.0,0.0954907611012458
0.2846341133117676,0.0002778473135549,0.0004513451422099,550.956812,480.270977,15.0,180.0,-42.301559,-85.835487,-0.0,-21.699,-180.0,0.0917012393474578
0.3019817471504211,0.000267934432486,0.0004454150039236,550.956812,480.270977,16.0,180.0,-42.301559,-85.835487,-0.0,-21.699,-180.0,0.0999946966767311
0.3201792240142822,0.0002656067663338,0.0004582055553328,550.956812,480.270977,17.0,180.0,-42.301559,-85.835487,-0.0,-21.699,-180.0,0.1025372892618179
0.312758058309555,0.0002770202117972,0.0004729563079308,550.956812,480.270977,18.0,180.0,-42.301559,-85.835487,-0.0,-21.699,-180.0,0.1052801311016082
0.3417173027992248,0.0002835336199495,0.0005077653913758,550.956812,480.270977,19.0,180.0,-42.301559,-85.835487,-0.0,-21.699,-180.0,0.1165739893913269
0.2965007126331329,9.81535777100362e-05,0.0001443445653421,550.956812,480.270977,0.0,180.0,-42.301559,-85.835487,-0.0,-21.715,-180.0,0.1112710535526275
0.2821272015571594,0.0001353170955553,0.0001977054052986,550.956812,480.270977,1.0,180.0,-42.301559,-85.835487,-0.0,-21.715,-180.0,0.1130220964550972
0.2530480325222015,0.0001267724001081,0.0001751909439917,550.956812,480.270977,2.0,180.0,-42.301559,-85.835487,-0.0,-21.715,-180.0,0.0870556086301803
0.2607080936431885,0.0001547132851555,0.0002180830633733,550.956812,480.270977,3.0,180.0,-42.301559,-85.835487,-0.0,-21.715,-180.0,0.0963048636913299
0.2798222005367279,0.0001572009350638,0.0002296215679962,550.956812,480.270977,4.0,180.0,-42.301559,-85.835487,-0.0,-21.715,-180.0,0.103731594979763
0.292375385761261,0.0001481227955082,0.0002230767859145,550.956812,480.270977,5.0,180.0,-42.301559,-85.835487,-0.0,-21.715,-180.0,0.1045783683657646
0.2798979580402374,0.0001637266250327,0.0002429446321912,550.956812,480.270977,6.0,180.0,-42.301559,-85.835487,-0.0,-21.715,-180.0,0.0988833233714103
0.3252247869968414,0.0001599277165951,0.0002630414674058,550.956812,480.270977,7.0,180.0,-42.301559,-85.835487,-0.0,-21.715,-180.0,0.109842799603939
0.3063156902790069,0.0001816146395867,0.0002883712295442,550.956812,480.270977,8.0,180.0,-42.301559,-85.835487,-0.0,-21.715,-180.0,0.1047227159142494
0.2951849102973938,0.000179573544301,0.0002767033292911,550.956812,480.270977,9.0,180.0,-42.301559,-85.835487,-0.0,-21.715,-180.0,0.0946592539548873
0.3026378154754638,0.0002020777319557,0.0003232270246371,550.956812,480.270977,10.0,180.0,-42.301559,-85.835487,-0.0,-21.715,-180.0,0.0925647094845771
0.2515478730201721,0.0002501363924238,0.0003650482103694,550.956812,480.270977,11.0,180.0,-42.301559,-85.835487,-0.0,-21.715,-180.0,0.0839318484067916
0.3038135766983032,0.0002004038542509,0.0003170826530549,550.956812,480.270977,12.0,180.0,-42.301559,-85.835487,-0.0,-21.715,-180.0,0.0957255810499191
0.2979589402675628,0.0002454280911479,0.0003910652303602,550.956812,480.270977,13.0,180.0,-42.301559,-85.835487,-0.0,-21.715,-180.0,0.0951618403196334
0.2578064501285553,0.0003340386610943,0.0005023291450925,550.956812,480.270977,14.0,180.0,-42.301559,-85.835487,-0.0,-21.715,-180.0,0.0903326123952865
0.2726702988147735,0.0002505345910321,0.000385666033253,550.956812,480.270977,15.0,180.0,-42.301559,-85.835487,-0.0,-21.715,-180.0,0.0901670232415199
0.3100191354751587,0.0002586309565231,0.0004276141116861,550.956812,480.270977,16.0,180.0,-42.301559,-85.835487,-0.0,-21.715,-180.0,0.103373572230339
0.2816312611103058,0.0003153950092382,0.0005026475409977,550.956812,480.270977,17.0,180.0,-42.301559,-85.835487,-0.0,-21.715,-180.0,0.0919879972934722
0.2636519372463226,0.0003274594491813,0.000509685545694,550.956812,480.270977,18.0,180.0,-42.301559,-85.835487,-0.0,-21.715,-180.0,0.0955849811434745
0.2999193668365478,0.0002595496480353,0.000423873134423,550.956812,480.270977,19.0,180.0,-42.301559,-85.835487,-0.0,-21.715,-180.0,0.1008327975869178
0.264907568693161,0.0001218088800669,0.0001725911715766,550.956812,480.270977,0.0,180.0,-42.301559,-85.835487,-0.0,-21.712,-180.0,0.1052154749631881
0.2336183488368988,0.0001209081892739,0.0001595521025592,550.956812,480.270977,1.0,180.0,-42.301559,-85.835487,-0.0,-21.712,-180.0,0.0785530358552932
0.2414857149124145,0.000128306885017,0.0001697682746453,550.956812,480.270977,2.0,180.0,-42.301559,-85.835487,-0.0,-21.712,-180.0,0.0851996913552284
0.3162680864334106,9.843995212577283e-05,0.0001535652700113,550.956812,480.270977,3.0,180.0,-42.301559,-85.835487,-0.0,-21.712,-180.0,0.1111250966787338
0.2951059639453888,0.0001187463130918,0.0001782923500286,550.956812,480.270977,4.0,180.0,-42.301559,-85.835487,-0.0,-21.712,-180.0,0.1052726358175277
0.2822806239128113,0.0001359644084004,0.0002015130012296,550.956812,480.270977,5.0,180.0,-42.301559,-85.835487,-0.0,-21.712,-180.0,0.098475307226181
0.2815693318843841,0.0001475004683015,0.0002244023926323,550.956812,480.270977,6.0,180.0,-42.301559,-85.835487,-0.0,-21.712,-180.0,0.0942768827080726
0.240100473165512,0.0002137418487109,0.000307254755171,550.956812,480.270977,7.0,180.0,-42.301559,-85.835487,-0.0,-21.712,-180.0,0.0856645554304122
0.2800614833831787,0.0001848452666308,0.0002807852288242,550.956812,480.270977,8.0,180.0,-42.301559,-85.835487,-0.0,-21.712,-180.0,0.09505195915699
0.2737619876861572,0.0002247054071631,0.0003453902027104,550.956812,480.270977,9.0,180.0,-42.301559,-85.835487,-0.0,-21.712,-180.0,0.0960806384682655
0.2110208570957183,0.0003229429712519,0.0004415422445163,550.956812,480.270977,10.0,180.0,-42.301559,-85.835487,-0.0,-21.712,-180.0,0.0718474835157394
0.1586548835039138,0.0003698863729368,0.0004584173730108,550.956812,480.270977,11.0,180.0,-42.301559,-85.835487,-0.0,-21.712,-180.0,0.0568645372986793
0.2582640349864959,0.0002672755799721,0.0003868921776302,550.956812,480.270977,12.0,180.0,-42.301559,-85.835487,-0.0,-21.712,-180.0,0.0829370766878128
0.2806037664413452,0.0002430233580525,0.0003698735672514,550.956812,480.270977,13.0,180.0,-42.301559,-85.835487,-0.0,-21.712,-180.0,0.0924173891544342
0.2851104438304901,0.0002735643356572,0.0004293148231226,550.956812,480.270977,14.0,180.0,-42.301559,-85.835487,-0.0,-21.712,-180.0,0.0978944972157478
0.2906668782234192,0.0002824287803377,0.0004534285399131,550.956812,480.270977,15.0,180.0,-42.301559,-85.835487,-0.0,-21.712,-180.0,0.0977519005537033
0.2972055077552795,0.0002688362146727,0.0004343451291788,550.956812,480.270977,16.0,180.0,-42.301559,-85.835487,-0.0,-21.712,-180.0,0.0982135385274887
0.3116559088230133,0.0002758133632596,0.0004633922944776,550.956812,480.270977,17.0,180.0,-42.301559,-85.835487,-0.0,-21.712,-180.0,0.1115917563438415
0.2973226308822632,0.0002454563218634,0.0004052184522151,550.956812,480.270977,18.0,180.0,-42.301559,-85.835487,-0.0,-21.712,-180.0,0.0951196774840354
0.299041599035263,0.0002970635250676,0.0004941568477079,550.956812,480.270977,19.0,180.0,-42.301559,-85.835487,-0.0,-21.712,-180.0,0.1051361262798309
0.2859507799148559,0.0001142240143963,0.0001633034116821,550.956812,480.270977,0.0,180.0,-42.301559,-85.835487,-0.0,-21.632,-180.0,0.1053563058376312
0.238940805196762,0.0001308744540438,0.0001743055181577,550.956812,480.270977,1.0,180.0,-42.301559,-85.835487,-0.0,-21.632,-180.0,0.0879918113350868
0.263309121131897,0.0001541666715638,0.0002199322043452,550.956812,480.270977,2.0,180.0,-42.301559,-85.835487,-0.0,-21.632,-180.0,0.1035135686397552
0.2500432431697845,0.0001741297892294,0.0002456525689922,550.956812,480.270977,3.0,180.0,-42.301559,-85.835487,-0.0,-21.632,-180.0,0.0978774651885032
0.2049919962882995,0.0002215883578173,0.0002931723138317,550.956812,480.270977,4.0,180.0,-42.301559,-85.835487,-0.0,-21.632,-180.0,0.0752393081784248
0.2103300094604492,0.000198143578018,0.000257510546362,550.956812,480.270977,5.0,180.0,-42.301559,-85.835487,-0.0,-21.632,-180.0,0.0750046521425247
0.236490324139595,0.0001905224053189,0.0002637201978359,550.956812,480.270977,6.0,180.0,-42.301559,-85.835487,-0.0,-21.632,-180.0,0.0825930014252662
0.2141875028610229,0.0002154584071831,0.0002813751925714,550.956812,480.270977,7.0,180.0,-42.301559,-85.835487,-0.0,-21.632,-180.0,0.076508454978466
0.1858807355165481,0.0002378509525442,0.0002939487749245,550.956812,480.270977,8.0,180.0,-42.301559,-85.835487,-0.0,-21.632,-180.0,0.0680128559470176
0.2072568088769912,0.0002690509718377,0.0003563842037692,550.956812,480.270977,9.0,180.0,-42.301559,-85.835487,-0.0,-21.632,-180.0,0.0784153342247009
0.2735540270805359,0.0002453742490615,0.0003667474666144,550.956812,480.270977,10.0,180.0,-42.301559,-85.835487,-0.0,-21.632,-180.0,0.0941032022237777
0.1864751577377319,0.0003227742272429,0.000425758131314,550.956812,480.270977,11.0,180.0,-42.301559,-85.835487,-0.0,-21.632,-180.0,0.0647111237049102
0.1527366787195205,0.0003560527111403,0.0004498211783356,550.956812,480.270977,12.0,180.0,-42.301559,-85.835487,-0.0,-21.632,-180.0,0.0575733557343483
0.2577646374702453,0.0002610701776575,0.0003863591700792,550.956812,480.270977,13.0,180.0,-42.301559,-85.835487,-0.0,-21.632,-180.0,0.0897958353161811
0.2794016599655151,0.0002367076522205,0.0003662192320916,550.956812,480.270977,14.0,180.0,-42.301559,-85.835487,-0.0,-21.632,-180.0,0.0901822373270988
0.294340044260025,0.0002722696517594,0.000433238048572,550.956812,480.270977,15.0,180.0,-42.301559,-85.835487,-0.0,-21.632,-180.0,0.0991674587130546
0.2828834056854248,0.000269797455985,0.0004254351661074,550.956812,480.270977,16.0,180.0,-42.301559,-85.835487,-0.0,-21.632,-180.0,0.0918771550059318
0.232019305229187,0.0003274608461651,0.0004816760774701,550.956812,480.270977,17.0,180.0,-42.301559,-85.835487,-0.0,-21.632,-180.0,0.0797285288572311
0.281023621559143,0.000308203860186,0.0004828313249163,550.956812,480.270977,18.0,180.0,-42.301559,-85.835487,-0.0,-21.632,-180.0,0.1020577400922775
0.2611064612865448,0.0003113245475105,0.0004780167364515,550.956812,480.270977,19.0,180.0,-42.301559,-85.835487,-0.0,-21.632,-180.0,0.0913461670279502
0.2161826640367508,0.0001466435351176,0.0001883671502582,550.956812,480.270977,0.0,180.0,-42.301559,-85.835487,-0.0,-21.598,-180.0,0.0776553973555564
0.1961464434862136,0.0001630150509299,0.0002032744669122,550.956812,480.270977,1.0,180.0,-42.301559,-85.835487,-0.0,-21.598,-180.0,0.0674626380205154
0.219061017036438,0.0001615619694348,0.0002074951626127,550.956812,480.270977,2.0,180.0,-42.301559,-85.835487,-0.0,-21.598,-180.0,0.0829423442482948
0.2614960074424743,0.0001441564236301,0.0002031640760833,550.956812,480.270977,3.0,180.0,-42.301559,-85.835487,-0.0,-21.598,-180.0,0.0932650342583656
0.275109052658081,0.0001500435610068,0.0002199654991272,550.956812,480.270977,4.0,180.0,-42.301559,-85.835487,-0.0,-21.598,-180.0,0.1008680909872055
0.2738643586635589,0.0001527404238004,0.0002222391922259,550.956812,480.270977,5.0,180.0,-42.301559,-85.835487,-0.0,-21.598,-180.0,0.0932395011186599
0.3076517879962921,0.0001516740740044,0.0002352169394725,550.956812,480.270977,6.0,180.0,-42.301559,-85.835487,-0.0,-21.598,-180.0,0.1046152114868164
0.2935338914394378,0.000173019914655,0.0002629806404002,550.956812,480.270977,7.0,180.0,-42.301559,-85.835487,-0.0,-21.598,-180.0,0.1012985035777092
0.2702721655368805,0.0001799934543669,0.0002638786681927,550.956812,480.270977,8.0,180.0,-42.301559,-85.835487,-0.0,-21.598,-180.0,0.0916090011596679
0.2105295956134796,0.0002309036644874,0.0002997701230924,550.956812,480.270977,9.0,180.0,-42.301559,-85.835487,-0.0,-21.598,-180.0,0.0591094605624675
0.2148288786411285,0.0002607241622172,0.0003479644656181,550.956812,480.270977,10.0,180.0,-42.301559,-85.835487,-0.0,-21.598,-180.0,0.0662225931882858
0.2107565701007843,0.0002640074235387,0.0003438902786001,550.956812,480.270977,11.0,180.0,-42.301559,-85.835487,-0.0,-21.598,-180.0,0.0706601738929748
0.2447057664394378,0.0002151493972633,0.0003013214445672,550.956812,480.270977,12.0,180.0,-42.301559,-85.835487,-0.0,-21.598,-180.0,0.0802302733063697
0.2669740915298462,0.0002911624324042,0.0004373457340989,550.956812,480.270977,13.0,180.0,-42.301559,-85.835487,-0.0,-21.598,-180.0,0.0907957851886749
0.2795149981975555,0.0002918176469393,0.0004461506032384,550.956812,480.270977,14.0,180.0,-42.301559,-85.835487,-0.0,-21.598,-180.0,0.0937117859721183
0.2878133356571197,0.0002567280898801,0.0004002798232249,550.956812,480.270977,15.0,180.0,-42.301559,-85.835487,-0.0,-21.598,-180.0,0.094588316977024
0.2777532935142517,0.0003058465954381,0.0004739790747407,550.956812,480.270977,16.0,180.0,-42.301559,-85.835487,-0.0,-21.598,-180.0,0.096970111131668
0.2505199909210205,0.0003281585813965,0.0004896649043075,550.956812,480.270977,17.0,180.0,-42.301559,-85.835487,-0.0,-21.598,-180.0,0.0869624316692352
0.2793715596199035,0.0003233867173548,0.0005053268978372,550.956812,480.270977,18.0,180.0,-42.301559,-85.835487,-0.0,-21.598,-180.0,0.101767398416996
0.2953658401966095,0.0002575050166342,0.000410725857364,550.956812,480.270977,19.0,180.0,-42.301559,-85.835487,-0.0,-21.598,-180.0,0.1037594825029373
0.3161588311195373,9.842303552431986e-05,0.0001567568979226,550.956812,480.270977,0.0,180.0,-42.301559,-85.835487,-0.0,-21.48,-180.0,0.1250873655080795
0.3132785558700561,0.0001021706339088,0.0001645482698222,550.956812,480.270977,1.0,180.0,-42.301559,-85.835487,-0.0,-21.48,-180.0,0.1227676123380661
0.2505059540271759,0.0001361845643259,0.0001926970435306,550.956812,480.270977,2.0,180.0,-42.301559,-85.835487,-0.0,-21.48,-180.0,0.0903980657458305
0.2313976734876632,0.0001569189189467,0.0002170044899685,550.956812,480.270977,3.0,180.0,-42.301559,-85.835487,-0.0,-21.48,-180.0,0.0855224430561065
0.2496837079524994,0.0001559611118864,0.0002211138926213,550.956812,480.270977,4.0,180.0,-42.301559,-85.835487,-0.0,-21.48,-180.0,0.0906415209174156
0.1937390565872192,0.0002039646788034,0.0002508731849957,550.956812,480.270977,5.0,180.0,-42.301559,-85.835487,-0.0,-21.48,-180.0,0.0721676796674728
0.2475094199180603,0.000198957772227,0.0002787627745419,550.956812,480.270977,6.0,180.0,-42.301559,-85.835487,-0.0,-21.48,-180.0,0.0910324305295944
0.2396596074104309,0.0002927988534793,0.0004209361213725,550.956812,480.270977,7.0,180.0,-42.301559,-85.835487,-0.0,-21.48,-180.0,0.1013409048318862
0.336751639842987,0.0001491732982685,0.0002596504928078,550.956812,480.270977,8.0,180.0,-42.301559,-85.835487,-0.0,-21.48,-180.0,0.1185508891940116
0.273535668849945,0.0002202105824835,0.0003461792657617,550.956812,480.270977,9.0,180.0,-42.301559,-85.835487,-0.0,-21.48,-180.0,0.0926169753074646
0.3514441251754761,0.0001900218048831,0.0003417625266592,550.956812,480.270977,10.0,180.0,-42.301559,-85.835487,-0.0,-21.48,-180.0,0.114709548652172
0.3371683359146118,0.0001876272144727,0.0003324015124235,550.956812,480.270977,11.0,180.0,-42.301559,-85.835487,-0.0,-21.48,-180.0,0.1090591922402381
0.323820412158966,0.0002165185869671,0.0003735641075763,550.956812,480.270977,12.0,180.0,-42.301559,-85.835487,-0.0,-21.48,-180.0,0.1129749491810798
0.3147598505020141,0.0002358478086534,0.0004043976659886,550.956812,480.270977,13.0,180.0,-42.301559,-85.835487,-0.0,-21.48,-180.0,0.1024206355214119
0.3195701241493225,0.0003028910723514,0.0005192555254325,550.956812,480.270977,14.0,180.0,-42.301559,-85.835487,-0.0,-21.48,-180.0,0.1054205819964408
0.3216077387332916,0.0002749699633568,0.0004777382418978,550.956812,480.270977,15.0,180.0,-42.301559,-85.835487,-0.0,-21.48,-180.0,0.1070592701435089
0.3244714736938476,0.000310287810862,0.0005460135871544,550.956812,480.270977,16.0,180.0,-42.301559,-85.835487,-0.0,-21.48,-180.0,0.1118126511573791
0.3228839635848999,0.000305226247292,0.0005423584370873,550.956812,480.270977,17.0,180.0,-42.301559,-85.835487,-0.0,-21.48,-180.0,0.1034496203064918
0.320525199174881,0.0003080428286921,0.0005429511656984,550.956812,480.270977,18.0,180.0,-42.301559,-85.835487,-0.0,-21.48,-180.0,0.1020897552371025
0.3314267098903656,0.0002806418342515,0.000508596363943,550.956812,480.270977,19.0,180.0,-42.301559,-85.835487,-0.0,-21.48,-180.0,0.1085065528750419
0.2560461461544037,0.000110874621896,0.0001504452520748,550.956812,480.270977,0.0,180.0,-42.301559,-85.835487,-0.0,-21.464,-180.0,0.0972952246665954
0.2620292007923126,0.0001237969991052,0.0001710821088636,550.956812,480.270977,1.0,180.0,-42.301559,-85.835487,-0.0,-21.464,-180.0,0.0980497151613235
0.2960929572582245,0.0001328705402556,0.000200608963496,550.956812,480.270977,2.0,180.0,-42.301559,-85.835487,-0.0,-21.464,-180.0,0.1113908663392067
0.301697701215744,0.0001156072103185,0.0001759923470672,550.956812,480.270977,3.0,180.0,-42.301559,-85.835487,-0.0,-21.464,-180.0,0.1101842522621154
0.261989414691925,0.0001651963102631,0.000239135697484,550.956812,480.270977,4.0,180.0,-42.301559,-85.835487,-0.0,-21.464,-180.0,0.1038111299276351
0.273074597120285,0.0001604061253601,0.0002379827637923,550.956812,480.270977,5.0,180.0,-42.301559,-85.835487,-0.0,-21.464,-180.0,0.0996830090880394
0.3057247102260589,0.0001727230119286,0.0002813670726027,550.956812,480.270977,6.0,180.0,-42.301559,-85.835487,-0.0,-21.464,-180.0,0.1109173521399498
0.2508445084095001,0.0001963669201359,0.0002807870623655,550.956812,480.270977,7.0,180.0,-42.301559,-85.835487,-0.0,-21.464,-180.0,0.0894239842891693
0.2685830593109131,0.0001752081152517,0.0002544651506468,550.956812,480.270977,8.0,180.0,-42.301559,-85.835487,-0.0,-21.464,-180.0,0.0861981660127639
0.258968710899353,0.0002458102535456,0.0003635702305473,550.956812,480.270977,9.0,180.0,-42.301559,-85.835487,-0.0,-21.464,-180.0,0.0841273143887519
0.2618460953235626,0.0002595350088085,0.0003825894673354,550.956812,480.270977,10.0,180.0,-42.301559,-85.835487,-0.0,-21.464,-180.0,0.0931237190961837
0.3126992285251617,0.0001964421389857,0.0003198448102921,550.956812,480.270977,11.0,180.0,-42.301559,-85.835487,-0.0,-21.464,-180.0,0.1097672432661056
0.3126586079597473,0.0002042644046014,0.0003336808877065,550.956812,480.270977,12.0,180.0,-42.301559,-85.835487,-0.0,-21.464,-180.0,0.1051509827375412
0.2559942007064819,0.0003109510580543,0.0004719092685263,550.956812,480.270977,13.0,180.0,-42.301559,-85.835487,-0.0,-21.464,-180.0,0.0864285007119178
0.2955776751041412,0.000272171688266,0.0004389955138321,550.956812,480.270977,14.0,180.0,-42.301559,-85.835487,-0.0,-21.464,-180.0,0.0988780036568641
0.2877129316329956,0.0002881875552702,0.0004681895661633,550.956812,480.270977,15.0,180.0,-42.301559,-85.835487,-0.0,-21.464,-180.0,0.0954213887453079
0.2963517010211944,0.000255698832916,0.0004177045775577,550.956812,480.270977,16.0,180.0,-42.301559,-85.835487,-0.0,-21.464,-180.0,0.0955432131886482
0.2816201448440552,0.0002660095633473,0.0004253466031514,550.956812,480.270977,17.0,180.0,-42.301559,-85.835487,-0.0,-21.464,-180.0,0.0895071029663086
0.295189619064331,0.0002833783510141,0.000461002375232,550.956812,480.270977,18.0,180.0,-42.301559,-85.835487,-0.0,-21.464,-180.0,0.0996029675006866
0.312898725271225,0.0002657165459822,0.0004501851217355,550.956812,480.270977,19.0,180.0,-42.301559,-85.835487,-0.0,-21.464,-180.0,0.1042454168200492
0.2856799066066742,0.0001060330687323,0.0001452831202186,550.956812,480.270977,0.0,180.0,-42.301559,-85.835487,-0.0,-20.392,150.24,0.1174924075603485
0.2929322421550751,9.98985779006034e-05,0.0001413692662026,550.956812,480.270977,1.0,180.0,-42.301559,-85.835487,-0.0,-20.392,150.24,0.1125858798623085
0.2428973764181137,0.0001419459294993,0.0001894405286293,550.956812,480.270977,2.0,180.0,-42.301559,-85.835487,-0.0,-20.392,150.24,0.0993477553129196
0.2817882597446441,0.0001304953184444,0.0001863422075984,550.956812,480.270977,3.0,180.0,-42.301559,-85.835487,-0.0,-20.392,150.24,0.1129045486450195
0.3084930777549743,9.532388503430413e-05,0.0001479962811572,550.956812,480.270977,4.0,180.0,-42.301559,-85.835487,-0.0,-20.392,150.24,0.1071551442146301
0.2744211256504059,0.0001391444675391,0.0002019773382926,550.956812,480.270977,5.0,180.0,-42.301559,-85.835487,-0.0,-20.392,150.24,0.1042591854929924
0.2514713406562805,0.0001556687930133,0.0002147276536561,550.956812,480.270977,6.0,180.0,-42.301559,-85.835487,-0.0,-20.392,150.24,0.0891870185732841
0.2304867506027221,0.0001880100317066,0.0002470582257956,550.956812,480.270977,7.0,180.0,-42.301559,-85.835487,-0.0,-20.392,150.24,0.0817926898598671
0.2478534132242202,0.0001821823389036,0.0002555779647082,550.956812,480.270977,8.0,180.0,-42.301559,-85.835487,-0.0,-20.392,150.24,0.0884102284908294
0.2504503130912781,0.0001872487191576,0.0002724628429859,550.956812,480.270977,9.0,180.0,-42.301559,-85.835487,-0.0,-20.392,150.24,0.098331905901432
0.2908063530921936,0.0001636583328945,0.0002523309085518,550.956812,480.270977,10.0,180.0,-42.301559,-85.835487,-0.0,-20.392,150.24,0.1012854501605033
0.3046367168426513,0.0001460130442865,0.0002211950195487,550.956812,480.270977,11.0,180.0,-42.301559,-85.835487,-0.0,-20.392,150.24,0.100368283689022
0.2657952010631561,0.0001678984117461,0.0002396919153397,550.956812,480.270977,12.0,180.0,-42.301559,-85.835487,-0.0,-20.392,150.24,0.0944142565131187
0.2707335948944092,0.0001612127380212,0.0002338705526199,550.956812,480.270977,13.0,180.0,-42.301559,-85.835487,-0.0,-20.392,150.24,0.0808905214071273
0.2520871758460998,0.0002304054360138,0.0003304686688352,550.956812,480.270977,14.0,180.0,-42.301559,-85.835487,-0.0,-20.392,150.24,0.0896529778838157
0.2999240159988403,0.0001821627520257,0.000286891037831,550.956812,480.270977,15.0,180.0,-42.301559,-85.835487,-0.0,-20.392,150.24,0.1053045764565467
0.292994737625122,0.0001647117751417,0.0002563663292676,550.956812,480.270977,16.0,180.0,-42.301559,-85.835487,-0.0,-20.392,150.24,0.1013571992516517
0.3079426884651184,0.0001994752819882,0.0003212326846551,550.956812,480.270977,17.0,180.0,-42.301559,-85.835487,-0.0,-20.392,150.24,0.1048358604311943
0.2935606241226196,0.0002053441130556,0.0003272165486123,550.956812,480.270977,18.0,180.0,-42.301559,-85.835487,-0.0,-20.392,150.24,0.0990795493125915
0.2706700265407562,0.000236289386521,0.0003621172218117,550.956812,480.270977,19.0,180.0,-42.301559,-85.835487,-0.0,-20.392,150.24,0.1019935011863708
0.2713741660118103,0.0003986036172136,0.0006234454340301,550.956812,480.270977,0.0,180.0,-42.301559,-85.835487,-0.0,-22.524,-91.008,0.0974511504173278
0.2098110765218734,0.0004623779677785,0.0006771768676117,550.956812,480.270977,1.0,180.0,-42.301559,-85.835487,-0.0,-22.524,-91.008,0.0676976591348648
0.2048517018556594,0.0005601037992164,0.0008171205990947,550.956812,480.270977,2.0,180.0,-42.301559,-85.835487,-0.0,-22.524,-91.008,0.0739911347627639
0.2244326472282409,0.0005457524675875,0.0008154964307323,550.956812,480.270977,3.0,180.0,-42.301559,-85.835487,-0.0,-22.524,-91.008,0.0771651044487953
0.1666906923055648,0.000660365098156,0.0009165161754935,550.956812,480.270977,4.0,180.0,-42.301559,-85.835487,-0.0,-22.524,-91.008,0.0572976879775524
0.1835903525352478,0.0006479185540229,0.0009212246513925,550.956812,480.270977,5.0,180.0,-42.301559,-85.835487,-0.0,-22.524,-91.008,0.063796579837799
0.2072090208530426,0.0007316563278436,0.0010819560848176,550.956812,480.270977,6.0,180.0,-42.301559,-85.835487,-0.0,-22.524,-91.008,0.0822010934352874
0.1906770318746566,0.0008097629179246,0.0011741940397769,550.956812,480.270977,7.0,180.0,-42.301559,-85.835487,-0.0,-22.524,-91.008,0.0663765892386436
0.184621587395668,0.0008197689894586,0.0011818218044936,550.956812,480.270977,8.0,180.0,-42.301559,-85.835487,-0.0,-22.524,-91.008,0.0712968707084655
0.2011103630065918,0.0008760662167333,0.0013010847615078,550.956812,480.270977,9.0,180.0,-42.301559,-85.835487,-0.0,-22.524,-91.008,0.078884333372116
0.1823997050523758,0.000967975880485,0.0014031818136572,550.956812,480.270977,10.0,180.0,-42.301559,-85.835487,-0.0,-22.524,-91.008,0.0700371339917182
0.1833036094903946,0.000951099442318,0.0013749101199209,550.956812,480.270977,11.0,180.0,-42.301559,-85.835487,-0.0,-22.524,-91.008,0.071077212691307
0.1882489621639251,0.0010123037500306,0.0014898681547492,550.956812,480.270977,12.0,180.0,-42.301559,-85.835487,-0.0,-22.524,-91.008,0.080700971186161
0.2222967594861984,0.0009385397424921,0.0014392375014722,550.956812,480.270977,13.0,180.0,-42.301559,-85.835487,-0.0,-22.524,-91.008,0.1007945537567138
0.1945988684892654,0.0009825888555496,0.0014586767647415,550.956812,480.270977,14.0,180.0,-42.301559,-85.835487,-0.0,-22.524,-91.008,0.0873267352581024
0.1956708133220672,0.0009840065613389,0.0014611152000725,550.956812,480.270977,15.0,180.0,-42.301559,-85.835487,-0.0,-22.524,-91.008,0.0890030488371849
0.1617058962583542,0.0008779296185821,0.0012626346433535,550.956812,480.270977,16.0,180.0,-42.301559,-85.835487,-0.0,-22.524,-91.008,0.0628062784671783
0.2051514089107513,0.0008821237133815,0.0013338297139853,550.956812,480.270977,17.0,180.0,-42.301559,-85.835487,-0.0,-22.524,-91.008,0.0852939486503601
0.2245182394981384,0.000862022920046,0.0013254432706162,550.956812,480.270977,18.0,180.0,-42.301559,-85.835487,-0.0,-22.524,-91.008,0.1067821681499481
0.2082029283046722,0.000822739326395,0.0012466432526707,550.956812,480.270977,19.0,180.0,-42.301559,-85.835487,-0.0,-22.524,-91.008,0.0941876769065857
0.2365871369838714,0.000522565387655,0.0008071830961853,550.956812,480.270977,0.0,180.0,-42.301559,-85.835487,-0.0,-22.464,-86.431,0.0959288775920867
0.2732891142368316,0.0005047066952101,0.0008085297304205,550.956812,480.270977,1.0,180.0,-42.301559,-85.835487,-0.0,-22.464,-86.431,0.1065083667635917
0.2578699588775635,0.000537761952728,0.000853419129271,550.956812,480.270977,2.0,180.0,-42.301559,-85.835487,-0.0,-22.464,-86.431,0.1015830039978027
0.2330034673213958,0.0005773524171672,0.0008838126086629,550.956812,480.270977,3.0,180.0,-42.301559,-85.835487,-0.0,-22.464,-86.431,0.0917031317949295
0.1929489523172378,0.0006064884946681,0.0008820442599244,550.956812,480.270977,4.0,180.0,-42.301559,-85.835487,-0.0,-22.464,-86.431,0.0721075534820556
0.2556128799915313,0.000653343333397,0.0010316723491996,550.956812,480.270977,5.0,180.0,-42.301559,-85.835487,-0.0,-22.464,-86.431,0.1013072654604911
0.1968823671340942,0.0007518240599893,0.0011093923822045,550.956812,480.270977,6.0,180.0,-42.301559,-85.835487,-0.0,-22.464,-86.431,0.0740953758358955
0.1944467574357986,0.0008557853288948,0.0012732737231999,550.956812,480.270977,7.0,180.0,-42.301559,-85.835487,-0.0,-22.464,-86.431,0.0742731690406799
0.1627548933029174,0.000925151631236,0.001315404777415,550.956812,480.270977,8.0,180.0,-42.301559,-85.835487,-0.0,-22.464,-86.431,0.0555862225592136
0.1335638612508773,0.0008939140825532,0.001217462006025,550.956812,480.270977,9.0,180.0,-42.301559,-85.835487,-0.0,-22.464,-86.431,0.0427014343440532
0.1820093989372253,0.0009194007725454,0.0013435593573376,550.956812,480.270977,10.0,180.0,-42.301559,-85.835487,-0.0,-22.464,-86.431,0.0710821747779846
0.2001451551914215,0.0009598560864105,0.0014399953652173,550.956812,480.270977,11.0,180.0,-42.301559,-85.835487,-0.0,-22.464,-86.431,0.0878255367279052
0.2081938236951828,0.0009695629123598,0.0014710697578266,550.956812,480.270977,12.0,180.0,-42.301559,-85.835487,-0.0,-22.464,-86.431,0.0884337723255157
0.2044711261987686,0.0009754686034284,0.0014712379779666,550.956812,480.270977,13.0,180.0,-42.301559,-85.835487,-0.0,-22.464,-86.431,0.0887611582875251
0.2111038267612457,0.0009439830319024,0.0014490409521386,550.956812,480.270977,14.0,180.0,-42.301559,-85.835487,-0.0,-22.464,-86.431,0.0947982817888259
0.2213679105043411,0.0008683901978656,0.0013364740880206,550.956812,480.270977,15.0,180.0,-42.301559,-85.835487,-0.0,-22.464,-86.431,0.0996519178152084
0.1834835112094879,0.0008852429455146,0.0013071191497147,550.956812,480.270977,16.0,180.0,-42.301559,-85.835487,-0.0,-22.464,-86.431,0.0824034512042999
0.1905374526977539,0.000794141087681,0.0011814959580078,550.956812,480.270977,17.0,180.0,-42.301559,-85.835487,-0.0,-22.464,-86.431,0.0722114741802215
0.2239417284727096,0.000821029592771,0.0012764856219291,550.956812,480.270977,18.0,180.0,-42.301559,-85.835487,-0.0,-22.464,-86.431,0.1076708287000656
0.2269564419984817,0.0008448753505945,0.0013169194571673,550.956812,480.270977,19.0,180.0,-42.301559,-85.835487,-0.0,-22.464,-86.431,0.1222668141126632
0.2595488429069519,0.0007461461354978,0.001246363390237,550.956812,480.270977,0.0,180.0,-42.301559,-85.835487,0.0,-19.932,-0.0,0.1087290346622467
0.2616122961044311,0.0006368482718244,0.0010569260921329,550.956812,480.270977,1.0,180.0,-42.301559,-85.835487,0.0,-19.932,-0.0,0.0981559157371521
0.2633306682109833,0.0007881253841333,0.0013160945381969,550.956812,480.270977,2.0,180.0,-42.301559,-85.835487,0.0,-19.932,-0.0,0.1270825266838073
0.231215089559555,0.0007386939250864,0.0011747877579182,550.956812,480.270977,3.0,180.0,-42.301559,-85.835487,0.0,-19.932,-0.0,0.0946449488401413
0.2194647192955017,0.000827970157843,0.0013067668769508,550.956812,480.270977,4.0,180.0,-42.301559,-85.835487,0.0,-19.932,-0.0,0.1017655059695243
0.240554392337799,0.0007681071874685,0.0012226516846567,550.956812,480.270977,5.0,180.0,-42.301559,-85.835487,0.0,-19.932,-0.0,0.0989264845848083
0.2271413654088974,0.0006892987876199,0.0010821744799613,550.956812,480.270977,6.0,180.0,-42.301559,-85.835487,0.0,-19.932,-0.0,0.0826976969838142
0.191502571105957,0.0006488196086138,0.0009717344655655,550.956812,480.270977,7.0,180.0,-42.301559,-85.835487,0.0,-19.932,-0.0,0.0768375992774963
0.2203902602195739,0.0007126860436983,0.0011105517623946,550.956812,480.270977,8.0,180.0,-42.301559,-85.835487,0.0,-19.932,-0.0,0.082409381866455
0.2865861654281616,0.0007147321011871,0.0012118720915168,550.956812,480.270977,9.0,180.0,-42.301559,-85.835487,0.0,-19.932,-0.0,0.1283574551343917
0.1876070946455001,0.0004842898342758,0.0007138122455216,550.956812,480.270977,10.0,180.0,-42.301559,-85.835487,0.0,-19.932,-0.0,0.0691132098436355
0.2176943719387054,0.0005466206930577,0.0008345074020326,550.956812,480.270977,11.0,180.0,-42.301559,-85.835487,0.0,-19.932,-0.0,0.0900193974375724
0.2824880182743072,0.0005608949577435,0.0009316453360952,550.956812,480.270977,12.0,180.0,-42.301559,-85.835487,0.0,-19.932,-0.0,0.1307614296674728
0.2940689921379089,0.0005535797099582,0.0009306482970714,550.956812,480.270977,13.0,180.0,-42.301559,-85.835487,0.0,-19.932,-0.0,0.135050892829895
0.2280169278383255,0.0004779588198289,0.0007388588855974,550.956812,480.270977,14.0,180.0,-42.301559,-85.835487,0.0,-19.932,-0.0,0.100709892809391
0.2647769749164581,0.0004011255514342,0.0006532703991979,550.956812,480.270977,15.0,180.0,-42.301559,-85.835487,0.0,-19.932,-0.0,0.1169736683368682
0.2327460795640945,0.0003625448734965,0.0005620127776637,550.956812,480.270977,16.0,180.0,-42.301559,-85.835487,0.0,-19.932,-0.0,0.1043010726571083
0.2071751803159713,0.0003419567365199,0.0005029392195865,550.956812,480.270977,17.0,180.0,-42.301559,-85.835487,0.0,-19.932,-0.0,0.0942078307271003
0.2510750889778137,0.0003050194354727,0.0004868785908911,550.956812,480.270977,18.0,180.0,-42.301559,-85.835487,0.0,-19.932,-0.0,0.115419715642929
0.2507627606391907,0.0003221598162781,0.0005168588249944,550.956812,480.270977,19.0,180.0,-42.301559,-85.835487,0.0,-19.932,-0.0,0.1172726452350616
0.2775416374206543,0.0007069932762533,0.0012160431360825,550.956812,480.270977,0.0,180.0,-42.301559,-85.835487,-0.0,-19.853,-0.0,0.1277797818183899
0.2448691725730896,0.0006262336391955,0.0010283830342814,550.956812,480.270977,1.0,180.0,-42.301559,-85.835487,-0.0,-19.853,-0.0,0.0970507636666297
0.2684495449066162,0.0007155266357585,0.0012089881347492,550.956812,480.270977,2.0,180.0,-42.301559,-85.835487,-0.0,-19.853,-0.0,0.1144519075751304
0.2396479398012161,0.0007249144255183,0.0011808519484475,550.956812,480.270977,3.0,180.0,-42.301559,-85.835487,-0.0,-19.853,-0.0,0.1060816571116447
0.2263024896383285,0.0006792507483623,0.0010785111226141,550.956812,480.270977,4.0,180.0,-42.301559,-85.835487,-0.0,-19.853,-0.0,0.0917803794145584
0.2743383944034576,0.0007116019260138,0.0011976722162216,550.956812,480.270977,5.0,180.0,-42.301559,-85.835487,-0.0,-19.853,-0.0,0.1241646036505699
0.2271976917982101,0.000702605349943,0.0011210475349798,550.956812,480.270977,6.0,180.0,-42.301559,-85.835487,-0.0,-19.853,-0.0,0.0897537022829055
0.2555377781391144,0.0006707044667564,0.0011039454257115,550.956812,480.270977,7.0,180.0,-42.301559,-85.835487,-0.0,-19.853,-0.0,0.110771045088768
0.2137231081724167,0.0006494642584584,0.0010094661265611,550.956812,480.270977,8.0,180.0,-42.301559,-85.835487,-0.0,-19.853,-0.0,0.0771449506282806
0.2475831657648086,0.0006054013501852,0.0009868015768006,550.956812,480.270977,9.0,180.0,-42.301559,-85.835487,-0.0,-19.853,-0.0,0.1012451350688934
0.2170785367488861,0.0006154620787128,0.0009541996405459,550.956812,480.270977,10.0,180.0,-42.301559,-85.835487,-0.0,-19.853,-0.0,0.0893764719367027
0.2542040050029754,0.0005985462921671,0.0009747096337378,550.956812,480.270977,11.0,180.0,-42.301559,-85.835487,-0.0,-19.853,-0.0,0.1071845069527626
0.1794711053371429,0.0005441915709525,0.0007920408970676,550.956812,480.270977,12.0,180.0,-42.301559,-85.835487,-0.0,-19.853,-0.0,0.0677260905504226
0.2359630018472671,0.0004356844292487,0.0006907500210218,550.956812,480.270977,13.0,180.0,-42.301559,-85.835487,-0.0,-19.853,-0.0,0.1028395816683769
0.2141267657279968,0.0004883129149675,0.0007415174040943,550.956812,480.270977,14.0,180.0,-42.301559,-85.835487,-0.0,-19.853,-0.0,0.0963256955146789
0.2711437344551086,0.0004351126262918,0.0007277673576027,550.956812,480.270977,15.0,180.0,-42.301559,-85.835487,-0.0,-19.853,-0.0,0.129357025027275
0.229845330119133,0.0003659581998363,0.0005652092513628,550.956812,480.270977,16.0,180.0,-42.301559,-85.835487,-0.0,-19.853,-0.0,0.1041866093873977
0.1970648318529129,0.0003032773674931,0.0004473969456739,550.956812,480.270977,17.0,180.0,-42.301559,-85.835487,-0.0,-19.853,-0.0,0.0838905721902847
0.2640849947929382,0.0003050563391298,0.0005017687217332,550.956812,480.270977,18.0,180.0,-42.301559,-85.835487,-0.0,-19.853,-0.0,0.1340884566307068
0.318231999874115,0.0002551180077716,0.00045112814405,550.956812,480.270977,19.0,180.0,-42.301559,-85.835487,-0.0,-19.853,-0.0,0.1472949087619781
0.2427310943603515,0.0007218953687697,0.0011592434020712,550.956812,480.270977,0.0,180.0,-42.301559,-85.835487,-0.0,-19.815,-0.0,0.1173194944858551
0.251228392124176,0.0007571931346319,0.0012276346096768,550.956812,480.270977,1.0,180.0,-42.301559,-85.835487,-0.0,-19.815,-0.0,0.1201979517936706
0.2462170422077179,0.0007577222422696,0.001212827512063,550.956812,480.270977,2.0,180.0,-42.301559,-85.835487,-0.0,-19.815,-0.0,0.1195873171091079
0.2213960289955139,0.0007497151964344,0.0011627677595242,550.956812,480.270977,3.0,180.0,-42.301559,-85.835487,-0.0,-19.815,-0.0,0.0955830365419387
0.2342081516981125,0.0007715927786193,0.0012129317037761,550.956812,480.270977,4.0,180.0,-42.301559,-85.835487,-0.0,-19.815,-0.0,0.107850894331932
0.2325043678283691,0.0007579030352644,0.0011892450274899,550.956812,480.270977,5.0,180.0,-42.301559,-85.835487,-0.0,-19.815,-0.0,0.1080774292349815
0.2191373854875564,0.0007022199570201,0.0010801507160067,550.956812,480.270977,6.0,180.0,-42.301559,-85.835487,-0.0,-19.815,-0.0,0.098025158047676
0.2413743585348129,0.0007809823728166,0.0012335136998444,550.956812,480.270977,7.0,180.0,-42.301559,-85.835487,-0.0,-19.815,-0.0,0.1203260645270347
0.2204147279262542,0.0006683171377517,0.0010315160034224,550.956812,480.270977,8.0,180.0,-42.301559,-85.835487,-0.0,-19.815,-0.0,0.106477215886116
0.2441959828138351,0.0006499205483123,0.0010293486993759,550.956812,480.270977,9.0,180.0,-42.301559,-85.835487,-0.0,-19.815,-0.0,0.1099195182323455
0.25257009267807,0.000578160630539,0.0009277446661144,550.956812,480.270977,10.0,180.0,-42.301559,-85.835487,-0.0,-19.815,-0.0,0.1125642582774162
0.2486086338758468,0.0006264937110245,0.0009980871109291,550.956812,480.270977,11.0,180.0,-42.301559,-85.835487,-0.0,-19.815,-0.0,0.1175676733255386
0.259048730134964,0.0005340750212781,0.0008607459021732,550.956812,480.270977,12.0,180.0,-42.301559,-85.835487,-0.0,-19.815,-0.0,0.1242530271410942
0.2770391702651977,0.0004563318216241,0.0007440561894327,550.956812,480.270977,13.0,180.0,-42.301559,-85.835487,-0.0,-19.815,-0.0,0.1317837536334991
0.2487554103136062,0.0004518392670433,0.0007064706878736,550.956812,480.270977,14.0,180.0,-42.301559,-85.835487,-0.0,-19.815,-0.0,0.1139607056975364
0.2802583873271942,0.0003825982566922,0.0006328308372758,550.956812,480.270977,15.0,180.0,-42.301559,-85.835487,-0.0,-19.815,-0.0,0.1309662610292434
0.2742705643177032,0.0003696897765621,0.0006007020710967,550.956812,480.270977,16.0,180.0,-42.301559,-85.835487,-0.0,-19.815,-0.0,0.1249020546674728
0.2319945842027664,0.0003528295783326,0.0005444729467853,550.956812,480.270977,17.0,180.0,-42.301559,-85.835487,-0.0,-19.815,-0.0,0.1109144017100334
0.2592762112617492,0.0002884773421101,0.0004600804531946,550.956812,480.270977,18.0,180.0,-42.301559,-85.835487,-0.0,-19.815,-0.0,0.1273441910743713
0.2844724357128143,0.0002642988692969,0.0004355229903012,550.956812,480.270977,19.0,180.0,-42.301559,-85.835487,-0.0,-19.815,-0.0,0.1355124115943908
0.1904855668544769,0.0007157596410252,0.0010693352669477,550.956812,480.270977,0.0,180.0,-42.301559,-85.835487,-0.0,-19.767,-0.0,0.0760572999715805
0.1884859502315521,0.0007354742847383,0.0011004642583429,550.956812,480.270977,1.0,180.0,-42.301559,-85.835487,-0.0,-19.767,-0.0,0.0733060389757156
0.2367490381002426,0.0007398529560305,0.0011730348924174,550.956812,480.270977,2.0,180.0,-42.301559,-85.835487,-0.0,-19.767,-0.0,0.1133866533637046
0.2056913375854492,0.0007766275666654,0.0011836970224976,550.956812,480.270977,3.0,180.0,-42.301559,-85.835487,-0.0,-19.767,-0.0,0.0896246507763862
0.2128390073776245,0.0007177472580224,0.0011089234612882,550.956812,480.270977,4.0,180.0,-42.301559,-85.835487,-0.0,-19.767,-0.0,0.0909459963440895
0.2265127152204513,0.0007550020236521,0.0011831193696707,550.956812,480.270977,5.0,180.0,-42.301559,-85.835487,-0.0,-19.767,-0.0,0.1043304651975631
0.22853484749794,0.0007278497796505,0.0011453424813225,550.956812,480.270977,6.0,180.0,-42.301559,-85.835487,-0.0,-19.767,-0.0,0.1038005128502845
0.2068412005901336,0.0007277682307176,0.00110694183968,550.956812,480.270977,7.0,180.0,-42.301559,-85.835487,-0.0,-19.767,-0.0,0.0898256301879882
0.2228246629238128,0.0007127403514459,0.0011058805976063,550.956812,480.270977,8.0,180.0,-42.301559,-85.835487,-0.0,-19.767,-0.0,0.1023417636752128
0.2174719870090484,0.0006685251137241,0.0010335444239899,550.956812,480.270977,9.0,180.0,-42.301559,-85.835487,-0.0,-19.767,-0.0,0.0970814898610115
0.2335778474807739,0.0007050706190057,0.0011014146730303,550.956812,480.270977,10.0,180.0,-42.301559,-85.835487,-0.0,-19.767,-0.0,0.1131741106510162
0.1955373734235763,0.00065010873368,0.0009739611996337,550.956812,480.270977,11.0,180.0,-42.301559,-85.835487,-0.0,-19.767,-0.0,0.0911242514848709
0.1958320289850235,0.0005109210032969,0.0007558621582575,550.956812,480.270977,12.0,180.0,-42.301559,-85.835487,-0.0,-19.767,-0.0,0.0859393328428268
0.2346516549587249,0.0005143417511135,0.0007979595684446,550.956812,480.270977,13.0,180.0,-42.301559,-85.835487,-0.0,-19.767,-0.0,0.1108863428235054
0.2663493454456329,0.0004668155743274,0.0007550700102001,550.956812,480.270977,14.0,180.0,-42.301559,-85.835487,-0.0,-19.767,-0.0,0.1227093636989593
0.2358530759811401,0.0004512812301982,0.0007010616245679,550.956812,480.270977,15.0,180.0,-42.301559,-85.835487,-0.0,-19.767,-0.0,0.107015460729599
0.2546683251857757,0.0003812612849287,0.0006108183879405,550.956812,480.270977,16.0,180.0,-42.301559,-85.835487,-0.0,-19.767,-0.0,0.1137057617306709
0.2401757389307022,0.0002640019229147,0.0004102285311091,550.956812,480.270977,17.0,180.0,-42.301559,-85.835487,-0.0,-19.767,-0.0,0.1043974086642265
0.2799811363220215,0.0002693762362468,0.0004374404961708,550.956812,480.270977,18.0,180.0,-42.301559,-85.835487,-0.0,-19.767,-0.0,0.1277554482221603
0.2985905706882477,0.0001990662858588,0.0003396883839741,550.956812,480.270977,19.0,180.0,-42.301559,-85.835487,-0.0,-19.767,-0.0,0.1351428180932998
0.2225629836320877,0.0006633201264776,0.0010373864788562,550.956812,480.270977,0.0,180.0,-42.301559,-85.835487,-0.0,-19.706,-0.0,0.1002392843365669
0.2176110446453094,0.0006497717113234,0.0010146643035113,550.956812,480.270977,1.0,180.0,-42.301559,-85.835487,-0.0,-19.706,-0.0,0.091102011501789
0.2382283955812454,0.0007365785422734,0.0011729277903214,550.956812,480.270977,2.0,180.0,-42.301559,-85.835487,-0.0,-19.706,-0.0,0.1136263683438301
0.206288605928421,0.0007251861970871,0.0011054653441533,550.956812,480.270977,3.0,180.0,-42.301559,-85.835487,-0.0,-19.706,-0.0,0.091868445277214
0.2265930771827697,0.0007352525135502,0.0011569611961022,550.956812,480.270977,4.0,180.0,-42.301559,-85.835487,-0.0,-19.706,-0.0,0.1014343649148941
0.1892497241497039,0.0007193541387096,0.0010786362690851,550.956812,480.270977,5.0,180.0,-42.301559,-85.835487,-0.0,-19.706,-0.0,0.0781660452485084
0.2284164577722549,0.0007534104515798,0.0011842324165627,550.956812,480.270977,6.0,180.0,-42.301559,-85.835487,-0.0,-19.706,-0.0,0.1148614659905433
0.1929337382316589,0.00074539182242,0.0011089192703366,550.956812,480.270977,7.0,180.0,-42.301559,-85.835487,-0.0,-19.706,-0.0,0.09065992385149
0.1553387343883514,0.0006858436972834,0.0009684555116109,550.956812,480.270977,8.0,180.0,-42.301559,-85.835487,-0.0,-19.706,-0.0,0.0604936070740222
0.1693850457668304,0.0006756329676136,0.000984072103165,550.956812,480.270977,9.0,180.0,-42.301559,-85.835487,-0.0,-19.706,-0.0,0.0731268972158432
0.1716455668210983,0.0006660449435003,0.0009610935812816,550.956812,480.270977,10.0,180.0,-42.301559,-85.835487,-0.0,-19.706,-0.0,0.0781154930591583
0.2179108411073684,0.0006397824035957,0.000988729763776,550.956812,480.270977,11.0,180.0,-42.301559,-85.835487,-0.0,-19.706,-0.0,0.1007190719246864
0.1809738874435424,0.0005996408290229,0.0008852627943269,550.956812,480.270977,12.0,180.0,-42.301559,-85.835487,-0.0,-19.706,-0.0,0.0796745419502258
0.2364170402288437,0.0004571049648802,0.0007192782941274,550.956812,480.270977,13.0,180.0,-42.301559,-85.835487,-0.0,-19.706,-0.0,0.1102753430604934
0.2192639112472534,0.0004133304173592,0.0006302559631876,550.956812,480.270977,14.0,180.0,-42.301559,-85.835487,-0.0,-19.706,-0.0,0.097523882985115
0.2410851120948791,0.0004844256909564,0.0007660356932319,550.956812,480.270977,15.0,180.0,-42.301559,-85.835487,-0.0,-19.706,-0.0,0.1230052560567855
0.2075945138931274,0.0003512705443426,0.0005214918055571,550.956812,480.270977,16.0,180.0,-42.301559,-85.835487,-0.0,-19.706,-0.0,0.0927996560931205
0.2545448541641235,0.0003240456571802,0.0005162670859135,550.956812,480.270977,17.0,180.0,-42.301559,-85.835487,-0.0,-19.706,-0.0,0.1176881417632103
0.2764835059642792,0.0002840697707142,0.0004626488662324,550.956812,480.270977,18.0,180.0,-42.301559,-85.835487,-0.0,-19.706,-0.0,0.1322594583034515
0.2170270532369613,0.0002579110441729,0.0003894349210895,550.956812,480.270977,19.0,180.0,-42.301559,-85.835487,-0.0,-19.706,-0.0,0.0921598449349403
0.2414187937974929,0.0007131831371225,0.0011447769356891,550.956812,480.270977,0.0,180.0,-42.301559,-85.835487,-0.0,-19.722,-0.0,0.1135616600513458
0.2388170808553695,0.0007462825160473,0.0011923830024898,550.956812,480.270977,1.0,180.0,-42.301559,-85.835487,-0.0,-19.722,-0.0,0.1213045045733451
0.2131817787885666,0.0007763521280139,0.0012011866783723,550.956812,480.270977,2.0,180.0,-42.301559,-85.835487,-0.0,-19.722,-0.0,0.1000373587012291
0.2297976613044738,0.0007545525440946,0.0011919180396944,550.956812,480.270977,3.0,180.0,-42.301559,-85.835487,-0.0,-19.722,-0.0,0.1098750606179237
0.2344615906476974,0.0008141825092025,0.0012974503915756,550.956812,480.270977,4.0,180.0,-42.301559,-85.835487,-0.0,-19.722,-0.0,0.1123211309313774
0.2383904606103897,0.0007229158072732,0.0011506746523082,550.956812,480.270977,5.0,180.0,-42.301559,-85.835487,-0.0,-19.722,-0.0,0.1074847057461738
0.2187597304582595,0.0007201363332569,0.0011119364062324,550.956812,480.270977,6.0,180.0,-42.301559,-85.835487,-0.0,-19.722,-0.0,0.0932102128863334
0.2239428013563156,0.0006662944797426,0.001025459379889,550.956812,480.270977,7.0,180.0,-42.301559,-85.835487,-0.0,-19.722,-0.0,0.0974699184298515
0.2404881119728088,0.0007691127248108,0.0012092442484572,550.956812,480.270977,8.0,180.0,-42.301559,-85.835487,-0.0,-19.722,-0.0,0.1163908019661903
0.2320006042718887,0.0006018999847583,0.0009331364999525,550.956812,480.270977,9.0,180.0,-42.301559,-85.835487,-0.0,-19.722,-0.0,0.1027633398771286
0.1997534185647964,0.0006008706404827,0.0008913959609344,550.956812,480.270977,10.0,180.0,-42.301559,-85.835487,-0.0,-19.722,-0.0,0.087156169116497
0.2255272716283798,0.0005744660738855,0.0008961624116636,550.956812,480.270977,11.0,180.0,-42.301559,-85.835487,-0.0,-19.722,-0.0,0.1013863012194633
0.2528953850269317,0.0006286087445914,0.0009955832501873,550.956812,480.270977,12.0,180.0,-42.301559,-85.835487,-0.0,-19.722,-0.0,0.1221257969737052
0.2584899067878723,0.0004957840428687,0.0007874080329202,550.956812,480.270977,13.0,180.0,-42.301559,-85.835487,-0.0,-19.722,-0.0,0.1157110705971717
0.2296515703201294,0.0005338064511306,0.0008222667383961,550.956812,480.270977,14.0,180.0,-42.301559,-85.835487,-0.0,-19.722,-0.0,0.1124889925122261
0.2305199056863784,0.0004488848499022,0.00069451140007,550.956812,480.270977,15.0,180.0,-42.301559,-85.835487,-0.0,-19.722,-0.0,0.1075476109981536
0.2414017170667648,0.000415696267737,0.0006521361065097,550.956812,480.270977,16.0,180.0,-42.301559,-85.835487,-0.0,-19.722,-0.0,0.1167290285229682
0.2288330495357513,0.0003481458115857,0.000529567070771,550.956812,480.270977,17.0,180.0,-42.301559,-85.835487,-0.0,-19.722,-0.0,0.1022028923034668
0.2088251560926437,0.0003207799745723,0.0004744087927974,550.956812,480.270977,18.0,180.0,-42.301559,-85.835487,-0.0,-19.722,-0.0,0.0935174971818924
0.2902531027793884,0.0003003937890753,0.0004988389555364,550.956812,480.270977,19.0,180.0,-42.301559,-85.835487,-0.0,-19.722,-0.0,0.1393270641565323
0.2601695656776428,0.0006796094821766,0.0011287465458735,550.956812,480.270977,0.0,180.0,-42.301559,-85.835487,-0.0,-19.637,-0.0,0.1216038316488266
0.2687709331512451,0.0006756894290447,0.0011323859216645,550.956812,480.270977,1.0,180.0,-42.301559,-85.835487,-0.0,-19.637,-0.0,0.1260830610990524
0.2576996684074402,0.0007209252798929,0.0011943712597712,550.956812,480.270977,2.0,180.0,-42.301559,-85.835487,-0.0,-19.637,-0.0,0.118680402636528
0.2425374537706375,0.0007219908293336,0.0011706426739692,550.956812,480.270977,3.0,180.0,-42.301559,-85.835487,-0.0,-19.637,-0.0,0.1183296591043472
0.2468300312757492,0.0007837590528652,0.0012735528871417,550.956812,480.270977,4.0,180.0,-42.301559,-85.835487,-0.0,-19.637,-0.0,0.1089357957243919
0.2598021030426025,0.0006620237254537,0.0010775418486446,550.956812,480.270977,5.0,180.0,-42.301559,-85.835487,-0.0,-19.637,-0.0,0.1199260801076889
0.2542074918746948,0.0006982818013057,0.0011342554353177,550.956812,480.270977,6.0,180.0,-42.301559,-85.835487,-0.0,-19.637,-0.0,0.1148432195186615
0.2183295488357544,0.0007076784968376,0.0010854282882064,550.956812,480.270977,7.0,180.0,-42.301559,-85.835487,-0.0,-19.637,-0.0,0.0907288566231727
0.1983913481235504,0.0006961429025977,0.0010383438784629,550.956812,480.270977,8.0,180.0,-42.301559,-85.835487,-0.0,-19.637,-0.0,0.08411306142807
0.1929311007261276,0.0006767967133782,0.001002031378448,550.956812,480.270977,9.0,180.0,-42.301559,-85.835487,-0.0,-19.637,-0.0,0.0731863901019096
0.231073647737503,0.0006141881458461,0.0009540835162624,550.956812,480.270977,10.0,180.0,-42.301559,-85.835487,-0.0,-19.637,-0.0,0.1002770587801933
0.2162403166294098,0.000614596880041,0.0009442120208404,550.956812,480.270977,11.0,180.0,-42.301559,-85.835487,-0.0,-19.637,-0.0,0.0888362005352974
0.2319583147764206,0.0005130064091645,0.0008023574482649,550.956812,480.270977,12.0,180.0,-42.301559,-85.835487,-0.0,-19.637,-0.0,0.1005032658576965
0.2045793384313583,0.0005485106375999,0.0008231151150539,550.956812,480.270977,13.0,180.0,-42.301559,-85.835487,-0.0,-19.637,-0.0,0.0872908979654312
0.2499577701091766,0.000495302141644,0.0007902288343757,550.956812,480.270977,14.0,180.0,-42.301559,-85.835487,-0.0,-19.637,-0.0,0.1139794364571571
0.2729054689407348,0.0004016614693682,0.0006635817699134,550.956812,480.270977,15.0,180.0,-42.301559,-85.835487,-0.0,-19.637,-0.0,0.1268223822116851
0.2409967929124832,0.000364721781807,0.0005664325435645,550.956812,480.270977,16.0,180.0,-42.301559,-85.835487,-0.0,-19.637,-0.0,0.1087079793214798
0.2417905628681183,0.0003452393284533,0.0005454219062812,550.956812,480.270977,17.0,180.0,-42.301559,-85.835487,-0.0,-19.637,-0.0,0.1110858172178268
0.2453992962837219,0.0002805471594911,0.0004350996750872,550.956812,480.270977,18.0,180.0,-42.301559,-85.835487,-0.0,-19.637,-0.0,0.1022135466337204
0.2645751237869262,0.00025893052225,0.0004090167931281,550.956812,480.270977,19.0,180.0,-42.301559,-85.835487,-0.0,-19.637,-0.0,0.1129730120301246
0.2573187351226806,0.0006810888880863,0.0011281803017482,550.956812,480.270977,0.0,180.0,-42.301559,-85.835487,0.0,-19.612,-0.0,0.113488957285881
0.2461984753608703,0.0006808452308177,0.0011158388806506,550.956812,480.270977,1.0,180.0,-42.301559,-85.835487,0.0,-19.612,-0.0,0.1093843653798103
0.2410185188055038,0.0007119120564311,0.0011546784080564,550.956812,480.270977,2.0,180.0,-42.301559,-85.835487,0.0,-19.612,-0.0,0.1084295064210891
0.2648358941078186,0.0007835403084754,0.0013063714141026,550.956812,480.270977,3.0,180.0,-42.301559,-85.835487,0.0,-19.612,-0.0,0.1331141293048858
0.2499673813581466,0.0007036544848233,0.0011521562701091,550.956812,480.270977,4.0,180.0,-42.301559,-85.835487,0.0,-19.612,-0.0,0.1115213558077812
0.2579424977302551,0.0007003009086474,0.0011449322337284,550.956812,480.270977,5.0,180.0,-42.301559,-85.835487,0.0,-19.612,-0.0,0.117861308157444
0.250264048576355,0.000696710369084,0.0011410411680117,550.956812,480.270977,6.0,180.0,-42.301559,-85.835487,0.0,-19.612,-0.0,0.1094722673296928
0.2592485249042511,0.0007161611574701,0.0011844367254525,550.956812,480.270977,7.0,180.0,-42.301559,-85.835487,0.0,-19.612,-0.0,0.1271556913852691
0.2510235607624054,0.0007409265381284,0.0012074656551703,550.956812,480.270977,8.0,180.0,-42.301559,-85.835487,0.0,-19.612,-0.0,0.1221020892262458
0.2418775558471679,0.0006842763978056,0.0010961305815726,550.956812,480.270977,9.0,180.0,-42.301559,-85.835487,0.0,-19.612,-0.0,0.1058382093906402
0.2238702178001403,0.0005584529717452,0.0008537716348655,550.956812,480.270977,10.0,180.0,-42.301559,-85.835487,0.0,-19.612,-0.0,0.0953586474061012
0.2526050209999084,0.0005485689616762,0.0008827621350064,550.956812,480.270977,11.0,180.0,-42.301559,-85.835487,0.0,-19.612,-0.0,0.1144345924258232
0.2622798383235931,0.0005594214890152,0.0009078977745957,550.956812,480.270977,12.0,180.0,-42.301559,-85.835487,0.0,-19.612,-0.0,0.1213038861751556
0.2746601402759552,0.0004788855439983,0.000800174602773,550.956812,480.270977,13.0,180.0,-42.301559,-85.835487,0.0,-19.612,-0.0,0.1198453530669212
0.2698255777359009,0.0004134030023124,0.000683996360749,550.956812,480.270977,14.0,180.0,-42.301559,-85.835487,0.0,-19.612,-0.0,0.1231170073151588
0.236740231513977,0.0003834138042293,0.0005985384923405,550.956812,480.270977,15.0,180.0,-42.301559,-85.835487,0.0,-19.612,-0.0,0.106320209801197
0.1806431263685226,0.0003798156103584,0.0005308596300892,550.956812,480.270977,16.0,180.0,-42.301559,-85.835487,0.0,-19.612,-0.0,0.0817981511354446
0.2472607642412185,0.000338621350238,0.0005407235585153,550.956812,480.270977,17.0,180.0,-42.301559,-85.835487,0.0,-19.612,-0.0,0.109012670814991
0.2720363140106201,0.0002802355156745,0.0004609541501849,550.956812,480.270977,18.0,180.0,-42.301559,-85.835487,0.0,-19.612,-0.0,0.1264073997735977
0.2457814067602157,0.0002881270193029,0.0004606329894158,550.956812,480.270977,19.0,180.0,-42.301559,-85.835487,0.0,-19.612,-0.0,0.1128825023770332
0.298541784286499,0.0006332739721983,0.0011151521466672,550.956812,480.270977,0.0,180.0,-42.301559,-85.835487,-0.0,-19.525,-0.0,0.1325480788946151
0.2897936999797821,0.0006866998737677,0.0011959315743297,550.956812,480.270977,1.0,180.0,-42.301559,-85.835487,-0.0,-19.525,-0.0,0.1402722746133804
0.2572020590305328,0.0006870200741104,0.0011378530180081,550.956812,480.270977,2.0,180.0,-42.301559,-85.835487,-0.0,-19.525,-0.0,0.110229454934597
0.2596598267555237,0.0007456939783878,0.0012489418732002,550.956812,480.270977,3.0,180.0,-42.301559,-85.835487,-0.0,-19.525,-0.0,0.1132577583193779
0.2703525125980377,0.0007388105732388,0.0012459666468203,550.956812,480.270977,4.0,180.0,-42.301559,-85.835487,-0.0,-19.525,-0.0,0.1243011280894279
0.2622887790203094,0.0007007812964729,0.0011653571855276,550.956812,480.270977,5.0,180.0,-42.301559,-85.835487,-0.0,-19.525,-0.0,0.1158506199717521
0.2257668524980545,0.000740620191209,0.0011716188164427,550.956812,480.270977,6.0,180.0,-42.301559,-85.835487,-0.0,-19.525,-0.0,0.0976868420839309
0.232660174369812,0.0007338000577874,0.0011619934812188,550.956812,480.270977,7.0,180.0,-42.301559,-85.835487,-0.0,-19.525,-0.0,0.10011488199234
0.275598794221878,0.0006541554466821,0.0011051729088649,550.956812,480.270977,8.0,180.0,-42.301559,-85.835487,-0.0,-19.525,-0.0,0.1277601271867752
0.2723022699356079,0.0006217333720996,0.0010302256559953,550.956812,480.270977,9.0,180.0,-42.301559,-85.835487,-0.0,-19.525,-0.0,0.1208507940173149
0.2515050768852234,0.0005700852489098,0.0009176784660667,550.956812,480.270977,10.0,180.0,-42.301559,-85.835487,-0.0,-19.525,-0.0,0.1051441952586174
0.2233311980962753,0.0005066409357823,0.0007765998598188,550.956812,480.270977,11.0,180.0,-42.301559,-85.835487,-0.0,-19.525,-0.0,0.0858489796519279
0.2330073118209839,0.0004975053016096,0.0007734847604297,550.956812,480.270977,12.0,180.0,-42.301559,-85.835487,-0.0,-19.525,-0.0,0.0950966626405716
0.3146078586578369,0.0004434496222529,0.0007808328955434,550.956812,480.270977,13.0,180.0,-42.301559,-85.835487,-0.0,-19.525,-0.0,0.143743023276329
0.3234421610832214,0.0003727675939444,0.000672647031024,550.956812,480.270977,14.0,180.0,-42.301559,-85.835487,-0.0,-19.525,-0.0,0.1456450521945953
0.3198994398117065,0.0003652624145615,0.0006480719312094,550.956812,480.270977,15.0,180.0,-42.301559,-85.835487,-0.0,-19.525,-0.0,0.1471215784549713
0.2916912138462066,0.0003247907443437,0.0005470074829645,550.956812,480.270977,16.0,180.0,-42.301559,-85.835487,-0.0,-19.525,-0.0,0.1271207928657531
0.2736677825450897,0.000356922217179,0.0005923913558945,550.956812,480.270977,17.0,180.0,-42.301559,-85.835487,-0.0,-19.525,-0.0,0.1243236288428306
0.3300335705280304,0.0002674993884284,0.0004790064704138,550.956812,480.270977,18.0,180.0,-42.301559,-85.835487,-0.0,-19.525,-0.0,0.1486566215753555
0.3083558678627014,0.0002064740256173,0.0003558360913302,550.956812,480.270977,19.0,180.0,-42.301559,-85.835487,-0.0,-19.525,-0.0,0.1317219585180282
0.2574348747730255,0.000635694945231,0.0010506447870284,550.956812,480.270977,0.0,180.0,-42.301559,-85.835487,-0.0,-19.477,-0.0,0.1134970262646675
0.2718382179737091,0.0006423954619094,0.0010834524873644,550.956812,480.270977,1.0,180.0,-42.301559,-85.835487,-0.0,-19.477,-0.0,0.1273699700832367
0.2639304399490356,0.0007370138191618,0.0012309806188568,550.956812,480.270977,2.0,180.0,-42.301559,-85.835487,-0.0,-19.477,-0.0,0.1258869916200637
0.2518153786659241,0.000757735397201,0.0012321402318775,550.956812,480.270977,3.0,180.0,-42.301559,-85.835487,-0.0,-19.477,-0.0,0.1231442168354988
0.2299651652574539,0.0007632903871126,0.0012051599333062,550.956812,480.270977,4.0,180.0,-42.301559,-85.835487,-0.0,-19.477,-0.0,0.0977710038423538
0.2529790997505188,0.0006890329532325,0.0011193108512088,550.956812,480.270977,5.0,180.0,-42.301559,-85.835487,-0.0,-19.477,-0.0,0.1098908334970474
0.232205256819725,0.0006532359402626,0.0010381602915003,550.956812,480.270977,6.0,180.0,-42.301559,-85.835487,-0.0,-19.477,-0.0,0.0988911241292953
0.2522070407867431,0.0006649505812674,0.0010786956408992,550.956812,480.270977,7.0,180.0,-42.301559,-85.835487,-0.0,-19.477,-0.0,0.1158134490251541
0.2586697340011596,0.0006854368839412,0.0011324767256155,550.956812,480.270977,8.0,180.0,-42.301559,-85.835487,-0.0,-19.477,-0.0,0.1196260154247284
0.2314292192459106,0.000688316533342,0.0010895336745306,550.956812,480.270977,9.0,180.0,-42.301559,-85.835487,-0.0,-19.477,-0.0,0.1153123304247856
0.2461937367916107,0.0006299771484918,0.0010043984511867,550.956812,480.270977,10.0,180.0,-42.301559,-85.835487,-0.0,-19.477,-0.0,0.1051376536488533
0.2499719858169555,0.0006090587121434,0.0009861118160188,550.956812,480.270977,11.0,180.0,-42.301559,-85.835487,-0.0,-19.477,-0.0,0.1175217628479003
0.2389977276325225,0.0004843411734327,0.0007691490463912,550.956812,480.270977,12.0,180.0,-42.301559,-85.835487,-0.0,-19.477,-0.0,0.0987486541271209
0.2648985981941223,0.0004316518316045,0.0007101556402631,550.956812,480.270977,13.0,180.0,-42.301559,-85.835487,-0.0,-19.477,-0.0,0.1212391778826713
0.2780161798000335,0.0004266497562639,0.0007103219395503,550.956812,480.270977,14.0,180.0,-42.301559,-85.835487,-0.0,-19.477,-0.0,0.1282082796096801
0.2349855750799179,0.0004212661879137,0.000652820977848,550.956812,480.270977,15.0,180.0,-42.301559,-85.835487,-0.0,-19.477,-0.0,0.0966800898313522
0.2446694374084472,0.0003388932964298,0.0005418328219093,550.956812,480.270977,16.0,180.0,-42.301559,-85.835487,-0.0,-19.477,-0.0,0.1085813641548156
0.2368119359016418,0.0003528266097418,0.0005484218127094,550.956812,480.270977,17.0,180.0,-42.301559,-85.835487,-0.0,-19.477,-0.0,0.1090517044067382
0.2068003118038177,0.0003359916736371,0.000498543435242,550.956812,480.270977,18.0,180.0,-42.301559,-85.835487,-0.0,-19.477,-0.0,0.1067607998847961
0.2945468127727508,0.0002610931405797,0.0004381008329801,550.956812,480.270977,19.0,180.0,-42.301559,-85.835487,-0.0,-19.477,-0.0,0.1386784613132476
0.2666598856449127,0.0006919598090462,0.0011609913781285,550.956812,480.270977,0.0,180.0,-42.301559,-85.835487,0.0,-19.493,-0.0,0.1285340040922165
0.24894979596138,0.0007684067822992,0.0012502014869824,550.956812,480.270977,1.0,180.0,-42.301559,-85.835487,0.0,-19.493,-0.0,0.1139749139547348
0.230875551700592,0.000658166129142,0.001057905727066,550.956812,480.270977,2.0,180.0,-42.301559,-85.835487,0.0,-19.493,-0.0,0.1090170666575431
0.2243999242782592,0.000745051074773,0.0011861548991873,550.956812,480.270977,3.0,180.0,-42.301559,-85.835487,0.0,-19.493,-0.0,0.1021348983049392
0.2388291805982589,0.0007652189815416,0.001227876287885,550.956812,480.270977,4.0,180.0,-42.301559,-85.835487,0.0,-19.493,-0.0,0.1117694452404975
0.2568351924419403,0.0007494892342947,0.0012330801691859,550.956812,480.270977,5.0,180.0,-42.301559,-85.835487,0.0,-19.493,-0.0,0.1157760992646217
0.2401884049177169,0.0006862701266072,0.0010891645215451,550.956812,480.270977,6.0,180.0,-42.301559,-85.835487,0.0,-19.493,-0.0,0.108613945543766
0.2379885166883468,0.0006848397897556,0.0010951212607324,550.956812,480.270977,7.0,180.0,-42.301559,-85.835487,0.0,-19.493,-0.0,0.1059659793972969
0.2386537194252014,0.0005754347075708,0.0009080833406187,550.956812,480.270977,8.0,180.0,-42.301559,-85.835487,0.0,-19.493,-0.0,0.1015975028276443
0.2548556327819824,0.0006476140697486,0.0010521902004256,550.956812,480.270977,9.0,180.0,-42.301559,-85.835487,0.0,-19.493,-0.0,0.1203043237328529
0.2474706768989563,0.000612785690464,0.0009892437374219,550.956812,480.270977,10.0,180.0,-42.301559,-85.835487,0.0,-19.493,-0.0,0.108778215944767
0.2415394783020019,0.0006047383067198,0.0009672729647718,550.956812,480.270977,11.0,180.0,-42.301559,-85.835487,0.0,-19.493,-0.0,0.1105087101459503
0.2152994126081466,0.0005002404213882,0.0007723187445662,550.956812,480.270977,12.0,180.0,-42.301559,-85.835487,0.0,-19.493,-0.0,0.0987125411629676
0.1972278207540512,0.0004946134868077,0.0007404770003631,550.956812,480.270977,13.0,180.0,-42.301559,-85.835487,0.0,-19.493,-0.0,0.0843112543225288
0.2485904693603515,0.0004626263689715,0.0007520222570747,550.956812,480.270977,14.0,180.0,-42.301559,-85.835487,0.0,-19.493,-0.0,0.112084224820137
0.2682750821113586,0.0004117346543353,0.0006810472696088,550.956812,480.270977,15.0,180.0,-42.301559,-85.835487,0.0,-19.493,-0.0,0.1293387860059738
0.2682974934577942,0.0002964831946883,0.0004863599024247,550.956812,480.270977,16.0,180.0,-42.301559,-85.835487,0.0,-19.493,-0.0,0.1155989617109298
0.25816410779953,0.0003114519640803,0.0005047641461715,550.956812,480.270977,17.0,180.0,-42.301559,-85.835487,0.0,-19.493,-0.0,0.1183466538786888
0.291701465845108,0.0002845752169378,0.0004853998543694,550.956812,480.270977,18.0,180.0,-42.301559,-85.835487,0.0,-19.493,-0.0,0.137565866112709
0.2988711893558502,0.00026012424496,0.0004436600138433,550.956812,480.270977,19.0,180.0,-42.301559,-85.835487,0.0,-19.493,-0.0,0.1390497386455536
0.2730443179607391,0.0006706501590088,0.0011631494853645,550.956812,480.270977,0.0,180.0,-42.301559,-85.835487,-0.0,-19.43,-0.0,0.1051569953560829
0.2779055833816528,0.0006461332086473,0.0011234912090003,550.956812,480.270977,1.0,180.0,-42.301559,-85.835487,-0.0,-19.43,-0.0,0.1108552441000938
0.2338994592428207,0.0006573990685865,0.0010689628543332,550.956812,480.270977,2.0,180.0,-42.301559,-85.835487,-0.0,-19.43,-0.0,0.0952912345528602
0.2861801385879516,0.0007255165255628,0.0012632891302928,550.956812,480.270977,3.0,180.0,-42.301559,-85.835487,-0.0,-19.43,-0.0,0.1212879568338394
0.2550540864467621,0.0006950068636797,0.0011591467773541,550.956812,480.270977,4.0,180.0,-42.301559,-85.835487,-0.0,-19.43,-0.0,0.1135097965598106
0.2582257091999054,0.000631547125522,0.0010642966954037,550.956812,480.270977,5.0,180.0,-42.301559,-85.835487,-0.0,-19.43,-0.0,0.1025062724947929
0.2883535623550415,0.0006973322015255,0.0012094494886696,550.956812,480.270977,6.0,180.0,-42.301559,-85.835487,-0.0,-19.43,-0.0,0.1284588277339935
0.2956186532974243,0.0006507152575068,0.0011497174855321,550.956812,480.270977,7.0,180.0,-42.301559,-85.835487,-0.0,-19.43,-0.0,0.1307967156171798
0.2545616924762726,0.0006790439947508,0.0011360485805198,550.956812,480.270977,8.0,180.0,-42.301559,-85.835487,-0.0,-19.43,-0.0,0.1152254864573478
0.2448721379041671,0.0006557050510309,0.0010801745811477,550.956812,480.270977,9.0,180.0,-42.301559,-85.835487,-0.0,-19.43,-0.0,0.1093935966491699
0.2267438322305679,0.0005743285291828,0.000912234885618,550.956812,480.270977,10.0,180.0,-42.301559,-85.835487,-0.0,-19.43,-0.0,0.0876087173819542
0.2230324745178222,0.0005776471807621,0.000928800785914,550.956812,480.270977,11.0,180.0,-42.301559,-85.835487,-0.0,-19.43,-0.0,0.0942205265164375
0.2515145242214203,0.0004892420838586,0.0008101248531602,550.956812,480.270977,12.0,180.0,-42.301559,-85.835487,-0.0,-19.43,-0.0,0.105020560324192
0.2842573523521423,0.0004709775093942,0.0008103305590339,550.956812,480.270977,13.0,180.0,-42.301559,-85.835487,-0.0,-19.43,-0.0,0.1266074925661087
0.2842465937137604,0.0003957209119107,0.0006835261010564,550.956812,480.270977,14.0,180.0,-42.301559,-85.835487,-0.0,-19.43,-0.0,0.1219790279865264
0.2501445114612579,0.0003760205872822,0.0006137756281532,550.956812,480.270977,15.0,180.0,-42.301559,-85.835487,-0.0,-19.43,-0.0,0.1082421690225601
0.316619336605072,0.0003159492334816,0.0005617156857624,550.956812,480.270977,16.0,180.0,-42.301559,-85.835487,-0.0,-19.43,-0.0,0.1410455852746963
0.2422160655260086,0.0003034973633475,0.0004789056547451,550.956812,480.270977,17.0,180.0,-42.301559,-85.835487,-0.0,-19.43,-0.0,0.1079893037676811
0.2588648498058319,0.0002663031627889,0.0004312225501053,550.956812,480.270977,18.0,180.0,-42.301559,-85.835487,-0.0,-19.43,-0.0,0.1148329004645347
0.2726653218269348,0.0002594385296106,0.000432713626651,550.956812,480.270977,19.0,180.0,-42.301559,-85.835487,-0.0,-19.43,-0.0,0.1322539746761322
0.2582014203071594,0.0006409016204997,0.0010949547868221,550.956812,480.270977,0.0,180.0,-42.301559,-85.835487,-0.0,-19.485,-0.0,0.1107679158449173
0.2984288334846496,0.0006871817167848,0.0012325539719313,550.956812,480.270977,1.0,180.0,-42.301559,-85.835487,-0.0,-19.485,-0.0,0.138496458530426
0.2487058639526367,0.0007298934506252,0.0012239626375958,550.956812,480.270977,2.0,180.0,-42.301559,-85.835487,-0.0,-19.485,-0.0,0.1020577251911163
0.272500216960907,0.0006700482917949,0.0011488050222396,550.956812,480.270977,3.0,180.0,-42.301559,-85.835487,-0.0,-19.485,-0.0,0.1197684481739997
0.2870814204216003,0.0007169382297433,0.0012491442030295,550.956812,480.270977,4.0,180.0,-42.301559,-85.835487,-0.0,-19.485,-0.0,0.1246518716216087
0.2931360900402069,0.0007057379116304,0.0012431968934834,550.956812,480.270977,5.0,180.0,-42.301559,-85.835487,-0.0,-19.485,-0.0,0.1387865841388702
0.2879484891891479,0.0006446048500947,0.0011257689911872,550.956812,480.270977,6.0,180.0,-42.301559,-85.835487,-0.0,-19.485,-0.0,0.1208359524607658
0.2623383998870849,0.0006362085114233,0.0010656103258952,550.956812,480.270977,7.0,180.0,-42.301559,-85.835487,-0.0,-19.485,-0.0,0.1085695251822471
0.270672857761383,0.0006587497191503,0.0011328140972182,550.956812,480.270977,8.0,180.0,-42.301559,-85.835487,-0.0,-19.485,-0.0,0.1207227036356926
0.2659703493118286,0.0006602235371246,0.001123952679336,550.956812,480.270977,9.0,180.0,-42.301559,-85.835487,-0.0,-19.485,-0.0,0.1171959042549133
0.2231097370386123,0.0005864417180418,0.0009288872242905,550.956812,480.270977,10.0,180.0,-42.301559,-85.835487,-0.0,-19.485,-0.0,0.0853412598371505
0.2315288484096527,0.0005740022170357,0.0009171681012958,550.956812,480.270977,11.0,180.0,-42.301559,-85.835487,-0.0,-19.485,-0.0,0.0951654240489006
0.2834576666355133,0.0004556780040729,0.0007891246932558,550.956812,480.270977,12.0,180.0,-42.301559,-85.835487,-0.0,-19.485,-0.0,0.1166298761963844
0.2952912449836731,0.0004318112914916,0.0007559944642707,550.956812,480.270977,13.0,180.0,-42.301559,-85.835487,-0.0,-19.485,-0.0,0.1306310296058654
0.3067260980606079,0.0004306510090827,0.0007603926351293,550.956812,480.270977,14.0,180.0,-42.301559,-85.835487,-0.0,-19.485,-0.0,0.1384525150060653
0.2839204370975494,0.0004686561296693,0.0008030332392081,550.956812,480.270977,15.0,180.0,-42.301559,-85.835487,-0.0,-19.485,-0.0,0.1257155984640121
0.2969781458377838,0.0003118960885331,0.000546462542843,550.956812,480.270977,16.0,180.0,-42.301559,-85.835487,-0.0,-19.485,-0.0,0.1282067894935608
0.3275094330310821,0.0002942692080978,0.0005406450363807,550.956812,480.270977,17.0,180.0,-42.301559,-85.835487,-0.0,-19.485,-0.0,0.157207503914833
0.3069895505905151,0.0002987479674629,0.000530244782567,550.956812,480.270977,18.0,180.0,-42.301559,-85.835487,-0.0,-19.485,-0.0,0.1376499533653259
0.3275580108165741,0.0002370501169934,0.0004269632627256,550.956812,480.270977,19.0,180.0,-42.301559,-85.835487,-0.0,-19.485,-0.0,0.1486524641513824
0.2918661534786224,0.0006423112936317,0.0011498229578137,550.956812,480.270977,0.0,180.0,-42.301559,-85.835487,0.0,-19.32,-0.0,0.1203623190522193
0.2846005260944366,0.0006270264275372,0.0011145329335704,550.956812,480.270977,1.0,180.0,-42.301559,-85.835487,0.0,-19.32,-0.0,0.117654763162136
0.2894628047943115,0.0006955322460271,0.0012422711588442,550.956812,480.270977,2.0,180.0,-42.301559,-85.835487,0.0,-19.32,-0.0,0.1236741542816162
0.2939859330654144,0.0007303931633941,0.0013097210321575,550.956812,480.270977,3.0,180.0,-42.301559,-85.835487,0.0,-19.32,-0.0,0.1307975947856903
0.2950464189052582,0.0007097502821125,0.0012733889743685,550.956812,480.270977,4.0,180.0,-42.301559,-85.835487,0.0,-19.32,-0.0,0.1247225478291511
0.2848250865936279,0.0007057456532493,0.0012444964377209,550.956812,480.270977,5.0,180.0,-42.301559,-85.835487,0.0,-19.32,-0.0,0.1234639063477516
0.3062136471271515,0.0007093221065588,0.0012916545383632,550.956812,480.270977,6.0,180.0,-42.301559,-85.835487,0.0,-19.32,-0.0,0.1353763192892074
0.2999236583709717,0.0006493651308119,0.0011657505529001,550.956812,480.270977,7.0,180.0,-42.301559,-85.835487,0.0,-19.32,-0.0,0.1370085775852203
0.266905277967453,0.0006544147618114,0.0011231782846152,550.956812,480.270977,8.0,180.0,-42.301559,-85.835487,0.0,-19.32,-0.0,0.1148088574409484
0.3037129640579223,0.0006358428508974,0.0011421378003433,550.956812,480.270977,9.0,180.0,-42.301559,-85.835487,0.0,-19.32,-0.0,0.1398518830537796
0.2830371558666229,0.0006613851292058,0.00114799849689,550.956812,480.270977,10.0,180.0,-42.301559,-85.835487,0.0,-19.32,-0.0,0.1240396872162818
0.2790921926498413,0.0005456490325741,0.0009438343113288,550.956812,480.270977,11.0,180.0,-42.301559,-85.835487,0.0,-19.32,-0.0,0.1220457479357719
0.2158651351928711,0.0004945874679833,0.0007675912929698,550.956812,480.270977,12.0,180.0,-42.301559,-85.835487,0.0,-19.32,-0.0,0.0879818424582481
0.313111811876297,0.000429189793067,0.0007786774658598,550.956812,480.270977,13.0,180.0,-42.301559,-85.835487,0.0,-19.32,-0.0,0.1343798190355301
0.2761499881744385,0.0003549206012394,0.0006069850642234,550.956812,480.270977,14.0,180.0,-42.301559,-85.835487,0.0,-19.32,-0.0,0.1090328991413116
0.3358327746391296,0.0003351063933223,0.0006259052315726,550.956812,480.270977,15.0,180.0,-42.301559,-85.835487,0.0,-19.32,-0.0,0.1465331614017486
0.3217354714870453,0.0003260587982367,0.0005999963614158,550.956812,480.270977,16.0,180.0,-42.301559,-85.835487,0.0,-19.32,-0.0,0.1401562094688415
0.3097016811370849,0.0002876801008824,0.0005158244166523,550.956812,480.270977,17.0,180.0,-42.301559,-85.835487,0.0,-19.32,-0.0,0.1487929672002792
0.3341392576694488,0.000244649418164,0.0004609429161064,550.956812,480.270977,18.0,180.0,-42.301559,-85.835487,0.0,-19.32,-0.0,0.1456583738327026
0.2949734330177307,0.0001948601566255,0.0003374379011802,550.956812,480.270977,19.0,180.0,-42.301559,-85.835487,0.0,-19.32,-0.0,0.1333975791931152
0.2930401265621185,0.0006622842047363,0.0011878364020958,550.956812,480.270977,0.0,180.0,-42.301559,-85.835487,-0.0,-19.364,-0.0,0.1236705780029296
0.326192557811737,0.000634113093838,0.0011863022809848,550.956812,480.270977,1.0,180.0,-42.301559,-85.835487,-0.0,-19.364,-0.0,0.1398453414440155
0.2904577255249023,0.0005844504921697,0.0010415755677968,550.956812,480.270977,2.0,180.0,-42.301559,-85.835487,-0.0,-19.364,-0.0,0.1241125166416168
0.2847873568534851,0.0006656271871179,0.0011908372398465,550.956812,480.270977,3.0,180.0,-42.301559,-85.835487,-0.0,-19.364,-0.0,0.1238578483462333
0.3131125867366791,0.0007186236907728,0.0013249006588011,550.956812,480.270977,4.0,180.0,-42.301559,-85.835487,-0.0,-19.364,-0.0,0.1415577977895736
0.263129323720932,0.0006307225557975,0.0010893184226006,550.956812,480.270977,5.0,180.0,-42.301559,-85.835487,-0.0,-19.364,-0.0,0.1180793344974517
0.3080609738826751,0.0007009783294051,0.001289521344006,550.956812,480.270977,6.0,180.0,-42.301559,-85.835487,-0.0,-19.364,-0.0,0.139112189412117
0.2738453447818756,0.0007226607413031,0.0012548097874969,550.956812,480.270977,7.0,180.0,-42.301559,-85.835487,-0.0,-19.364,-0.0,0.1171865761280059
0.2492097318172454,0.0006470892694778,0.0010810365201905,550.956812,480.270977,8.0,180.0,-42.301559,-85.835487,-0.0,-19.364,-0.0,0.1014707535505294
0.2519091665744781,0.0006431454676203,0.0010864132782444,550.956812,480.270977,9.0,180.0,-42.301559,-85.835487,-0.0,-19.364,-0.0,0.1094709411263465
0.2669176161289215,0.0006091850809752,0.0010371432872489,550.956812,480.270977,10.0,180.0,-42.301559,-85.835487,-0.0,-19.364,-0.0,0.1137977987527847
0.2973306477069855,0.0005490570329129,0.0009755257633514,550.956812,480.270977,11.0,180.0,-42.301559,-85.835487,-0.0,-19.364,-0.0,0.1256730109453201
0.2544198334217071,0.0004800347960554,0.0007925468962639,550.956812,480.270977,12.0,180.0,-42.301559,-85.835487,-0.0,-19.364,-0.0,0.1126131042838096
0.2271082550287246,0.000395547307562,0.0006197735201567,550.956812,480.270977,13.0,180.0,-42.301559,-85.835487,-0.0,-19.364,-0.0,0.0821877941489219
0.2479346394538879,0.0003842314472422,0.0006261455127969,550.956812,480.270977,14.0,180.0,-42.301559,-85.835487,-0.0,-19.364,-0.0,0.1057810559868812
0.3083072304725647,0.0003407813201192,0.0006114387651905,550.956812,480.270977,15.0,180.0,-42.301559,-85.835487,-0.0,-19.364,-0.0,0.1335296779870987
0.2480935901403427,0.000293738907203,0.0004753468674607,550.956812,480.270977,16.0,180.0,-42.301559,-85.835487,-0.0,-19.364,-0.0,0.1050614640116691
0.3229382336139679,0.0002841365057975,0.0005209599039517,550.956812,480.270977,17.0,180.0,-42.301559,-85.835487,-0.0,-19.364,-0.0,0.1482372879981994
0.3237492442131042,0.0002854843914974,0.0005230358219705,550.956812,480.270977,18.0,180.0,-42.301559,-85.835487,-0.0,-19.364,-0.0,0.146777868270874
0.3256323933601379,0.0002276557934237,0.0004194620123598,550.956812,480.270977,19.0,180.0,-42.301559,-85.835487,-0.0,-19.364,-0.0,0.1503795832395553
0.303254097700119,0.0006435659597627,0.0011803897796198,550.956812,480.270977,0.0,180.0,-42.301559,-85.835487,-0.0,-19.264,-0.0,0.1310953497886657
0.2918395698070526,0.0007522113155573,0.0013579928781837,550.956812,480.270977,1.0,180.0,-42.301559,-85.835487,-0.0,-19.264,-0.0,0.1313704252243042
0.2706758081912994,0.0007157147629186,0.001253961934708,550.956812,480.270977,2.0,180.0,-42.301559,-85.835487,-0.0,-19.264,-0.0,0.1091720461845398
0.2759042084217071,0.0007797822472639,0.0013807249488309,550.956812,480.270977,3.0,180.0,-42.301559,-85.835487,-0.0,-19.264,-0.0,0.1234960779547691
0.2679369449615478,0.0006379400729201,0.0011046944418922,550.956812,480.270977,4.0,180.0,-42.301559,-85.835487,-0.0,-19.264,-0.0,0.1169788464903831
0.2193867862224578,0.0006821973365731,0.0011165719479322,550.956812,480.270977,5.0,180.0,-42.301559,-85.835487,-0.0,-19.264,-0.0,0.0845943614840507
0.3018557429313659,0.0006874577957205,0.0012313714250922,550.956812,480.270977,6.0,180.0,-42.301559,-85.835487,-0.0,-19.264,-0.0,0.1283744275569915
0.301423043012619,0.0007244402077049,0.0013135921908542,550.956812,480.270977,7.0,180.0,-42.301559,-85.835487,-0.0,-19.264,-0.0,0.1391085386276245
0.2711540162563324,0.0006201365613378,0.0010706261964514,550.956812,480.270977,8.0,180.0,-42.301559,-85.835487,-0.0,-19.264,-0.0,0.1233243718743324
0.2565452456474304,0.0006068015354685,0.0010332650272175,550.956812,480.270977,9.0,180.0,-42.301559,-85.835487,-0.0,-19.264,-0.0,0.1067076027393341
0.2431754618883133,0.0005694142892025,0.0009479107102379,550.956812,480.270977,10.0,180.0,-42.301559,-85.835487,-0.0,-19.264,-0.0,0.1024281084537506
0.2846622765064239,0.0005055591464042,0.0008854684419929,550.956812,480.270977,11.0,180.0,-42.301559,-85.835487,-0.0,-19.264,-0.0,0.1246522516012191
0.2913049757480621,0.0005583615857176,0.0009933428373187,550.956812,480.270977,12.0,180.0,-42.301559,-85.835487,-0.0,-19.264,-0.0,0.1393785774707794
0.3050996661186218,0.0004669103655032,0.0008537222165614,550.956812,480.270977,13.0,180.0,-42.301559,-85.835487,-0.0,-19.264,-0.0,0.1376596391201019
0.2921003699302673,0.0004107143613509,0.0007252907962538,550.956812,480.270977,14.0,180.0,-42.301559,-85.835487,-0.0,-19.264,-0.0,0.1361439377069473
0.3067689836025238,0.0003651867446023,0.0006679008947685,550.956812,480.270977,15.0,180.0,-42.301559,-85.835487,-0.0,-19.264,-0.0,0.1393523961305618
0.3201465308666229,0.0002933053183369,0.0005425621056929,550.956812,480.270977,16.0,180.0,-42.301559,-85.835487,-0.0,-19.264,-0.0,0.1500328779220581
0.2799567282199859,0.0003494604607112,0.0006121696787886,550.956812,480.270977,17.0,180.0,-42.301559,-85.835487,-0.0,-19.264,-0.0,0.1448035538196563
0.3011156916618347,0.0003006485931109,0.0005454560159705,550.956812,480.270977,18.0,180.0,-42.301559,-85.835487,-0.0,-19.264,-0.0,0.1438478231430053
0.3010011911392212,0.0002039336395682,0.0003610912826843,550.956812,480.270977,19.0,180.0,-42.301559,-85.835487,-0.0,-19.264,-0.0,0.1409914940595626
0.3232893347740173,0.0005851813475601,0.0011042022379115,550.956812,480.270977,0.0,180.0,-42.301559,-85.835487,-0.0,-19.298,-0.0,0.1379401534795761
0.2968456149101257,0.0006783291464671,0.0012264798860996,550.956812,480.270977,1.0,180.0,-42.301559,-85.835487,-0.0,-19.298,-0.0,0.1323636472225189
0.310137927532196,0.000685402599629,0.0012641585199162,550.956812,480.270977,2.0,180.0,-42.301559,-85.835487,-0.0,-19.298,-0.0,0.1496324092149734
0.2911611497402191,0.0007026370149105,0.0012467310298234,550.956812,480.270977,3.0,180.0,-42.301559,-85.835487,-0.0,-19.298,-0.0,0.1200637221336364
0.2694318890571594,0.0006675190525129,0.0011488826712593,550.956812,480.270977,4.0,180.0,-42.301559,-85.835487,-0.0,-19.298,-0.0,0.1045324504375457
0.3105340301990509,0.0006734473863616,0.0012291934108361,550.956812,480.270977,5.0,180.0,-42.301559,-85.835487,-0.0,-19.298,-0.0,0.1380326151847839
0.2971119582653045,0.0007210141629911,0.001293224049732,550.956812,480.270977,6.0,180.0,-42.301559,-85.835487,-0.0,-19.298,-0.0,0.1286535710096359
0.1840554028749466,0.0006261212402023,0.0009414952946826,550.956812,480.270977,7.0,180.0,-42.301559,-85.835487,-0.0,-19.298,-0.0,0.075029544532299
0.2130727022886276,0.0006536431028507,0.0010341281304135,550.956812,480.270977,8.0,180.0,-42.301559,-85.835487,-0.0,-19.298,-0.0,0.0803870409727096
0.2854870855808258,0.0006371922208927,0.0011122964788228,550.956812,480.270977,9.0,180.0,-42.301559,-85.835487,-0.0,-19.298,-0.0,0.1288221329450607
0.246958240866661,0.0005994047387503,0.0009908449137583,550.956812,480.270977,10.0,180.0,-42.301559,-85.835487,-0.0,-19.298,-0.0,0.0985636487603187
0.293840080499649,0.0005165711045265,0.0009178734617307,550.956812,480.270977,11.0,180.0,-42.301559,-85.835487,-0.0,-19.298,-0.0,0.125048890709877
0.3215124607086181,0.0004431752604432,0.0008131758659146,550.956812,480.270977,12.0,180.0,-42.301559,-85.835487,-0.0,-19.298,-0.0,0.1440838575363159
0.2765608131885528,0.000477629218949,0.0008172244415618,550.956812,480.270977,13.0,180.0,-42.301559,-85.835487,-0.0,-19.298,-0.0,0.1236147508025169
0.2958344519138336,0.0004492215521167,0.0007898320327512,550.956812,480.270977,14.0,180.0,-42.301559,-85.835487,-0.0,-19.298,-0.0,0.1315414607524871
0.2622132301330566,0.000386551982956,0.0006484002806246,550.956812,480.270977,15.0,180.0,-42.301559,-85.835487,-0.0,-19.298,-0.0,0.1180427372455596
0.3028038740158081,0.0003254164475947,0.0005768722039647,550.956812,480.270977,16.0,180.0,-42.301559,-85.835487,-0.0,-19.298,-0.0,0.1339200884103775
0.2892800271511078,0.0003003723104484,0.0005225378554314,550.956812,480.270977,17.0,180.0,-42.301559,-85.835487,-0.0,-19.298,-0.0,0.127528116106987
0.2180431336164474,0.0002763929660432,0.0004252666258253,550.956812,480.270977,18.0,180.0,-42.301559,-85.835487,-0.0,-19.298,-0.0,0.0909023880958557
0.3236680924892425,0.0002328133559785,0.000427641934948,550.956812,480.270977,19.0,180.0,-42.301559,-85.835487,-0.0,-19.298,-0.0,0.1529026925563812
0.3091216385364532,0.0006971657276153,0.0012829485349357,550.956812,480.270977,0.0,180.0,-42.301559,-85.835487,-0.0,-19.25,-0.0,0.139022409915924
0.2982182204723358,0.0006639311322942,0.001197119243443,550.956812,480.270977,1.0,180.0,-42.301559,-85.835487,-0.0,-19.25,-0.0,0.1237411051988601
0.3090144991874695,0.0006767972372472,0.0012374715879559,550.956812,480.270977,2.0,180.0,-42.301559,-85.835487,-0.0,-19.25,-0.0,0.1359171420335769
0.3173417747020721,0.0006069259252399,0.001118924934417,550.956812,480.270977,3.0,180.0,-42.301559,-85.835487,-0.0,-19.25,-0.0,0.132355734705925
0.3029109835624695,0.0006275801570154,0.001137911225669,550.956812,480.270977,4.0,180.0,-42.301559,-85.835487,-0.0,-19.25,-0.0,0.1342666000127792
0.3135552108287811,0.000720617477782,0.0013246042653918,550.956812,480.270977,5.0,180.0,-42.301559,-85.835487,-0.0,-19.25,-0.0,0.1445647329092025
0.2899495661258697,0.0006447586347348,0.0011354640591889,550.956812,480.270977,6.0,180.0,-42.301559,-85.835487,-0.0,-19.25,-0.0,0.1323449462652206
0.2397442013025283,0.0006387046887539,0.0010472822468727,550.956812,480.270977,7.0,180.0,-42.301559,-85.835487,-0.0,-19.25,-0.0,0.089564248919487
0.2951961457729339,0.0006430611829273,0.0011449806625023,550.956812,480.270977,8.0,180.0,-42.301559,-85.835487,-0.0,-19.25,-0.0,0.1253674626350402
0.2999051809310913,0.0006186557002365,0.0011044216807931,550.956812,480.270977,9.0,180.0,-42.301559,-85.835487,-0.0,-19.25,-0.0,0.1326214522123336
0.264339804649353,0.0005872783367522,0.0009882072918117,550.956812,480.270977,10.0,180.0,-42.301559,-85.835487,-0.0,-19.25,-0.0,0.1136540025472641
0.255227655172348,0.0005601465818472,0.0009397976100444,550.956812,480.270977,11.0,180.0,-42.301559,-85.835487,-0.0,-19.25,-0.0,0.1052183210849762
0.2536236345767975,0.0004591168835759,0.0007601213292218,550.956812,480.270977,12.0,180.0,-42.301559,-85.835487,-0.0,-19.25,-0.0,0.1059635058045387
0.2653728723526001,0.0005772748845629,0.0009779784595593,550.956812,480.270977,13.0,180.0,-42.301559,-85.835487,-0.0,-19.25,-0.0,0.1181912422180175
0.2679090499877929,0.0004542975220829,0.0007695971289649,550.956812,480.270977,14.0,180.0,-42.301559,-85.835487,-0.0,-19.25,-0.0,0.1167696863412857
0.26516193151474,0.0003805815358646,0.0006363216671161,550.956812,480.270977,15.0,180.0,-42.301559,-85.835487,-0.0,-19.25,-0.0,0.1195763573050499
0.2736036777496338,0.0003344219876453,0.0005677874432876,550.956812,480.270977,16.0,180.0,-42.301559,-85.835487,-0.0,-19.25,-0.0,0.130246952176094
0.298795998096466,0.0002917836245615,0.0005145061877556,550.956812,480.270977,17.0,180.0,-42.301559,-85.835487,-0.0,-19.25,-0.0,0.128476083278656
0.3162658512592315,0.0002690387773327,0.0004829159879591,550.956812,480.270977,18.0,180.0,-42.301559,-85.835487,-0.0,-19.25,-0.0,0.147274374961853
0.3523283898830414,0.0002386184642091,0.000456203444628,550.956812,480.270977,19.0,180.0,-42.301559,-85.835487,-0.0,-19.25,-0.0,0.1653163880109787
0.2884690165519714,0.0006451747030951,0.0011424046242609,550.956812,480.270977,0.0,180.0,-42.301559,-85.835487,-0.0,-19.26,-0.0,0.1204781159758567
0.2946935892105102,0.0007275122334249,0.0013043311191722,550.956812,480.270977,1.0,180.0,-42.301559,-85.835487,-0.0,-19.26,-0.0,0.1445334106683731
0.2449292540550232,0.0006069266237318,0.0010055896127596,550.956812,480.270977,2.0,180.0,-42.301559,-85.835487,-0.0,-19.26,-0.0,0.1017992049455642
0.2564573287963867,0.0006496155401691,0.0010966828558593,550.956812,480.270977,3.0,180.0,-42.301559,-85.835487,-0.0,-19.26,-0.0,0.1037665531039238
0.2709066271781921,0.0006726165884174,0.0011535453377291,550.956812,480.270977,4.0,180.0,-42.301559,-85.835487,-0.0,-19.26,-0.0,0.1081924140453338
0.2689238488674164,0.0006704625557176,0.0011488106101751,550.956812,480.270977,5.0,180.0,-42.301559,-85.835487,-0.0,-19.26,-0.0,0.1179660335183143
0.2703904509544372,0.0006859323475509,0.0011779121123254,550.956812,480.270977,6.0,180.0,-42.301559,-85.835487,-0.0,-19.26,-0.0,0.1178292632102966
0.272943377494812,0.0007435692241415,0.0012747294967994,550.956812,480.270977,7.0,180.0,-42.301559,-85.835487,-0.0,-19.26,-0.0,0.1206508055329322
0.2494347691535949,0.0006326552247628,0.0010321269510313,550.956812,480.270977,8.0,180.0,-42.301559,-85.835487,-0.0,-19.26,-0.0,0.1081760972738266
0.2607000470161438,0.0005610424559563,0.0009209856507368,550.956812,480.270977,9.0,180.0,-42.301559,-85.835487,-0.0,-19.26,-0.0,0.1113090738654136
0.2076158076524734,0.0006078750593587,0.0009293631301261,550.956812,480.270977,10.0,180.0,-42.301559,-85.835487,-0.0,-19.26,-0.0,0.0812112540006637
0.242079272866249,0.0005978431436233,0.0009640953503549,550.956812,480.270977,11.0,180.0,-42.301559,-85.835487,-0.0,-19.26,-0.0,0.0947603955864906
0.2110200524330139,0.0005012996261939,0.000770341604948,550.956812,480.270977,12.0,180.0,-42.301559,-85.835487,-0.0,-19.26,-0.0,0.0909007489681243
0.2374178767204284,0.0004727141640614,0.0007603346020914,550.956812,480.270977,13.0,180.0,-42.301559,-85.835487,-0.0,-19.26,-0.0,0.0974839404225349
0.3010380566120147,0.0004097617056686,0.0007255641394294,550.956812,480.270977,14.0,180.0,-42.301559,-85.835487,-0.0,-19.26,-0.0,0.1350952982902526
0.2651794850826263,0.0004065621760673,0.0006773011991754,550.956812,480.270977,15.0,180.0,-42.301559,-85.835487,-0.0,-19.26,-0.0,0.1218294873833656
0.3036039769649505,0.0003887950733769,0.0006883617024868,550.956812,480.270977,16.0,180.0,-42.301559,-85.835487,-0.0,-19.26,-0.0,0.1448882073163986
0.2944884598255157,0.0003357251698616,0.0005890189204365,550.956812,480.270977,17.0,180.0,-42.301559,-85.835487,-0.0,-19.26,-0.0,0.1424146145582199
0.2312861979007721,0.0003190165152773,0.0005035818903706,550.956812,480.270977,18.0,180.0,-42.301559,-85.835487,-0.0,-19.26,-0.0,0.0993938073515892
0.2753276824951172,0.000273522833595,0.000461919902591,550.956812,480.270977,19.0,180.0,-42.301559,-85.835487,-0.0,-19.26,-0.0,0.1271771192550659
0.3093159794807434,0.0006111004622653,0.0011092853965237,550.956812,480.270977,0.0,180.0,-42.301559,-85.835487,-0.0,-19.278,-0.0,0.1405232697725296
0.2945306301116943,0.0007143734255805,0.0012722638202831,550.956812,480.270977,1.0,180.0,-42.301559,-85.835487,-0.0,-19.278,-0.0,0.1390520632266998
0.2911914885044098,0.0006834839005023,0.0012052319943904,550.956812,480.270977,2.0,180.0,-42.301559,-85.835487,-0.0,-19.278,-0.0,0.1281600594520568
0.279871255159378,0.0007691858918406,0.0013395419809967,550.956812,480.270977,3.0,180.0,-42.301559,-85.835487,-0.0,-19.278,-0.0,0.1364800333976745
0.2528308928012848,0.0007891008863225,0.0013185556745156,550.956812,480.270977,4.0,180.0,-42.301559,-85.835487,-0.0,-19.278,-0.0,0.110895350575447
0.2199799865484237,0.0007125264382921,0.0011330876732245,550.956812,480.270977,5.0,180.0,-42.301559,-85.835487,-0.0,-19.278,-0.0,0.0767123252153396
0.2490648627281189,0.0007689627236686,0.0012648904230445,550.956812,480.270977,6.0,180.0,-42.301559,-85.835487,-0.0,-19.278,-0.0,0.1092053055763244
0.2103794813156128,0.0007410344551317,0.0011475284118205,550.956812,480.270977,7.0,180.0,-42.301559,-85.835487,-0.0,-19.278,-0.0,0.0809750109910965
0.243488609790802,0.000664654537104,0.0010841008042916,550.956812,480.270977,8.0,180.0,-42.301559,-85.835487,-0.0,-19.278,-0.0,0.0959246605634689
0.2522856593132019,0.0006553891580551,0.0010799425654113,550.956812,480.270977,9.0,180.0,-42.301559,-85.835487,-0.0,-19.278,-0.0,0.1049703061580658
0.2453182637691497,0.0006058647413738,0.0009969730162993,550.956812,480.270977,10.0,180.0,-42.301559,-85.835487,-0.0,-19.278,-0.0,0.1092907339334487
0.2566333711147308,0.000589388073422,0.0009740550885908,550.956812,480.270977,11.0,180.0,-42.301559,-85.835487,-0.0,-19.278,-0.0,0.12252838909626
0.2531384527683258,0.0005957536050118,0.0009803095599636,550.956812,480.270977,12.0,180.0,-42.301559,-85.835487,-0.0,-19.278,-0.0,0.1083181574940681
0.220595508813858,0.0004503022937569,0.0006936665158718,550.956812,480.270977,13.0,180.0,-42.301559,-85.835487,-0.0,-19.278,-0.0,0.0984685868024826
0.218371957540512,0.0003518148441798,0.0005284281796775,550.956812,480.270977,14.0,180.0,-42.301559,-85.835487,-0.0,-19.278,-0.0,0.0741923972964286
0.2214218080043792,0.0003200171049684,0.0004901763168163,550.956812,480.270977,15.0,180.0,-42.301559,-85.835487,-0.0,-19.278,-0.0,0.0915205925703048
0.2638967037200928,0.0003571790584828,0.0005985365714877,550.956812,480.270977,16.0,180.0,-42.301559,-85.835487,-0.0,-19.278,-0.0,0.1184849366545677
0.2680661976337433,0.0003218152851331,0.0005378210335038,550.956812,480.270977,17.0,180.0,-42.301559,-85.835487,-0.0,-19.278,-0.0,0.1285995244979858
0.318415880203247,0.0003170318959746,0.0005629718070849,550.956812,480.270977,18.0,180.0,-42.301559,-85.835487,-0.0,-19.278,-0.0,0.1420034021139145
0.3153513371944427,0.0002459229435771,0.0004349432419985,550.956812,480.270977,19.0,180.0,-42.301559,-85.835487,-0.0,-19.278,-0.0,0.1467576771974563
0.3082645535469055,0.0006768606835976,0.0012456635013222,550.956812,480.270977,0.0,180.0,-42.301559,-85.835487,0.0,-19.15,-0.0,0.1470286250114441
0.274343192577362,0.0006316267536021,0.001103539718315,550.956812,480.270977,1.0,180.0,-42.301559,-85.835487,0.0,-19.15,-0.0,0.1178449839353561
0.281565248966217,0.0006987938540987,0.0012353940401226,550.956812,480.270977,2.0,180.0,-42.301559,-85.835487,0.0,-19.15,-0.0,0.1233102828264236
0.2964430153369903,0.0006662392406724,0.0011973975924775,550.956812,480.270977,3.0,180.0,-42.301559,-85.835487,0.0,-19.15,-0.0,0.1302059888839721
0.3138180673122406,0.0006409641355276,0.0011743506183847,550.956812,480.270977,4.0,180.0,-42.301559,-85.835487,0.0,-19.15,-0.0,0.1364389210939407
0.2758263051509857,0.0006919094012118,0.0012053749524056,550.956812,480.270977,5.0,180.0,-42.301559,-85.835487,0.0,-19.15,-0.0,0.1074340641498565
0.3013121485710144,0.0006587909883819,0.0011881559621542,550.956812,480.270977,6.0,180.0,-42.301559,-85.835487,0.0,-19.15,-0.0,0.1259505152702331
0.2541202902793884,0.0006323856068775,0.0010589607991278,550.956812,480.270977,7.0,180.0,-42.301559,-85.835487,0.0,-19.15,-0.0,0.1151507273316383
0.2235214561223983,0.0006009667413309,0.0009607984102331,550.956812,480.270977,8.0,180.0,-42.301559,-85.835487,0.0,-19.15,-0.0,0.0858332216739654
0.2454688251018524,0.0006946675712242,0.0011585305910557,550.956812,480.270977,9.0,180.0,-42.301559,-85.835487,0.0,-19.15,-0.0,0.1037424653768539
0.2804578840732574,0.0005956989480182,0.0010346679482609,550.956812,480.270977,10.0,180.0,-42.301559,-85.835487,0.0,-19.15,-0.0,0.1182694211602211
0.2907542884349823,0.0005502782878465,0.0009665269171819,550.956812,480.270977,11.0,180.0,-42.301559,-85.835487,0.0,-19.15,-0.0,0.1298494488000869
0.2936229407787323,0.0005317887407727,0.0009426118340343,550.956812,480.270977,12.0,180.0,-42.301559,-85.835487,0.0,-19.15,-0.0,0.1274846196174621
0.2697762250900268,0.0004911032156087,0.0008425806299783,550.956812,480.270977,13.0,180.0,-42.301559,-85.835487,0.0,-19.15,-0.0,0.1227741166949272
0.214767187833786,0.0004231412603985,0.0006577154272235,550.956812,480.270977,14.0,180.0,-42.301559,-85.835487,0.0,-19.15,-0.0,0.0968004986643791
0.2073298245668411,0.0003836469259113,0.0005885687423869,550.956812,480.270977,15.0,180.0,-42.301559,-85.835487,0.0,-19.15,-0.0,0.0790664553642273
0.3217182457447052,0.0003406847536098,0.0006238596397452,550.956812,480.270977,16.0,180.0,-42.301559,-85.835487,0.0,-19.15,-0.0,0.1485215127468109
0.3315283954143524,0.0002739224291872,0.000509025354404,550.956812,480.270977,17.0,180.0,-42.301559,-85.835487,0.0,-19.15,-0.0,0.1597068458795547
0.3135424554347992,0.0002528009645175,0.0004555443301796,550.956812,480.270977,18.0,180.0,-42.301559,-85.835487,0.0,-19.15,-0.0,0.1520738005638122
0.3309016525745392,0.0002115555107593,0.000393379246816,550.956812,480.270977,19.0,180.0,-42.301559,-85.835487,0.0,-19.15,-0.0,0.155185580253601
0.2671233117580414,0.0006123335915617,0.0010636639781296,550.956812,480.270977,0.0,180.0,-42.301559,-85.835487,-0.0,-19.158,-0.0,0.1025303900241851
0.2390272766351699,0.0006339012179523,0.0010666857706382,550.956812,480.270977,1.0,180.0,-42.301559,-85.835487,-0.0,-19.158,-0.0,0.0941382944583892
0.2540301978588104,0.0006840523565188,0.0011765980161726,550.956812,480.270977,2.0,180.0,-42.301559,-85.835487,-0.0,-19.158,-0.0,0.1039312556385994
0.2720498144626617,0.0007586300489492,0.0013254687655717,550.956812,480.270977,3.0,180.0,-42.301559,-85.835487,-0.0,-19.158,-0.0,0.1177901104092598
0.2844904959201813,0.0006594833103008,0.0011613529641181,550.956812,480.270977,4.0,180.0,-42.301559,-85.835487,-0.0,-19.158,-0.0,0.1230423822999
0.2762790024280548,0.0006462710443884,0.0011288587702438,550.956812,480.270977,5.0,180.0,-42.301559,-85.835487,-0.0,-19.158,-0.0,0.1139252632856369
0.3005421459674835,0.0007208678871393,0.0012904534814879,550.956812,480.270977,6.0,180.0,-42.301559,-85.835487,-0.0,-19.158,-0.0,0.1440671980381012
0.2781681716442108,0.0007192716002464,0.0012501189485192,550.956812,480.270977,7.0,180.0,-42.301559,-85.835487,-0.0,-19.158,-0.0,0.1250016242265701
0.243230327963829,0.0006277177599258,0.0010468263644725,550.956812,480.270977,8.0,180.0,-42.301559,-85.835487,-0.0,-19.158,-0.0,0.1016826406121254
0.2943711876869201,0.0006172310677357,0.0010993113974109,550.956812,480.270977,9.0,180.0,-42.301559,-85.835487,-0.0,-19.158,-0.0,0.1357102543115615
0.2761275470256805,0.0006112937116995,0.0010509258136153,550.956812,480.270977,10.0,180.0,-42.301559,-85.835487,-0.0,-19.158,-0.0,0.1224931329488754
0.2471200972795486,0.0005615976988337,0.0009309811866842,550.956812,480.270977,11.0,180.0,-42.301559,-85.835487,-0.0,-19.158,-0.0,0.1103084310889244
0.2356597930192947,0.0005401271046139,0.000876530772075,550.956812,480.270977,12.0,180.0,-42.301559,-85.835487,-0.0,-19.158,-0.0,0.0979497656226158
0.2109540402889251,0.0004803048504982,0.0007500650826841,550.956812,480.270977,13.0,180.0,-42.301559,-85.835487,-0.0,-19.158,-0.0,0.099698007106781
0.2515053153038025,0.0004802353796549,0.0007932050502859,550.956812,480.270977,14.0,180.0,-42.301559,-85.835487,-0.0,-19.158,-0.0,0.1186006516218185
0.2590113580226898,0.0004067735862918,0.0006843857700005,550.956812,480.270977,15.0,180.0,-42.301559,-85.835487,-0.0,-19.158,-0.0,0.1242561265826225
0.2928584218025207,0.0003693607577588,0.0006434157257899,550.956812,480.270977,16.0,180.0,-42.301559,-85.835487,-0.0,-19.158,-0.0,0.1457145512104034
0.2699528634548187,0.0003053579130209,0.000513715611305,550.956812,480.270977,17.0,180.0,-42.301559,-85.835487,-0.0,-19.158,-0.0,0.1208998709917068
0.3080137372016907,0.0002613489341456,0.0004672120558097,550.956812,480.270977,18.0,180.0,-42.301559,-85.835487,-0.0,-19.158,-0.0,0.1418627798557281
0.2544751465320587,0.0002430113527225,0.0003968632081523,550.956812,480.270977,19.0,180.0,-42.301559,-85.835487,-0.0,-19.158,-0.0,0.1141473203897476
0.2354073375463485,0.0005474562058225,0.0008655212004669,550.956812,480.270977,0.0,180.0,-42.301559,-85.835487,-0.0,-18.79,36.539,0.1144385337829589
0.2359255999326706,0.000595964025706,0.0009498868021182,550.956812,480.270977,1.0,180.0,-42.301559,-85.835487,-0.0,-18.79,36.539,0.1117068454623222
0.1940605044364929,0.000493117258884,0.0007338965660892,550.956812,480.270977,2.0,180.0,-42.301559,-85.835487,-0.0,-18.79,36.539,0.0844229310750961
0.1871487200260162,0.000540294102393,0.0008007636060938,550.956812,480.270977,3.0,180.0,-42.301559,-85.835487,-0.0,-18.79,36.539,0.078885331749916
0.2234676033258438,0.0005376099725253,0.0008383521926589,550.956812,480.270977,4.0,180.0,-42.301559,-85.835487,-0.0,-18.79,36.539,0.0985037833452224
0.2201132625341415,0.00067441171268,0.0010560797527432,550.956812,480.270977,5.0,180.0,-42.301559,-85.835487,-0.0,-18.79,36.539,0.107183925807476
0.2320466935634613,0.0005047988379374,0.0007957624038681,550.956812,480.270977,6.0,180.0,-42.301559,-85.835487,-0.0,-18.79,36.539,0.1104370281100273
0.1795652359724044,0.0004529519355855,0.000646578380838,550.956812,480.270977,7.0,180.0,-42.301559,-85.835487,-0.0,-18.79,36.539,0.0812317430973053
0.2371456921100616,0.0004336886922828,0.0006735535571351,550.956812,480.270977,8.0,180.0,-42.301559,-85.835487,-0.0,-18.79,36.539,0.1073914468288421
0.2755895853042602,0.0003614530724007,0.0005887210718356,550.956812,480.270977,9.0,180.0,-42.301559,-85.835487,-0.0,-18.79,36.539,0.1267439424991607
0.2646498382091522,0.0003557693271432,0.0005694522405974,550.956812,480.270977,10.0,180.0,-42.301559,-85.835487,-0.0,-18.79,36.539,0.1215460002422332
0.2719531655311584,0.0003334443317726,0.0005399212823249,550.956812,480.270977,11.0,180.0,-42.301559,-85.835487,-0.0,-18.79,36.539,0.1246228441596031
0.2158750891685485,0.0003440061118453,0.000505811185576,550.956812,480.270977,12.0,180.0,-42.301559,-85.835487,-0.0,-18.79,36.539,0.1016835048794746
0.2239638119935989,0.0003256251802667,0.0004825538781005,550.956812,480.270977,13.0,180.0,-42.301559,-85.835487,-0.0,-18.79,36.539,0.1027046293020248
0.2454685270786285,0.0002608266368042,0.0003979943576268,550.956812,480.270977,14.0,180.0,-42.301559,-85.835487,-0.0,-18.79,36.539,0.1141886338591575
0.2889512181282043,0.000203009287361,0.0003274059272371,550.956812,480.270977,15.0,180.0,-42.301559,-85.835487,-0.0,-18.79,36.539,0.1283769458532333
0.2855065762996673,0.0001807675143936,0.0002873772464226,550.956812,480.270977,16.0,180.0,-42.301559,-85.835487,-0.0,-18.79,36.539,0.1296379417181015
0.2918188869953155,0.0001955355110112,0.0003143126377835,550.956812,480.270977,17.0,180.0,-42.301559,-85.835487,-0.0,-18.79,36.539,0.1373781114816665
0.3177065253257751,0.0001270939683308,0.000210458485526,550.956812,480.270977,18.0,180.0,-42.301559,-85.835487,-0.0,-18.79,36.539,0.1450281143188476
0.2925336360931396,0.0001600857794983,0.0002530844649299,550.956812,480.270977,19.0,180.0,-42.301559,-85.835487,-0.0,-18.79,36.539,0.1466429978609085
0.2597869634628296,0.0003370959311723,0.0004989067092537,550.956812,480.270977,0.0,180.0,-42.301559,-85.835487,-0.0,-21.78,-88.543,0.0808627903461456
0.1929847002029419,0.0004726807819679,0.0006505677010864,550.956812,480.270977,1.0,180.0,-42.301559,-85.835487,-0.0,-21.78,-88.543,0.0660043209791183
0.2278960794210434,0.0005388770368881,0.0007818265003152,550.956812,480.270977,2.0,180.0,-42.301559,-85.835487,-0.0,-21.78,-88.543,0.0822343081235885
0.2441752552986145,0.0005028240266256,0.0007446386734955,550.956812,480.270977,3.0,180.0,-42.301559,-85.835487,-0.0,-21.78,-88.543,0.0843858122825622
0.1897499710321426,0.0006376225501298,0.0008890859317034,550.956812,480.270977,4.0,180.0,-42.301559,-85.835487,-0.0,-21.78,-88.543,0.0650204718112945
0.1950197964906692,0.0007653614156879,0.0010822993936017,550.956812,480.270977,5.0,180.0,-42.301559,-85.835487,-0.0,-21.78,-88.543,0.0743664801120758
0.1483460366725921,0.0007252767682075,0.0009586325031705,550.956812,480.270977,6.0,180.0,-42.301559,-85.835487,-0.0,-21.78,-88.543,0.0504049435257911
0.2007487714290619,0.0007548572029918,0.0010690848575904,550.956812,480.270977,7.0,180.0,-42.301559,-85.835487,-0.0,-21.78,-88.543,0.0716405138373375
0.1857485175132751,0.0009018265409395,0.0012670865980908,550.956812,480.270977,8.0,180.0,-42.301559,-85.835487,-0.0,-21.78,-88.543,0.0691181868314743
0.0962602198123931,0.0009379616240039,0.0011903564445674,550.956812,480.270977,9.0,180.0,-42.301559,-85.835487,-0.0,-21.78,-88.543,0.0276188515126705
0.0874040350317955,0.0010273987427353,0.001283582765609,550.956812,480.270977,10.0,180.0,-42.301559,-85.835487,-0.0,-21.78,-88.543,0.0234591737389564
0.1153563857078552,0.0009842977160587,0.0012801453704014,550.956812,480.270977,11.0,180.0,-42.301559,-85.835487,-0.0,-21.78,-88.543,0.0276739876717329
0.1321411579847335,0.0008906118455342,0.0011866429122164,550.956812,480.270977,12.0,180.0,-42.301559,-85.835487,-0.0,-21.78,-88.543,0.0428811945021152
0.1717401146888733,0.0009634543675929,0.0013584158150479,550.956812,480.270977,13.0,180.0,-42.301559,-85.835487,-0.0,-21.78,-88.543,0.0671326518058776
0.1571340560913086,0.0009881691075861,0.0013673509238287,550.956812,480.270977,14.0,180.0,-42.301559,-85.835487,-0.0,-21.78,-88.543,0.0641478225588798
0.1594834178686142,0.0010190134635195,0.0014167811023071,550.956812,480.270977,15.0,180.0,-42.301559,-85.835487,-0.0,-21.78,-88.543,0.0658943355083465
0.1716314256191253,0.0008524924633093,0.0011934003559872,550.956812,480.270977,16.0,180.0,-42.301559,-85.835487,-0.0,-21.78,-88.543,0.076355330646038
0.1773797422647476,0.0008807318517938,0.0012556328438222,550.956812,480.270977,17.0,180.0,-42.301559,-85.835487,-0.0,-21.78,-88.543,0.0785555616021156
0.1726585924625396,0.0007290554931387,0.0010298899142071,550.956812,480.270977,18.0,180.0,-42.301559,-85.835487,-0.0,-21.78,-88.543,0.070291630923748
0.1731513142585754,0.0008160947472788,0.0011598677374422,550.956812,480.270977,19.0,180.0,-42.301559,-85.835487,-0.0,-21.78,-88.543,0.0742848515510559
0.2649832963943481,0.0003619435301516,0.0005528684705495,550.956812,480.270977,0.0,180.0,-42.301559,-85.835487,-0.0,-21.897,-92.726,0.0969488322734832
0.2418533712625503,0.0004259602865204,0.0006332256598398,550.956812,480.270977,1.0,180.0,-42.301559,-85.835487,-0.0,-21.897,-92.726,0.0944364964962005
0.2369923740625381,0.000516309752129,0.0007703354931436,550.956812,480.270977,2.0,180.0,-42.301559,-85.835487,-0.0,-21.897,-92.726,0.0999005958437919
0.2371195256710052,0.0005114865489304,0.000763239513617,550.956812,480.270977,3.0,180.0,-42.301559,-85.835487,-0.0,-21.897,-92.726,0.0960928052663803
0.2113478779792785,0.0006129544926807,0.0008891540928743,550.956812,480.270977,4.0,180.0,-42.301559,-85.835487,-0.0,-21.897,-92.726,0.0833378583192825
0.1615308821201324,0.000704534293618,0.0009599769255146,550.956812,480.270977,5.0,180.0,-42.301559,-85.835487,-0.0,-21.897,-92.726,0.0658208355307579
0.1953229159116745,0.0006862860755063,0.0009859475539997,550.956812,480.270977,6.0,180.0,-42.301559,-85.835487,-0.0,-21.897,-92.726,0.0829853415489196
0.184472769498825,0.0007847227971069,0.0011098310351371,550.956812,480.270977,7.0,180.0,-42.301559,-85.835487,-0.0,-21.897,-92.726,0.0776128768920898
0.1702799946069717,0.0008507597376592,0.0011891099857166,550.956812,480.270977,8.0,180.0,-42.301559,-85.835487,-0.0,-21.897,-92.726,0.074294164776802
0.1723205596208572,0.0008981196442618,0.0012617805041372,550.956812,480.270977,9.0,180.0,-42.301559,-85.835487,-0.0,-21.897,-92.726,0.0725109875202179
0.1461761146783828,0.0009724293486215,0.001326308818534,550.956812,480.270977,10.0,180.0,-42.301559,-85.835487,-0.0,-21.897,-92.726,0.0616211146116256
0.1619153171777725,0.0010395151330158,0.0014410110889002,550.956812,480.270977,11.0,180.0,-42.301559,-85.835487,-0.0,-21.897,-92.726,0.0722979232668876
0.090105190873146,0.0009541567414999,0.0011750820558518,550.956812,480.270977,12.0,180.0,-42.301559,-85.835487,-0.0,-21.897,-92.726,0.0256406813859939
0.1542021930217743,0.0009226981783285,0.0012713781325146,550.956812,480.270977,13.0,180.0,-42.301559,-85.835487,-0.0,-21.897,-92.726,0.0641746819019317
0.1672872751951217,0.0009958329610526,0.0014074370265007,550.956812,480.270977,14.0,180.0,-42.301559,-85.835487,-0.0,-21.897,-92.726,0.0772920548915863
0.1846410036087036,0.0010222961427643,0.0014699341263622,550.956812,480.270977,15.0,180.0,-42.301559,-85.835487,-0.0,-21.897,-92.726,0.1012790948152542
0.1745366901159286,0.0009262265521101,0.0013101530494168,550.956812,480.270977,16.0,180.0,-42.301559,-85.835487,-0.0,-21.897,-92.726,0.0878968611359596
0.1542726308107376,0.0008291284902952,0.001150470576249,550.956812,480.270977,17.0,180.0,-42.301559,-85.835487,-0.0,-21.897,-92.726,0.0686671808362007
0.1801561713218689,0.0008586871554143,0.00122727942653,550.956812,480.270977,18.0,180.0,-42.301559,-85.835487,-0.0,-21.897,-92.726,0.0842720046639442
0.1876438558101654,0.0007572075701318,0.0010967073030769,550.956812,480.270977,19.0,180.0,-42.301559,-85.835487,-0.0,-21.897,-92.726,0.085873432457447
0.2802343070507049,0.0001244996528839,0.0001767084904713,550.956812,480.270977,0.0,180.0,-42.301559,-85.835487,-0.0,-22.313,-180.0,0.1126071810722351
0.2974548637866974,0.0001437720347894,0.0002182203461416,550.956812,480.270977,1.0,180.0,-42.301559,-85.835487,-0.0,-22.313,-180.0,0.1205555349588394
0.2543749511241913,0.0001498815108789,0.0002100790297845,550.956812,480.270977,2.0,180.0,-42.301559,-85.835487,-0.0,-22.313,-180.0,0.094776764512062
0.286563366651535,0.0001543986436445,0.0002304201334482,550.956812,480.270977,3.0,180.0,-42.301559,-85.835487,-0.0,-22.313,-180.0,0.1097813919186592
0.3311839401721954,0.0001331048551946,0.0002201330353273,550.956812,480.270977,4.0,180.0,-42.301559,-85.835487,-0.0,-22.313,-180.0,0.1155026406049728
0.2894139885902405,0.0001808143570087,0.0002812554012052,550.956812,480.270977,5.0,180.0,-42.301559,-85.835487,-0.0,-22.313,-180.0,0.1049289479851722
0.2651585042476654,0.00019318878185,0.0002866732829716,550.956812,480.270977,6.0,180.0,-42.301559,-85.835487,-0.0,-22.313,-180.0,0.1009007766842842
0.3307965993881225,0.0002139740099664,0.0003626779071055,550.956812,480.270977,7.0,180.0,-42.301559,-85.835487,-0.0,-22.313,-180.0,0.1194534003734588
0.2527357637882232,0.0002293963334523,0.0003374282678123,550.956812,480.270977,8.0,180.0,-42.301559,-85.835487,-0.0,-22.313,-180.0,0.0832204818725586
0.2304435223340988,0.0003195129684172,0.0004418803728185,550.956812,480.270977,9.0,180.0,-42.301559,-85.835487,-0.0,-22.313,-180.0,0.0839026868343353
0.2604304254055023,0.0003491821116767,0.0005401237867772,550.956812,480.270977,10.0,180.0,-42.301559,-85.835487,-0.0,-22.313,-180.0,0.09811282902956
0.3256172239780426,0.0002311758871655,0.0003898903378285,550.956812,480.270977,11.0,180.0,-42.301559,-85.835487,-0.0,-22.313,-180.0,0.1065555065870285
0.3177825808525085,0.0002801284426823,0.0004675775999203,550.956812,480.270977,12.0,180.0,-42.301559,-85.835487,-0.0,-22.313,-180.0,0.1011499911546707
0.2951471209526062,0.0002705429214984,0.0004298117419239,550.956812,480.270977,13.0,180.0,-42.301559,-85.835487,-0.0,-22.313,-180.0,0.1019531413912773
0.2851742506027221,0.0003739533713087,0.0006182019715197,550.956812,480.270977,14.0,180.0,-42.301559,-85.835487,-0.0,-22.313,-180.0,0.0903464406728744
0.2788610160350799,0.0003369705518707,0.0005366763216443,550.956812,480.270977,15.0,180.0,-42.301559,-85.835487,-0.0,-22.313,-180.0,0.0886101946234703
0.2724388837814331,0.000322144042002,0.0005138624692335,550.956812,480.270977,16.0,180.0,-42.301559,-85.835487,-0.0,-22.313,-180.0,0.0911291316151619
0.2957701086997986,0.0003321131225675,0.0005502353888005,550.956812,480.270977,17.0,180.0,-42.301559,-85.835487,-0.0,-22.313,-180.0,0.0872295796871185
0.3182138800621032,0.0003410794888623,0.0005881994729861,550.956812,480.270977,18.0,180.0,-42.301559,-85.835487,-0.0,-22.313,-180.0,0.1067766770720481
0.2751932442188263,0.000360963284038,0.0005863986443728,550.956812,480.270977,19.0,180.0,-42.301559,-85.835487,-0.0,-22.313,-180.0,0.0851896703243255
0.2779518961906433,0.0001192556665046,0.0001845719671109,550.956812,480.270977,0.0,180.0,-42.301559,-85.835487,-0.0,-22.378,-180.0,0.1224411576986312
0.3215115368366241,0.0001024479061015,0.0001717322302283,550.956812,480.270977,1.0,180.0,-42.301559,-85.835487,-0.0,-22.378,-180.0,0.1346080899238586
0.2697606682777405,0.0001261334255104,0.0001846619270509,550.956812,480.270977,2.0,180.0,-42.301559,-85.835487,-0.0,-22.378,-180.0,0.094812162220478
0.1219173818826675,0.0002624588960316,0.0003016932168975,550.956812,480.270977,3.0,180.0,-42.301559,-85.835487,-0.0,-22.378,-180.0,0.0486268326640129
0.2492687255144119,0.0001750837254803,0.0002501835988368,550.956812,480.270977,4.0,180.0,-42.301559,-85.835487,-0.0,-22.378,-180.0,0.0976044684648513
0.2957511246204376,0.0001637368841329,0.0002667344524525,550.956812,480.270977,5.0,180.0,-42.301559,-85.835487,-0.0,-22.378,-180.0,0.1154403463006019
0.2106776088476181,0.0002042364358203,0.0002808377612382,550.956812,480.270977,6.0,180.0,-42.301559,-85.835487,-0.0,-22.378,-180.0,0.0837781876325607
0.259800374507904,0.0001772568939486,0.0002633455442264,550.956812,480.270977,7.0,180.0,-42.301559,-85.835487,-0.0,-22.378,-180.0,0.0903565287590026
0.2193324267864227,0.0002391431044088,0.0003403564624022,550.956812,480.270977,8.0,180.0,-42.301559,-85.835487,-0.0,-22.378,-180.0,0.0765449032187461
0.2561281323432922,0.0002414224436506,0.0003696001367643,550.956812,480.270977,9.0,180.0,-42.301559,-85.835487,-0.0,-22.378,-180.0,0.0987271815538406
0.289486289024353,0.0002107549225911,0.0003385104355402,550.956812,480.270977,10.0,180.0,-42.301559,-85.835487,-0.0,-22.378,-180.0,0.0967122912406921
0.2508750557899475,0.0002850346500054,0.0004365605127532,550.956812,480.270977,11.0,180.0,-42.301559,-85.835487,-0.0,-22.378,-180.0,0.079623743891716
0.2269026637077331,0.0002611092932056,0.0003794303629547,550.956812,480.270977,12.0,180.0,-42.301559,-85.835487,-0.0,-22.378,-180.0,0.0733464732766151
0.2406015545129776,0.0002759733179118,0.0004082135856151,550.956812,480.270977,13.0,180.0,-42.301559,-85.835487,-0.0,-22.378,-180.0,0.0793049857020378
0.2667965292930603,0.000309309689328,0.0004924304666928,550.956812,480.270977,14.0,180.0,-42.301559,-85.835487,-0.0,-22.378,-180.0,0.0872143656015396
0.2694493532180786,0.0002508838952053,0.000400503660785,550.956812,480.270977,15.0,180.0,-42.301559,-85.835487,-0.0,-22.378,-180.0,0.0975306928157806
0.3289932310581207,0.0002495244843885,0.0004533098253887,550.956812,480.270977,16.0,180.0,-42.301559,-85.835487,-0.0,-22.378,-180.0,0.101227693259716
0.3181315064430237,0.0002488078607711,0.0004438956966623,550.956812,480.270977,17.0,180.0,-42.301559,-85.835487,-0.0,-22.378,-180.0,0.1007450893521308
0.3110052347183227,0.0002835686027538,0.000502344162669,550.956812,480.270977,18.0,180.0,-42.301559,-85.835487,-0.0,-22.378,-180.0,0.1013907343149185
0.3049735128879547,0.0002970988571178,0.0005224748165346,550.956812,480.270977,19.0,180.0,-42.301559,-85.835487,-0.0,-22.378,-180.0,0.1097937375307083
0.3058928549289703,0.0001077425695257,0.0001676898245932,550.956812,480.270977,0.0,180.0,-42.301559,-85.835487,-0.0,-22.271,-180.0,0.1317977458238601
0.2817307412624359,0.0001286729093408,0.0001952517341123,550.956812,480.270977,1.0,180.0,-42.301559,-85.835487,-0.0,-22.271,-180.0,0.1173739209771156
0.2678878605365753,0.0001281289733015,0.0001840462937252,550.956812,480.270977,2.0,180.0,-42.301559,-85.835487,-0.0,-22.271,-180.0,0.1044880971312522
0.3025827705860138,0.0001303775643464,0.0002051571209449,550.956812,480.270977,3.0,180.0,-42.301559,-85.835487,-0.0,-22.271,-180.0,0.1096530184149742
0.3168047964572906,0.000138018396683,0.0002253305283375,550.956812,480.270977,4.0,180.0,-42.301559,-85.835487,-0.0,-22.271,-180.0,0.1137139499187469
0.331847995519638,0.0001324171607848,0.0002296628663316,550.956812,480.270977,5.0,180.0,-42.301559,-85.835487,-0.0,-22.271,-180.0,0.1240725740790367
0.3407020568847656,0.0001018477487377,0.0001769753143889,550.956812,480.270977,6.0,180.0,-42.301559,-85.835487,-0.0,-22.271,-180.0,0.1081199273467063
0.3114536702632904,0.0001551400055177,0.0002559057902544,550.956812,480.270977,7.0,180.0,-42.301559,-85.835487,-0.0,-22.271,-180.0,0.1013728305697441
0.2638739347457886,0.000210941885598,0.0003201753715984,550.956812,480.270977,8.0,180.0,-42.301559,-85.835487,-0.0,-22.271,-180.0,0.0937331989407539
0.2493228912353515,0.0002684048668015,0.0003976653097197,550.956812,480.270977,9.0,180.0,-42.301559,-85.835487,-0.0,-22.271,-180.0,0.0872458294034004
0.305974394083023,0.000257564446656,0.0004308541247155,550.956812,480.270977,10.0,180.0,-42.301559,-85.835487,-0.0,-22.271,-180.0,0.1103667914867401
0.3095103204250335,0.0001917368499562,0.0003155246376991,550.956812,480.270977,11.0,180.0,-42.301559,-85.835487,-0.0,-22.271,-180.0,0.0984516590833664
0.2173917144536972,0.000306056899717,0.0004310920194257,550.956812,480.270977,12.0,180.0,-42.301559,-85.835487,-0.0,-22.271,-180.0,0.0714591220021247
0.2730958163738251,0.0002978459815494,0.0004739678406622,550.956812,480.270977,13.0,180.0,-42.301559,-85.835487,-0.0,-22.271,-180.0,0.0977804288268089
0.3537219762802124,0.000231991536566,0.0004233779327478,550.956812,480.270977,14.0,180.0,-42.301559,-85.835487,-0.0,-22.271,-180.0,0.1083321198821067
0.3086243867874145,0.0002859877131413,0.0004876606108155,550.956812,480.270977,15.0,180.0,-42.301559,-85.835487,-0.0,-22.271,-180.0,0.0992674380540847
0.3265513181686401,0.0002362187951803,0.000418318202719,550.956812,480.270977,16.0,180.0,-42.301559,-85.835487,-0.0,-22.271,-180.0,0.101835086941719
0.3304408192634582,0.0002765288809314,0.0004955508629791,550.956812,480.270977,17.0,180.0,-42.301559,-85.835487,-0.0,-22.271,-180.0,0.0991625040769577
0.3022475838661194,0.0002862064284272,0.0004834634019061,550.956812,480.270977,18.0,180.0,-42.301559,-85.835487,-0.0,-22.271,-180.0,0.0958941951394081
0.3525014817714691,0.0002313229779247,0.0004324004403315,550.956812,480.270977,19.0,180.0,-42.301559,-85.835487,-0.0,-22.271,-180.0,0.1085980013012886
0.2971859872341156,0.0001257927360711,0.0001961898815352,550.956812,480.270977,0.0,180.0,-42.301559,-85.835487,-0.0,-22.249,-180.0,0.1317507773637771
0.2640956938266754,0.0001271453947992,0.0001798225712263,550.956812,480.270977,1.0,180.0,-42.301559,-85.835487,-0.0,-22.249,-180.0,0.1055707857012748
0.2829968929290771,0.0001319401490036,0.0001934932952281,550.956812,480.270977,2.0,180.0,-42.301559,-85.835487,-0.0,-22.249,-180.0,0.1100101545453071
0.2746772468090057,0.0001466175162931,0.0002190669765695,550.956812,480.270977,3.0,180.0,-42.301559,-85.835487,-0.0,-22.249,-180.0,0.1056000292301178
0.2864730060100555,0.0001346400676993,0.0001968134602066,550.956812,480.270977,4.0,180.0,-42.301559,-85.835487,-0.0,-22.249,-180.0,0.0933256223797798
0.3005605936050415,0.0001425999362254,0.0002232331753475,550.956812,480.270977,5.0,180.0,-42.301559,-85.835487,-0.0,-22.249,-180.0,0.1074927300214767
0.285751461982727,0.000170522427652,0.0002621864550746,550.956812,480.270977,6.0,180.0,-42.301559,-85.835487,-0.0,-22.249,-180.0,0.1058409512042999
0.2417202144861221,0.0002075748343486,0.0002947915927506,550.956812,480.270977,7.0,180.0,-42.301559,-85.835487,-0.0,-22.249,-180.0,0.0852902308106422
0.2567163407802582,0.0002385697152931,0.0003604882222134,550.956812,480.270977,8.0,180.0,-42.301559,-85.835487,-0.0,-22.249,-180.0,0.1002735197544097
0.3147863447666168,0.0002196977293351,0.0003645574324764,550.956812,480.270977,9.0,180.0,-42.301559,-85.835487,-0.0,-22.249,-180.0,0.1128999516367912
0.3088011145591736,0.0002057715755654,0.0003311289474368,550.956812,480.270977,10.0,180.0,-42.301559,-85.835487,-0.0,-22.249,-180.0,0.0984262749552726
0.3201222717761993,0.0002294259902555,0.0003877842391375,550.956812,480.270977,11.0,180.0,-42.301559,-85.835487,-0.0,-22.249,-180.0,0.1053707376122474
0.2906627357006073,0.0002320140920346,0.0003673452010843,550.956812,480.270977,12.0,180.0,-42.301559,-85.835487,-0.0,-22.249,-180.0,0.095608003437519
0.2654656171798706,0.0003146576054859,0.0004877723404206,550.956812,480.270977,13.0,180.0,-42.301559,-85.835487,-0.0,-22.249,-180.0,0.097254641354084
0.3067018985748291,0.0002669427776709,0.0004458230105228,550.956812,480.270977,14.0,180.0,-42.301559,-85.835487,-0.0,-22.249,-180.0,0.0945471003651619
0.2800247371196747,0.0002863896661438,0.0004589936870615,550.956812,480.270977,15.0,180.0,-42.301559,-85.835487,-0.0,-22.249,-180.0,0.0868141204118728
0.2628501951694488,0.0003171419375576,0.0004915168974548,550.956812,480.270977,16.0,180.0,-42.301559,-85.835487,-0.0,-22.249,-180.0,0.0805442035198211
0.3215218782424927,0.0002654104027897,0.0004573812475427,550.956812,480.270977,17.0,180.0,-42.301559,-85.835487,-0.0,-22.249,-180.0,0.1051104962825775
0.2619768381118774,0.0003292052715551,0.0005247700028121,550.956812,480.270977,18.0,180.0,-42.301559,-85.835487,-0.0,-22.249,-180.0,0.0895429253578186
0.3429900705814361,0.00026401921059,0.0004822956689167,550.956812,480.270977,19.0,180.0,-42.301559,-85.835487,-0.0,-22.249,-180.0,0.1137212738394737
0.3301897048950195,9.25855347304605e-05,0.0001524903636891,550.956812,480.270977,0.0,180.0,-42.301559,-85.835487,-0.0,-22.268,-180.0,0.1381174921989441
0.3379395306110382,8.856254862621427e-05,0.0001487520639784,550.956812,480.270977,1.0,180.0,-42.301559,-85.835487,-0.0,-22.268,-180.0,0.1283235102891922
0.2583552896976471,0.0001396915904479,0.0001986758725252,550.956812,480.270977,2.0,180.0,-42.301559,-85.835487,-0.0,-22.268,-180.0,0.0978772342205047
0.2718833684921264,0.0001552260800963,0.0002373771567363,550.956812,480.270977,3.0,180.0,-42.301559,-85.835487,-0.0,-22.268,-180.0,0.1102936565876007
0.2536391615867615,0.0001822794438339,0.0002719657204579,550.956812,480.270977,4.0,180.0,-42.301559,-85.835487,-0.0,-22.268,-180.0,0.1091978251934051
0.2711904942989349,0.0001637048262637,0.0002495530352462,550.956812,480.270977,5.0,180.0,-42.301559,-85.835487,-0.0,-22.268,-180.0,0.110896959900856
0.3139699101448059,0.0001530072768218,0.0002537312393542,550.956812,480.270977,6.0,180.0,-42.301559,-85.835487,-0.0,-22.268,-180.0,0.1084169745445251
0.2099549472332,0.000231083278777,0.0003170334675814,550.956812,480.270977,7.0,180.0,-42.301559,-85.835487,-0.0,-22.268,-180.0,0.0730710253119468
0.2562022805213928,0.0002063715510303,0.0003051147796213,550.956812,480.270977,8.0,180.0,-42.301559,-85.835487,-0.0,-22.268,-180.0,0.0902987942099571
0.2819081544876098,0.0001980796514544,0.0003058344882447,550.956812,480.270977,9.0,180.0,-42.301559,-85.835487,-0.0,-22.268,-180.0,0.0935951620340347
0.2846814095973968,0.000244414579356,0.0003864621394313,550.956812,480.270977,10.0,180.0,-42.301559,-85.835487,-0.0,-22.268,-180.0,0.0977975651621818
0.2318886220455169,0.0002808355784509,0.000403550104238,550.956812,480.270977,11.0,180.0,-42.301559,-85.835487,-0.0,-22.268,-180.0,0.0776689127087593
0.3012748062610626,0.0002256448497064,0.0003763423010241,550.956812,480.270977,12.0,180.0,-42.301559,-85.835487,-0.0,-22.268,-180.0,0.0986799150705337
0.3052039444446563,0.0002382563834544,0.0004026059177704,550.956812,480.270977,13.0,180.0,-42.301559,-85.835487,-0.0,-22.268,-180.0,0.1034559234976768
0.3254282474517822,0.000224710223847,0.0003911223029717,550.956812,480.270977,14.0,180.0,-42.301559,-85.835487,-0.0,-22.268,-180.0,0.1012171357870101
0.2852427065372467,0.0002783764502964,0.0004518033820204,550.956812,480.270977,15.0,180.0,-42.301559,-85.835487,-0.0,-22.268,-180.0,0.0924240499734878
0.3528171479701996,0.0002215038985013,0.0004147478903178,550.956812,480.270977,16.0,180.0,-42.301559,-85.835487,-0.0,-22.268,-180.0,0.1106052622199058
0.3461225032806396,0.0002767655532807,0.0005054333014413,550.956812,480.270977,17.0,180.0,-42.301559,-85.835487,-0.0,-22.268,-180.0,0.1061634346842765
0.3579230904579162,0.0002770938153844,0.0005238559679128,550.956812,480.270977,18.0,180.0,-42.301559,-85.835487,-0.0,-22.268,-180.0,0.1147840768098831
0.3542912304401397,0.0002246727381134,0.0004240258713252,550.956812,480.270977,19.0,180.0,-42.301559,-85.835487,-0.0,-22.268,-180.0,0.1099671199917793
0.3248954713344574,8.763976074988022e-05,0.0001403728383593,550.956812,480.270977,0.0,180.0,-42.301559,-85.835487,-0.0,-22.262,-180.0,0.1312452256679535
0.3188604414463043,9.734958439366892e-05,0.0001539566146675,550.956812,480.270977,1.0,180.0,-42.301559,-85.835487,-0.0,-22.262,-180.0,0.1264155954122543
0.2917766571044922,0.0001323949545621,0.0002021159598371,550.956812,480.270977,2.0,180.0,-42.301559,-85.835487,-0.0,-22.262,-180.0,0.1115586459636688
0.3114603161811828,0.0001116152270697,0.0001766936475178,550.956812,480.270977,3.0,180.0,-42.301559,-85.835487,-0.0,-22.262,-180.0,0.1192379593849182
0.3210575878620147,0.00010836700676,0.0001749752991599,550.956812,480.270977,4.0,180.0,-42.301559,-85.835487,-0.0,-22.262,-180.0,0.1117078587412834
0.264906108379364,0.0001498947676736,0.0002178825379814,550.956812,480.270977,5.0,180.0,-42.301559,-85.835487,-0.0,-22.262,-180.0,0.0855751112103462
0.2675397098064422,0.0001942881499417,0.0002926157903857,550.956812,480.270977,6.0,180.0,-42.301559,-85.835487,-0.0,-22.262,-180.0,0.1018944010138511
0.2909680306911468,0.0002018355589825,0.0003102207265328,550.956812,480.270977,7.0,180.0,-42.301559,-85.835487,-0.0,-22.262,-180.0,0.108054332435131
0.2999685108661651,0.0001976615894818,0.0003142841160297,550.956812,480.270977,8.0,180.0,-42.301559,-85.835487,-0.0,-22.262,-180.0,0.1022833362221717
0.3422310948371887,0.0001861826749518,0.000325978238834,550.956812,480.270977,9.0,180.0,-42.301559,-85.835487,-0.0,-22.262,-180.0,0.1141212657094001
0.3078065812587738,0.0002405322302365,0.0004029932897537,550.956812,480.270977,10.0,180.0,-42.301559,-85.835487,-0.0,-22.262,-180.0,0.1010269150137901
0.2496990263462066,0.0002699022297747,0.0004055693862028,550.956812,480.270977,11.0,180.0,-42.301559,-85.835487,-0.0,-22.262,-180.0,0.090923860669136
0.3082014322280884,0.000214552055695,0.0003529701498337,550.956812,480.270977,12.0,180.0,-42.301559,-85.835487,-0.0,-22.262,-180.0,0.09832713752985
0.340253472328186,0.0002139447460649,0.0003814486553892,550.956812,480.270977,13.0,180.0,-42.301559,-85.835487,-0.0,-22.262,-180.0,0.1003983467817306
0.3310205340385437,0.0002588673960417,0.0004578381776809,550.956812,480.270977,14.0,180.0,-42.301559,-85.835487,-0.0,-22.262,-180.0,0.1059450134634971
0.3871646821498871,0.0002105809544445,0.0004164199635852,550.956812,480.270977,15.0,180.0,-42.301559,-85.835487,-0.0,-22.262,-180.0,0.114900916814804
0.3611761331558227,0.0002763495140243,0.0005132448859512,550.956812,480.270977,16.0,180.0,-42.301559,-85.835487,-0.0,-22.262,-180.0,0.1118559837341308
0.3303781151771545,0.0002528872573748,0.0004521507653407,550.956812,480.270977,17.0,180.0,-42.301559,-85.835487,-0.0,-22.262,-180.0,0.1014131158590316
0.2999532222747803,0.0003068875521421,0.0005190845113247,550.956812,480.270977,18.0,180.0,-42.301559,-85.835487,-0.0,-22.262,-180.0,0.1003921031951904
0.3348509073257446,0.0002651972754392,0.0004740956937894,550.956812,480.270977,19.0,180.0,-42.301559,-85.835487,-0.0,-22.262,-180.0,0.1006644517183303
0.3247233927249908,8.45510876388289e-05,0.0001356983120786,550.956812,480.270977,0.0,180.0,-42.301559,-85.835487,-0.0,-22.241,-180.0,0.1337723433971405
0.2954337298870086,0.0001075134787242,0.0001687154581304,550.956812,480.270977,1.0,180.0,-42.301559,-85.835487,-0.0,-22.241,-180.0,0.1234165728092193
0.2756797671318054,0.0001235027739312,0.0001801684120437,550.956812,480.270977,2.0,180.0,-42.301559,-85.835487,-0.0,-22.241,-180.0,0.1030879393219947
0.3377301096916199,0.000104780177935,0.0001799448073143,550.956812,480.270977,3.0,180.0,-42.301559,-85.835487,-0.0,-22.241,-180.0,0.1408810466527938
0.3327264785766601,0.0001213730065501,0.0002084327425109,550.956812,480.270977,4.0,180.0,-42.301559,-85.835487,-0.0,-22.241,-180.0,0.1129302009940147
0.2543054223060608,0.0001823018246795,0.0002702503406908,550.956812,480.270977,5.0,180.0,-42.301559,-85.835487,-0.0,-22.241,-180.0,0.0983508378267288
0.3209504783153534,0.000154631663463,0.0002685819636099,550.956812,480.270977,6.0,180.0,-42.301559,-85.835487,-0.0,-22.241,-180.0,0.1304909586906433
0.3151216804981231,0.0001496678742114,0.0002467657322995,550.956812,480.270977,7.0,180.0,-42.301559,-85.835487,-0.0,-22.241,-180.0,0.1101115494966507
0.3079774975776672,0.0001788525260053,0.0002972931542899,550.956812,480.270977,8.0,180.0,-42.301559,-85.835487,-0.0,-22.241,-180.0,0.1099553555250167
0.2978650331497192,0.0001924842654261,0.0003162968787364,550.956812,480.270977,9.0,180.0,-42.301559,-85.835487,-0.0,-22.241,-180.0,0.1037257686257362
0.2573859393596649,0.000261166220298,0.0003975038125645,550.956812,480.270977,10.0,180.0,-42.301559,-85.835487,-0.0,-22.241,-180.0,0.0786110088229179
0.2362882941961288,0.0002637219731695,0.000371245900169,550.956812,480.270977,11.0,180.0,-42.301559,-85.835487,-0.0,-22.241,-180.0,0.0819660872220993
0.2775661945343017,0.000252545956755,0.0004028988769277,550.956812,480.270977,12.0,180.0,-42.301559,-85.835487,-0.0,-22.241,-180.0,0.0899945572018623
0.3375777304172516,0.0002059438993455,0.0003661033115349,550.956812,480.270977,13.0,180.0,-42.301559,-85.835487,-0.0,-22.241,-180.0,0.1094526126980781
0.3005479574203491,0.0002526064636185,0.0004240586713422,550.956812,480.270977,14.0,180.0,-42.301559,-85.835487,-0.0,-22.241,-180.0,0.0919765532016754
0.2929283082485199,0.0002987488405779,0.0005045801517553,550.956812,480.270977,15.0,180.0,-42.301559,-85.835487,-0.0,-22.241,-180.0,0.0900554284453392
0.2763845920562744,0.0003064674965571,0.0005076353554613,550.956812,480.270977,16.0,180.0,-42.301559,-85.835487,-0.0,-22.241,-180.0,0.0886745080351829
0.2713935375213623,0.0002869222080335,0.0004687170439865,550.956812,480.270977,17.0,180.0,-42.301559,-85.835487,-0.0,-22.241,-180.0,0.086888201534748
0.2844961881637573,0.0003234096511732,0.0005435001803562,550.956812,480.270977,18.0,180.0,-42.301559,-85.835487,-0.0,-22.241,-180.0,0.0938698574900627
0.3671138882637024,0.0002264366048621,0.0004383185587357,550.956812,480.270977,19.0,180.0,-42.301559,-85.835487,-0.0,-22.241,-180.0,0.1201999261975288
0.2575002312660217,0.0001232849317602,0.0001770027884049,550.956812,480.270977,0.0,180.0,-42.301559,-85.835487,-0.0,-22.162,-180.0,0.1127180457115173
0.3099000453948974,0.0001266022736672,0.0002023901470238,550.956812,480.270977,1.0,180.0,-42.301559,-85.835487,-0.0,-22.162,-180.0,0.1329288184642791
0.2960402369499206,0.0001155529098468,0.0001790572714526,550.956812,480.270977,2.0,180.0,-42.301559,-85.835487,-0.0,-22.162,-180.0,0.1147357374429702
0.2877570390701294,0.0001294145331485,0.0001879410992842,550.956812,480.270977,3.0,180.0,-42.301559,-85.835487,-0.0,-22.162,-180.0,0.1024153977632522
0.3117562532424927,0.0001288100756937,0.0002097950637107,550.956812,480.270977,4.0,180.0,-42.301559,-85.835487,-0.0,-22.162,-180.0,0.1085456386208534
0.2267217636108398,0.000158118258696,0.0002124907041434,550.956812,480.270977,5.0,180.0,-42.301559,-85.835487,-0.0,-22.162,-180.0,0.0796639025211334
0.2419823408126831,0.0001885779201984,0.0002646430511958,550.956812,480.270977,6.0,180.0,-42.301559,-85.835487,-0.0,-22.162,-180.0,0.0918779969215393
0.2698684632778168,0.0001846247178036,0.0002778578200377,550.956812,480.270977,7.0,180.0,-42.301559,-85.835487,-0.0,-22.162,-180.0,0.0886597707867622
0.2962784469127655,0.0002165780169889,0.0003491059760563,550.956812,480.270977,8.0,180.0,-42.301559,-85.835487,-0.0,-22.162,-180.0,0.1107278242707252
0.3126520216464996,0.0001900946663226,0.0003201844519935,550.956812,480.270977,9.0,180.0,-42.301559,-85.835487,-0.0,-22.162,-180.0,0.112619400024414
0.3251951336860657,0.0001734357356326,0.0002989105705637,550.956812,480.270977,10.0,180.0,-42.301559,-85.835487,-0.0,-22.162,-180.0,0.1088077276945114
0.3439279794692993,0.0002248773380415,0.0004018872277811,550.956812,480.270977,11.0,180.0,-42.301559,-85.835487,-0.0,-22.162,-180.0,0.1160299330949783
0.3518004715442657,0.0002309881383553,0.000424580881372,550.956812,480.270977,12.0,180.0,-42.301559,-85.835487,-0.0,-22.162,-180.0,0.1169439628720283
0.2957838475704193,0.0002566936600487,0.000428787257988,550.956812,480.270977,13.0,180.0,-42.301559,-85.835487,-0.0,-22.162,-180.0,0.104608230292797
0.3402197957038879,0.0002394966722931,0.0004318953724578,550.956812,480.270977,14.0,180.0,-42.301559,-85.835487,-0.0,-22.162,-180.0,0.1145313903689384
0.3676771819591522,0.0002651640970725,0.0004995755152776,550.956812,480.270977,15.0,180.0,-42.301559,-85.835487,-0.0,-22.162,-180.0,0.1233291923999786
0.3591202199459076,0.000219182591536,0.0004107956192456,550.956812,480.270977,16.0,180.0,-42.301559,-85.835487,-0.0,-22.162,-180.0,0.1103372499346733
0.2897041141986847,0.0002924147702287,0.0004914262099191,550.956812,480.270977,17.0,180.0,-42.301559,-85.835487,-0.0,-22.162,-180.0,0.094643160700798
0.3107791543006897,0.0002655505086295,0.0004570131131913,550.956812,480.270977,18.0,180.0,-42.301559,-85.835487,-0.0,-22.162,-180.0,0.0968364924192428
0.3052094578742981,0.0002856294740922,0.0004918382037431,550.956812,480.270977,19.0,180.0,-42.301559,-85.835487,-0.0,-22.162,-180.0,0.1082292646169662
0.2608762681484222,0.0001227782049681,0.0001760192826623,550.956812,480.270977,0.0,180.0,-42.301559,-85.835487,-0.0,-22.162,-180.0,0.1114977449178695
0.2431687116622924,0.0001577309303684,0.0002232597616966,550.956812,480.270977,1.0,180.0,-42.301559,-85.835487,-0.0,-22.162,-180.0,0.1009503081440925
0.2946453094482422,0.0001340765302302,0.0002072298375423,550.956812,480.270977,2.0,180.0,-42.301559,-85.835487,-0.0,-22.162,-180.0,0.1110903099179267
0.3252912759780884,0.0001025191668304,0.0001611079060239,550.956812,480.270977,3.0,180.0,-42.301559,-85.835487,-0.0,-22.162,-180.0,0.1227732673287391
0.2736345529556274,0.000151619897224,0.0002219222660642,550.956812,480.270977,4.0,180.0,-42.301559,-85.835487,-0.0,-22.162,-180.0,0.1014441326260566
0.3403668105602264,0.0001331592502538,0.000232133155805,550.956812,480.270977,5.0,180.0,-42.301559,-85.835487,-0.0,-22.162,-180.0,0.1320791840553283
0.3030347228050232,0.0001366502401651,0.0002160446747438,550.956812,480.270977,6.0,180.0,-42.301559,-85.835487,-0.0,-22.162,-180.0,0.1051552593708038
0.2829296886920929,0.0001916016626637,0.0002974134404212,550.956812,480.270977,7.0,180.0,-42.301559,-85.835487,-0.0,-22.162,-180.0,0.0980704724788665
0.3091999590396881,0.0001934307947522,0.0003206474939361,550.956812,480.270977,8.0,180.0,-42.301559,-85.835487,-0.0,-22.162,-180.0,0.1124920472502708
0.2368523031473159,0.0001912460429593,0.000258544285316,550.956812,480.270977,9.0,180.0,-42.301559,-85.835487,-0.0,-22.162,-180.0,0.0776568427681922
0.3013125360012054,0.0002221383474534,0.0003640107170213,550.956812,480.270977,10.0,180.0,-42.301559,-85.835487,-0.0,-22.162,-180.0,0.0994186624884605
0.332728236913681,0.0001814837742131,0.0003151186101604,550.956812,480.270977,11.0,180.0,-42.301559,-85.835487,-0.0,-22.162,-180.0,0.1074929609894752
0.2899467349052429,0.0002225851640105,0.0003637855115812,550.956812,480.270977,12.0,180.0,-42.301559,-85.835487,-0.0,-22.162,-180.0,0.0924404934048652
0.344470739364624,0.0002015220379689,0.0003620820934884,550.956812,480.270977,13.0,180.0,-42.301559,-85.835487,-0.0,-22.162,-180.0,0.1140195205807685
0.3044646382331848,0.0002511605853214,0.0004206093435641,550.956812,480.270977,14.0,180.0,-42.301559,-85.835487,-0.0,-22.162,-180.0,0.0930583700537681
0.3009666204452514,0.000322507956298,0.0005495561053976,550.956812,480.270977,15.0,180.0,-42.301559,-85.835487,-0.0,-22.162,-180.0,0.1023398414254188
0.2929806113243103,0.0002542945730965,0.0004243653966113,550.956812,480.270977,16.0,180.0,-42.301559,-85.835487,-0.0,-22.162,-180.0,0.0957196801900863
0.3419663906097412,0.0002630055823829,0.0004775803245138,550.956812,480.270977,17.0,180.0,-42.301559,-85.835487,-0.0,-22.162,-180.0,0.1034401357173919
0.3501246273517608,0.0002765984972938,0.0005066872108727,550.956812,480.270977,18.0,180.0,-42.301559,-85.835487,-0.0,-22.162,-180.0,0.1115544587373733
0.337534636259079,0.0002525394083932,0.0004513960739132,550.956812,480.270977,19.0,180.0,-42.301559,-85.835487,-0.0,-22.162,-180.0,0.1088016927242279
0.3230698704719543,0.0001002505014184,0.0001613723143236,550.956812,480.270977,0.0,180.0,-42.301559,-85.835487,-0.0,-22.182,-180.0,0.1405436545610427
0.3114026486873626,0.000102473924926,0.0001609026949154,550.956812,480.270977,1.0,180.0,-42.301559,-85.835487,-0.0,-22.182,-180.0,0.1226936057209968
0.2555248141288757,0.000151628817548,0.0002090261841658,550.956812,480.270977,2.0,180.0,-42.301559,-85.835487,-0.0,-22.182,-180.0,0.0863792225718498
0.2430572509765625,0.0001472166914027,0.0002021079562837,550.956812,480.270977,3.0,180.0,-42.301559,-85.835487,-0.0,-22.182,-180.0,0.0922834798693656
0.294991672039032,0.0001265846804017,0.0001960363006219,550.956812,480.270977,4.0,180.0,-42.301559,-85.835487,-0.0,-22.182,-180.0,0.1067976355552673
0.251863032579422,0.0001921148941619,0.0002857133804354,550.956812,480.270977,5.0,180.0,-42.301559,-85.835487,-0.0,-22.182,-180.0,0.1021216362714767
0.2761653661727905,0.0001602075208211,0.0002367064298596,550.956812,480.270977,6.0,180.0,-42.301559,-85.835487,-0.0,-22.182,-180.0,0.1026085019111633
0.2872134149074554,0.0001673284568823,0.0002547394542489,550.956812,480.270977,7.0,180.0,-42.301559,-85.835487,-0.0,-22.182,-180.0,0.0916874483227729
0.2967658936977386,0.0001589575549587,0.0002539132547099,550.956812,480.270977,8.0,180.0,-42.301559,-85.835487,-0.0,-22.182,-180.0,0.1017171442508697
0.3179357051849365,0.0001698067062534,0.0002828762808348,550.956812,480.270977,9.0,180.0,-42.301559,-85.835487,-0.0,-22.182,-180.0,0.1025879085063934
0.2700081169605255,0.0002302337670698,0.0003525477659422,550.956812,480.270977,10.0,180.0,-42.301559,-85.835487,-0.0,-22.182,-180.0,0.088123582303524
0.2946043908596039,0.0002447979641146,0.0003933037514798,550.956812,480.270977,11.0,180.0,-42.301559,-85.835487,-0.0,-22.182,-180.0,0.0992369055747985
0.3037046194076538,0.0002082064311252,0.000339128106134,550.956812,480.270977,12.0,180.0,-42.301559,-85.835487,-0.0,-22.182,-180.0,0.0982159450650215
0.2928746044635772,0.0002825181582011,0.0004653142532333,550.956812,480.270977,13.0,180.0,-42.301559,-85.835487,-0.0,-22.182,-180.0,0.1004217714071273
0.2912460565567016,0.0002338214544579,0.0003734148922376,550.956812,480.270977,14.0,180.0,-42.301559,-85.835487,-0.0,-22.182,-180.0,0.0920730605721473
0.3249567747116089,0.0002979792770929,0.000518258602824,550.956812,480.270977,15.0,180.0,-42.301559,-85.835487,-0.0,-22.182,-180.0,0.1051755920052528
0.2720553278923034,0.0003437763371039,0.0005543496226891,550.956812,480.270977,16.0,180.0,-42.301559,-85.835487,-0.0,-22.182,-180.0,0.0935630872845649
0.3263500928878784,0.0002672825066838,0.000470396480523,550.956812,480.270977,17.0,180.0,-42.301559,-85.835487,-0.0,-22.182,-180.0,0.1122642904520034
0.303106814622879,0.0003129290125798,0.000529418233782,550.956812,480.270977,18.0,180.0,-42.301559,-85.835487,-0.0,-22.182,-180.0,0.0992084667086601
0.3485385179519653,0.0002708024403546,0.0004891947610303,550.956812,480.270977,19.0,180.0,-42.301559,-85.835487,-0.0,-22.182,-180.0,0.1163290217518806
0.3108140230178833,8.725850057089701e-05,0.0001321246381849,550.956812,480.270977,0.0,180.0,-42.301559,-85.835487,-0.0,-22.074,-180.0,0.1161146238446235
0.246532455086708,0.0001368280936731,0.0001899524941109,550.956812,480.270977,1.0,180.0,-42.301559,-85.835487,-0.0,-22.074,-180.0,0.1022725701332092
0.2810616791248321,0.0001427134848199,0.0002094371302518,550.956812,480.270977,2.0,180.0,-42.301559,-85.835487,-0.0,-22.074,-180.0,0.1268746554851532
0.3274147808551788,0.0001087802520487,0.0001802560000214,550.956812,480.270977,3.0,180.0,-42.301559,-85.835487,-0.0,-22.074,-180.0,0.1144071966409683
0.2595175504684448,0.0001847659732447,0.000278393184999,550.956812,480.270977,4.0,180.0,-42.301559,-85.835487,-0.0,-22.074,-180.0,0.099125288426876
0.3204211294651031,0.0001096628402592,0.0001792346010915,550.956812,480.270977,5.0,180.0,-42.301559,-85.835487,-0.0,-22.074,-180.0,0.1102983281016349
0.275892972946167,0.0001702508889138,0.0002603846660349,550.956812,480.270977,6.0,180.0,-42.301559,-85.835487,-0.0,-22.074,-180.0,0.0933203399181366
0.346084862947464,0.0001525086554465,0.0002677703741937,550.956812,480.270977,7.0,180.0,-42.301559,-85.835487,-0.0,-22.074,-180.0,0.1222532540559768
0.3253604471683502,0.0001562082761665,0.0002656875294633,550.956812,480.270977,8.0,180.0,-42.301559,-85.835487,-0.0,-22.074,-180.0,0.1113777086138725
0.3424449861049652,0.0001859744807006,0.0003244280524086,550.956812,480.270977,9.0,180.0,-42.301559,-85.835487,-0.0,-22.074,-180.0,0.1159264966845512
0.3023712635040283,0.0002133973466698,0.0003468504291959,550.956812,480.270977,10.0,180.0,-42.301559,-85.835487,-0.0,-22.074,-180.0,0.0974530279636383
0.2505198419094085,0.0002283340727444,0.0003363309660926,550.956812,480.270977,11.0,180.0,-42.301559,-85.835487,-0.0,-22.074,-180.0,0.0835404768586158
0.3607209324836731,0.000199145724764,0.0003715128696057,550.956812,480.270977,12.0,180.0,-42.301559,-85.835487,-0.0,-22.074,-180.0,0.123820275068283
0.3232447504997253,0.0002407706197118,0.0004204265133012,550.956812,480.270977,13.0,180.0,-42.301559,-85.835487,-0.0,-22.074,-180.0,0.1044577434659004
0.3103243112564087,0.0002621331950649,0.0004342572647146,550.956812,480.270977,14.0,180.0,-42.301559,-85.835487,-0.0,-22.074,-180.0,0.0937926173210144
0.2636909782886505,0.0002891356125473,0.0004485841782297,550.956812,480.270977,15.0,180.0,-42.301559,-85.835487,-0.0,-22.074,-180.0,0.0823076069355011
0.283903032541275,0.0003050911182072,0.0005003517726436,550.956812,480.270977,16.0,180.0,-42.301559,-85.835487,-0.0,-22.074,-180.0,0.0899348929524421
0.2936901748180389,0.0003009678039234,0.0005014917696826,550.956812,480.270977,17.0,180.0,-42.301559,-85.835487,-0.0,-22.074,-180.0,0.0981731638312339
0.3188352882862091,0.0002559166459832,0.0004402874910738,550.956812,480.270977,18.0,180.0,-42.301559,-85.835487,-0.0,-22.074,-180.0,0.1052775755524635
0.3290761709213257,0.0002632131800055,0.0004526951233856,550.956812,480.270977,19.0,180.0,-42.301559,-85.835487,-0.0,-22.074,-180.0,0.1166447252035141
0.2392001152038574,0.0001297234994126,0.0001731481897877,550.956812,480.270977,0.0,180.0,-42.301559,-85.835487,-0.0,-22.112,-180.0,0.1104002743959426
0.3027471899986267,0.0001256449468201,0.00019363440515,550.956812,480.270977,1.0,180.0,-42.301559,-85.835487,-0.0,-22.112,-180.0,0.1139031797647476
0.2589720487594604,0.0001551614695927,0.0002150747168343,550.956812,480.270977,2.0,180.0,-42.301559,-85.835487,-0.0,-22.112,-180.0,0.1039272397756576
0.2764874994754791,0.0001278992422157,0.0001908870617626,550.956812,480.270977,3.0,180.0,-42.301559,-85.835487,-0.0,-22.112,-180.0,0.1006207168102264
0.21682870388031,0.0001996204664465,0.0002728287945501,550.956812,480.270977,4.0,180.0,-42.301559,-85.835487,-0.0,-22.112,-180.0,0.0867597460746765
0.2173483520746231,0.0001920645299833,0.000252183934208,550.956812,480.270977,5.0,180.0,-42.301559,-85.835487,-0.0,-22.112,-180.0,0.0728803128004074
0.2074287831783294,0.0002559421118348,0.000344042899087,550.956812,480.270977,6.0,180.0,-42.301559,-85.835487,-0.0,-22.112,-180.0,0.0741697549819946
0.256549596786499,0.000182637348189,0.0002571446821093,550.956812,480.270977,7.0,180.0,-42.301559,-85.835487,-0.0,-22.112,-180.0,0.0863368511199951
0.2603681683540344,0.0002294394362252,0.00033706027898,550.956812,480.270977,8.0,180.0,-42.301559,-85.835487,-0.0,-22.112,-180.0,0.0900751501321792
0.2575540840625763,0.0002047008456429,0.0002931904164142,550.956812,480.270977,9.0,180.0,-42.301559,-85.835487,-0.0,-22.112,-180.0,0.0864873528480529
0.200215995311737,0.0002918467216659,0.0003897291899193,550.956812,480.270977,10.0,180.0,-42.301559,-85.835487,-0.0,-22.112,-180.0,0.0720676556229591
0.3173826336860657,0.000201574381208,0.000339837220963,550.956812,480.270977,11.0,180.0,-42.301559,-85.835487,-0.0,-22.112,-180.0,0.1021230667829513
0.2810197472572326,0.0002562911831773,0.0004130830639041,550.956812,480.270977,12.0,180.0,-42.301559,-85.835487,-0.0,-22.112,-180.0,0.0992067903280258
0.2700271606445312,0.0002746100071817,0.0004347133508417,550.956812,480.270977,13.0,180.0,-42.301559,-85.835487,-0.0,-22.112,-180.0,0.0881718471646308
0.253302663564682,0.0003001467557623,0.0004613462369889,550.956812,480.270977,14.0,180.0,-42.301559,-85.835487,-0.0,-22.112,-180.0,0.0833742916584014
0.2818671464920044,0.0002872366167139,0.0004666543682105,550.956812,480.270977,15.0,180.0,-42.301559,-85.835487,-0.0,-22.112,-180.0,0.0989493727684021
0.3532882034778595,0.0002611774834804,0.0004788763762917,550.956812,480.270977,16.0,180.0,-42.301559,-85.835487,-0.0,-22.112,-180.0,0.1209633946418762
0.3297948539257049,0.000259414082393,0.0004610082542058,550.956812,480.270977,17.0,180.0,-42.301559,-85.835487,-0.0,-22.112,-180.0,0.1031646728515625
0.2705175876617431,0.0003178059705533,0.0005101806018501,550.956812,480.270977,18.0,180.0,-42.301559,-85.835487,-0.0,-22.112,-180.0,0.0863929167389869
0.293899267911911,0.0003177315811626,0.000521395530086,550.956812,480.270977,19.0,180.0,-42.301559,-85.835487,-0.0,-22.112,-180.0,0.094205304980278
0.3007099628448486,9.736423089634628e-05,0.0001540680095786,550.956812,480.270977,0.0,180.0,-42.301559,-85.835487,-0.0,-22.048,-180.0,0.1351029723882675
0.3165162801742553,0.0001076839471352,0.0001760425220709,550.956812,480.270977,1.0,180.0,-42.301559,-85.835487,-0.0,-22.048,-180.0,0.131658062338829
0.3071832656860351,0.00010130800365,0.0001593916531419,550.956812,480.270977,2.0,180.0,-42.301559,-85.835487,-0.0,-22.048,-180.0,0.1086094602942466
0.3061449229717254,0.0001159655221272,0.0001847451494541,550.956812,480.270977,3.0,180.0,-42.301559,-85.835487,-0.0,-22.048,-180.0,0.1061386689543724
0.2863951921463012,0.000119305717817,0.0001740282750688,550.956812,480.270977,4.0,180.0,-42.301559,-85.835487,-0.0,-22.048,-180.0,0.0915875434875488
0.2316065579652786,0.0001836734300013,0.0002480904222466,550.956812,480.270977,5.0,180.0,-42.301559,-85.835487,-0.0,-22.048,-180.0,0.0869735702872276
0.2030290216207504,0.0002108101180056,0.0002782618394121,550.956812,480.270977,6.0,180.0,-42.301559,-85.835487,-0.0,-22.048,-180.0,0.0907682627439498
0.2446235120296478,0.0001983971887966,0.0002900906838476,550.956812,480.270977,7.0,180.0,-42.301559,-85.835487,-0.0,-22.048,-180.0,0.0859500989317894
0.2637771964073181,0.000234241320868,0.0003642726223915,550.956812,480.270977,8.0,180.0,-42.301559,-85.835487,-0.0,-22.048,-180.0,0.0937366262078285
0.238753467798233,0.000247799558565,0.0003607372927945,550.956812,480.270977,9.0,180.0,-42.301559,-85.835487,-0.0,-22.048,-180.0,0.0856344401836395
0.2372155040502548,0.0002339142811251,0.0003343617427162,550.956812,480.270977,10.0,180.0,-42.301559,-85.835487,-0.0,-22.048,-180.0,0.0875375345349311
0.3011948466300964,0.0002191876992583,0.0003646744880825,550.956812,480.270977,11.0,180.0,-42.301559,-85.835487,-0.0,-22.048,-180.0,0.104761965572834
0.3126629292964935,0.0002569492789916,0.0004335748380981,550.956812,480.270977,12.0,180.0,-42.301559,-85.835487,-0.0,-22.048,-180.0,0.1067598536610603
0.3090924918651581,0.0002665932988747,0.0004518992500379,550.956812,480.270977,13.0,180.0,-42.301559,-85.835487,-0.0,-22.048,-180.0,0.1025022491812706
0.2826815843582153,0.0003124113136436,0.00052240351215,550.956812,480.270977,14.0,180.0,-42.301559,-85.835487,-0.0,-22.048,-180.0,0.0995516031980514
0.3310043215751648,0.0002441294491291,0.0004368858062662,550.956812,480.270977,15.0,180.0,-42.301559,-85.835487,-0.0,-22.048,-180.0,0.1063610464334487
0.3143256604671478,0.0002811136364471,0.0004890031996183,550.956812,480.270977,16.0,180.0,-42.301559,-85.835487,-0.0,-22.048,-180.0,0.0993233174085617
0.2389074712991714,0.0002979998243972,0.0004485602257773,550.956812,480.270977,17.0,180.0,-42.301559,-85.835487,-0.0,-22.048,-180.0,0.0720696151256561
0.3111720085144043,0.0002572889497969,0.0004410642723087,550.956812,480.270977,18.0,180.0,-42.301559,-85.835487,-0.0,-22.048,-180.0,0.0991240516304969
0.2869746685028076,0.0002829433069564,0.000473758962471,550.956812,480.270977,19.0,180.0,-42.301559,-85.835487,-0.0,-22.048,-180.0,0.0930864885449409
0.2760320603847503,0.0001166481524705,0.0001690403005341,550.956812,480.270977,0.0,180.0,-42.301559,-85.835487,-0.0,-21.94,-180.0,0.1150367334485054
0.2595447897911072,0.0001411448174621,0.0002040327672148,550.956812,480.270977,1.0,180.0,-42.301559,-85.835487,-0.0,-21.94,-180.0,0.1146445944905281
0.2903221249580383,0.0001253087684744,0.0001931451261043,550.956812,480.270977,2.0,180.0,-42.301559,-85.835487,-0.0,-21.94,-180.0,0.1135939061641693
0.2814788222312927,0.0001298661227338,0.0001905221288325,550.956812,480.270977,3.0,180.0,-42.301559,-85.835487,-0.0,-21.94,-180.0,0.1004915460944175
0.3111172020435333,0.0001019445044221,0.0001597882946953,550.956812,480.270977,4.0,180.0,-42.301559,-85.835487,-0.0,-21.94,-180.0,0.1061352342367172
0.2705876529216766,0.000146301172208,0.0002148566418327,550.956812,480.270977,5.0,180.0,-42.301559,-85.835487,-0.0,-21.94,-180.0,0.0895497873425483
0.2243772745132446,0.0002184463228331,0.0002903840795625,550.956812,480.270977,6.0,180.0,-42.301559,-85.835487,-0.0,-21.94,-180.0,0.0842938125133514
0.2756152749061584,0.000163494478329,0.0002405578270554,550.956812,480.270977,7.0,180.0,-42.301559,-85.835487,-0.0,-21.94,-180.0,0.0885811820626258
0.2451137155294418,0.0001890093844849,0.0002604458422865,550.956812,480.270977,8.0,180.0,-42.301559,-85.835487,-0.0,-21.94,-180.0,0.0831154435873031
0.2348121255636215,0.0002341783983865,0.0003304650599602,550.956812,480.270977,9.0,180.0,-42.301559,-85.835487,-0.0,-21.94,-180.0,0.0809489786624908
0.2287584543228149,0.0002716392918955,0.0003775100340135,550.956812,480.270977,10.0,180.0,-42.301559,-85.835487,-0.0,-21.94,-180.0,0.0772931650280952
0.240177571773529,0.0002692876150831,0.0003855035465676,550.956812,480.270977,11.0,180.0,-42.301559,-85.835487,-0.0,-21.94,-180.0,0.0771064907312393
0.2677340805530548,0.0002925728913396,0.0004546249692793,550.956812,480.270977,12.0,180.0,-42.301559,-85.835487,-0.0,-21.94,-180.0,0.0882540121674537
0.3054833710193634,0.0002858916996046,0.0004786608333233,550.956812,480.270977,13.0,180.0,-42.301559,-85.835487,-0.0,-21.94,-180.0,0.1063002571463584
0.3152773976325989,0.0002275692822877,0.000383949954994,550.956812,480.270977,14.0,180.0,-42.301559,-85.835487,-0.0,-21.94,-180.0,0.1026559919118881
0.2847000360488891,0.0003010436485055,0.000490907637868,550.956812,480.270977,15.0,180.0,-42.301559,-85.835487,-0.0,-21.94,-180.0,0.0900989174842834
0.2838834822177887,0.0002729046391323,0.0004423005739226,550.956812,480.270977,16.0,180.0,-42.301559,-85.835487,-0.0,-21.94,-180.0,0.0902564078569412
0.3093036413192749,0.0002320132916793,0.0003946720389649,550.956812,480.270977,17.0,180.0,-42.301559,-85.835487,-0.0,-21.94,-180.0,0.0987811833620071
0.3545380532741546,0.0002336887700948,0.0004260747809894,550.956812,480.270977,18.0,180.0,-42.301559,-85.835487,-0.0,-21.94,-180.0,0.1115551963448524
0.28603595495224,0.0002729457628447,0.0004448281251825,550.956812,480.270977,19.0,180.0,-42.301559,-85.835487,-0.0,-21.94,-180.0,0.0967615917325019
0.2463742643594741,0.0001343766343779,0.0001819201861508,550.956812,480.270977,0.0,180.0,-42.301559,-85.835487,-0.0,-21.928,-180.0,0.0892594307661056
0.2416077405214309,0.0001379819441353,0.0001878731854958,550.956812,480.270977,1.0,180.0,-42.301559,-85.835487,-0.0,-21.928,-180.0,0.0977743715047836
0.2886489033699035,0.0001194397336803,0.0001741568557918,550.956812,480.270977,2.0,180.0,-42.301559,-85.835487,-0.0,-21.928,-180.0,0.1099317669868469
0.2501198053359985,0.000142822653288,0.0001992331235669,550.956812,480.270977,3.0,180.0,-42.301559,-85.835487,-0.0,-21.928,-180.0,0.0843676403164863
0.2482292205095291,0.0001582109252922,0.0002167644706787,550.956812,480.270977,4.0,180.0,-42.301559,-85.835487,-0.0,-21.928,-180.0,0.0881847962737083
0.2538295686244964,0.0001783839834388,0.0002513252256903,550.956812,480.270977,5.0,180.0,-42.301559,-85.835487,-0.0,-21.928,-180.0,0.0996048003435134
0.2830504477024078,0.0001416683953721,0.0002063334395643,550.956812,480.270977,6.0,180.0,-42.301559,-85.835487,-0.0,-21.928,-180.0,0.1029150113463401
0.3187402188777923,0.0001765923516359,0.0002877521037589,550.956812,480.270977,7.0,180.0,-42.301559,-85.835487,-0.0,-21.928,-180.0,0.1130110174417495
0.3302874267101288,0.0001924728276208,0.0003203963860869,550.956812,480.270977,8.0,180.0,-42.301559,-85.835487,-0.0,-21.928,-180.0,0.1068380177021026
0.245497316122055,0.0002143825549865,0.0003042894240934,550.956812,480.270977,9.0,180.0,-42.301559,-85.835487,-0.0,-21.928,-180.0,0.0824625119566917
0.2863978445529938,0.0001969760342035,0.0002983260783366,550.956812,480.270977,10.0,180.0,-42.301559,-85.835487,-0.0,-21.928,-180.0,0.0900663956999778
0.2664606869220733,0.000244879105594,0.0003666497068479,550.956812,480.270977,11.0,180.0,-42.301559,-85.835487,-0.0,-21.928,-180.0,0.0868388339877128
0.285893440246582,0.0002320597704965,0.0003597382747102,550.956812,480.270977,12.0,180.0,-42.301559,-85.835487,-0.0,-21.928,-180.0,0.0878885686397552
0.2531907558441162,0.0003007562190759,0.0004470143467187,550.956812,480.270977,13.0,180.0,-42.301559,-85.835487,-0.0,-21.928,-180.0,0.0892252177000045
0.2653919458389282,0.0002466229780111,0.000372328388039,550.956812,480.270977,14.0,180.0,-42.301559,-85.835487,-0.0,-21.928,-180.0,0.084752082824707
0.2577778697013855,0.0003014604153577,0.0004560574016068,550.956812,480.270977,15.0,180.0,-42.301559,-85.835487,-0.0,-21.928,-180.0,0.0867015048861503
0.2517188191413879,0.0002615308330859,0.0003891865781042,550.956812,480.270977,16.0,180.0,-42.301559,-85.835487,-0.0,-21.928,-180.0,0.08028145134449
0.2932100594043731,0.0002583206805866,0.0004172053595539,550.956812,480.270977,17.0,180.0,-42.301559,-85.835487,-0.0,-21.928,-180.0,0.0930316150188446
0.3281718492507934,0.0002409493899904,0.0004175363574177,550.956812,480.270977,18.0,180.0,-42.301559,-85.835487,-0.0,-21.928,-180.0,0.1056936755776405
0.3134378492832184,0.0003041303425561,0.0005149336066097,550.956812,480.270977,19.0,180.0,-42.301559,-85.835487,-0.0,-21.928,-180.0,0.109623946249485
0.2463437616825103,0.0001257645490113,0.0001720236614346,550.956812,480.270977,0.0,180.0,-42.301559,-85.835487,-0.0,-21.898,-180.0,0.0959466397762298
0.1737978756427765,0.0001828235690481,0.0002185859193559,550.956812,480.270977,1.0,180.0,-42.301559,-85.835487,-0.0,-21.898,-180.0,0.0667100846767425
0.2355059385299682,0.0001750673400238,0.0002434279012959,550.956812,480.270977,2.0,180.0,-42.301559,-85.835487,-0.0,-21.898,-180.0,0.0932020917534828
0.2898255288600921,0.0001349056256003,0.0002063581341644,550.956812,480.270977,3.0,180.0,-42.301559,-85.835487,-0.0,-21.898,-180.0,0.1137721985578537
0.2661685049533844,0.0001568171428516,0.0002287421375513,550.956812,480.270977,4.0,180.0,-42.301559,-85.835487,-0.0,-21.898,-180.0,0.0935512334108352
0.2222931981086731,0.0001969234290299,0.0002633548283483,550.956812,480.270977,5.0,180.0,-42.301559,-85.835487,-0.0,-21.898,-180.0,0.079320453107357
0.1979419887065887,0.0002386285341344,0.0003040223091375,550.956812,480.270977,6.0,180.0,-42.301559,-85.835487,-0.0,-21.898,-180.0,0.0672257840633392
0.275054007768631,0.0002213119878433,0.0003341359260957,550.956812,480.270977,7.0,180.0,-42.301559,-85.835487,-0.0,-21.898,-180.0,0.0989405065774917
0.3042300641536712,0.0001885373494587,0.0002964207087643,550.956812,480.270977,8.0,180.0,-42.301559,-85.835487,-0.0,-21.898,-180.0,0.1016535088419914
0.2621945142745971,0.0002190623490605,0.0003291722096037,550.956812,480.270977,9.0,180.0,-42.301559,-85.835487,-0.0,-21.898,-180.0,0.0897873565554618
0.241574540734291,0.00021725485567,0.0003076904977206,550.956812,480.270977,10.0,180.0,-42.301559,-85.835487,-0.0,-21.898,-180.0,0.0793888419866561
0.2787529230117798,0.0002287363313371,0.000352870178176,550.956812,480.270977,11.0,180.0,-42.301559,-85.835487,-0.0,-21.898,-180.0,0.0896930247545242
0.2300619333982467,0.0002594919642433,0.0003641019866336,550.956812,480.270977,12.0,180.0,-42.301559,-85.835487,-0.0,-21.898,-180.0,0.0800488218665123
0.3072819411754608,0.0002570272481534,0.0004208630416542,550.956812,480.270977,13.0,180.0,-42.301559,-85.835487,-0.0,-21.898,-180.0,0.108021967113018
0.3139234781265259,0.0002338656049687,0.0003857616393361,550.956812,480.270977,14.0,180.0,-42.301559,-85.835487,-0.0,-21.898,-180.0,0.099687211215496
0.2504173219203949,0.0002975706593133,0.0004572639008983,550.956812,480.270977,15.0,180.0,-42.301559,-85.835487,-0.0,-21.898,-180.0,0.0813183709979057
0.2297250032424926,0.0002982982550747,0.0004407903470564,550.956812,480.270977,16.0,180.0,-42.301559,-85.835487,-0.0,-21.898,-180.0,0.0706810876727104
0.2984787821769714,0.0002790085563901,0.0004552028258331,550.956812,480.270977,17.0,180.0,-42.301559,-85.835487,-0.0,-21.898,-180.0,0.1018995344638824
0.2797134518623352,0.0002519440895412,0.0004045666137244,550.956812,480.270977,18.0,180.0,-42.301559,-85.835487,-0.0,-21.898,-180.0,0.0924426615238189
0.2651096284389496,0.0003030730294995,0.0004822371993213,550.956812,480.270977,19.0,180.0,-42.301559,-85.835487,-0.0,-21.898,-180.0,0.0898924246430397
0.3013876974582672,9.045260230777784e-05,0.0001360479218419,550.956812,480.270977,0.0,180.0,-42.301559,-85.835487,-0.0,-21.885,-180.0,0.1173646822571754
0.316008597612381,0.0001033574080793,0.0001629311591386,550.956812,480.270977,1.0,180.0,-42.301559,-85.835487,-0.0,-21.885,-180.0,0.1263075321912765
0.3106484115123749,0.0001251421344932,0.000198390087462,550.956812,480.270977,2.0,180.0,-42.301559,-85.835487,-0.0,-21.885,-180.0,0.1253649741411209
0.3347151577472687,0.0001117763749789,0.0001868259569164,550.956812,480.270977,3.0,180.0,-42.301559,-85.835487,-0.0,-21.885,-180.0,0.124280035495758
0.2950865030288696,0.0001526280830148,0.00023608529591,550.956812,480.270977,4.0,180.0,-42.301559,-85.835487,-0.0,-21.885,-180.0,0.0993806570768356
0.2899302244186401,0.0001354568958049,0.0002012766490224,550.956812,480.270977,5.0,180.0,-42.301559,-85.835487,-0.0,-21.885,-180.0,0.1034038737416267
0.2690480947494507,0.0001609824248589,0.0002368119749007,550.956812,480.270977,6.0,180.0,-42.301559,-85.835487,-0.0,-21.885,-180.0,0.0908393859863281
0.2707298696041107,0.0001818398595787,0.0002606404596008,550.956812,480.270977,7.0,180.0,-42.301559,-85.835487,-0.0,-21.885,-180.0,0.0891135185956955
0.288281112909317,0.0001882736250991,0.0002924737054854,550.956812,480.270977,8.0,180.0,-42.301559,-85.835487,-0.0,-21.885,-180.0,0.0914129987359047
0.3232623636722564,0.0001825981744332,0.0003017512499354,550.956812,480.270977,9.0,180.0,-42.301559,-85.835487,-0.0,-21.885,-180.0,0.1067495122551918
0.3055030107498169,0.0001745843183016,0.000282633525785,550.956812,480.270977,10.0,180.0,-42.301559,-85.835487,-0.0,-21.885,-180.0,0.0966720283031463
0.3048095703125,0.0002256331936223,0.0003675332700368,550.956812,480.270977,11.0,180.0,-42.301559,-85.835487,-0.0,-21.885,-180.0,0.0983238965272903
0.3063767552375793,0.0002542347356211,0.000414902169723,550.956812,480.270977,12.0,180.0,-42.301559,-85.835487,-0.0,-21.885,-180.0,0.0991261228919029
0.3601983189582824,0.0001791121467249,0.0003221442457288,550.956812,480.270977,13.0,180.0,-42.301559,-85.835487,-0.0,-21.885,-180.0,0.1137172132730484
0.3266439735889435,0.0002287398674525,0.0003895734553225,550.956812,480.270977,14.0,180.0,-42.301559,-85.835487,-0.0,-21.885,-180.0,0.1050687730312347
0.3169027268886566,0.0002330132992938,0.0003925211785826,550.956812,480.270977,15.0,180.0,-42.301559,-85.835487,-0.0,-21.885,-180.0,0.1062903478741645
0.3340040445327759,0.0003055550041608,0.0005346146645024,550.956812,480.270977,16.0,180.0,-42.301559,-85.835487,-0.0,-21.885,-180.0,0.1085141599178314
0.2942806482315063,0.0002490054466761,0.0004040765052195,550.956812,480.270977,17.0,180.0,-42.301559,-85.835487,-0.0,-21.885,-180.0,0.0975418835878372
0.3079918920993805,0.0002622232132125,0.0004327334463596,550.956812,480.270977,18.0,180.0,-42.301559,-85.835487,-0.0,-21.885,-180.0,0.0970172882080078
0.3130038380622864,0.0002695799921639,0.0004486154648475,550.956812,480.270977,19.0,180.0,-42.301559,-85.835487,-0.0,-21.885,-180.0,0.1035635024309158
0.2608875036239624,0.0001112246536649,0.0001522511010989,550.956812,480.270977,0.0,180.0,-42.301559,-85.835487,-0.0,-21.812,-180.0,0.0927663594484329
0.300155758857727,9.265419794246554e-05,0.0001402134657837,550.956812,480.270977,1.0,180.0,-42.301559,-85.835487,-0.0,-21.812,-180.0,0.1093319728970527
0.2517486810684204,0.0001350476959487,0.0001915036555146,550.956812,480.270977,2.0,180.0,-42.301559,-85.835487,-0.0,-21.812,-180.0,0.0947677791118621
0.274016797542572,0.0001451725256629,0.000218729750486,550.956812,480.270977,3.0,180.0,-42.301559,-85.835487,-0.0,-21.812,-180.0,0.1088329404592514
0.2965934872627258,0.0001460281055187,0.0002257048763567,550.956812,480.270977,4.0,180.0,-42.301559,-85.835487,-0.0,-21.812,-180.0,0.1060293018817901
0.2518768012523651,0.0001859862532,0.0002653190749697,550.956812,480.270977,5.0,180.0,-42.301559,-85.835487,-0.0,-21.812,-180.0,0.0873103886842727
0.2797158062458038,0.0001515176845714,0.000227982236538,550.956812,480.270977,6.0,180.0,-42.301559,-85.835487,-0.0,-21.812,-180.0,0.1047822386026382
0.2874107658863067,0.0001671664795139,0.0002530560013838,550.956812,480.270977,7.0,180.0,-42.301559,-85.835487,-0.0,-21.812,-180.0,0.0968316718935966
0.289042055606842,0.0002187656064052,0.0003388638724572,550.956812,480.270977,8.0,180.0,-42.301559,-85.835487,-0.0,-21.812,-180.0,0.0992034152150154
0.2921108603477478,0.0001821957557694,0.0002863060508389,550.956812,480.270977,9.0,180.0,-42.301559,-85.835487,-0.0,-21.812,-180.0,0.0998824909329414
0.2355953454971313,0.000255364109762,0.000375147210434,550.956812,480.270977,10.0,180.0,-42.301559,-85.835487,-0.0,-21.812,-180.0,0.0744598880410194
0.2647514641284942,0.0002879454114008,0.0004446484090294,550.956812,480.270977,11.0,180.0,-42.301559,-85.835487,-0.0,-21.812,-180.0,0.0931352525949478
0.2811925113201141,0.0002064199215965,0.0003244838444516,550.956812,480.270977,12.0,180.0,-42.301559,-85.835487,-0.0,-21.812,-180.0,0.0993691831827163
0.2824479043483734,0.0002539496636018,0.0003983271017204,550.956812,480.270977,13.0,180.0,-42.301559,-85.835487,-0.0,-21.812,-180.0,0.089176245033741
0.274511456489563,0.000278077321127,0.0004370743699837,550.956812,480.270977,14.0,180.0,-42.301559,-85.835487,-0.0,-21.812,-180.0,0.0954487919807434
0.3101233243942261,0.0002443219418637,0.0004106703854631,550.956812,480.270977,15.0,180.0,-42.301559,-85.835487,-0.0,-21.812,-180.0,0.1064160764217376
0.2892487049102783,0.000312832853524,0.0005122719448991,550.956812,480.270977,16.0,180.0,-42.301559,-85.835487,-0.0,-21.812,-180.0,0.0996043607592582
0.3012445867061615,0.000253904989222,0.0004244785523042,550.956812,480.270977,17.0,180.0,-42.301559,-85.835487,-0.0,-21.812,-180.0,0.0965326279401779
0.2996611893177032,0.0002793182793539,0.0004604053101502,550.956812,480.270977,18.0,180.0,-42.301559,-85.835487,-0.0,-21.812,-180.0,0.1011454164981842
0.2887358367443084,0.0002490602491889,0.0004029187257401,550.956812,480.270977,19.0,180.0,-42.301559,-85.835487,-0.0,-21.812,-180.0,0.0967254713177681
0.2600855231285095,0.0001321742893196,0.0001901769137475,550.956812,480.270977,0.0,180.0,-42.301559,-85.835487,-0.0,-21.719,-180.0,0.1088812425732612
0.2103676199913025,0.0001504902611486,0.0001932544255396,550.956812,480.270977,1.0,180.0,-42.301559,-85.835487,-0.0,-21.719,-180.0,0.0818162560462951
0.274280309677124,0.000152938242536,0.0002226770156994,550.956812,480.270977,2.0,180.0,-42.301559,-85.835487,-0.0,-21.719,-180.0,0.1030147820711135
0.2436947077512741,0.0001629216421861,0.000220545916818,550.956812,480.270977,3.0,180.0,-42.301559,-85.835487,-0.0,-21.719,-180.0,0.0999751314520835
0.2944495677947998,0.0001291595544898,0.0002004976413445,550.956812,480.270977,4.0,180.0,-42.301559,-85.835487,-0.0,-21.719,-180.0,0.1049217507243156
0.275123655796051,0.0001754515251377,0.000262722140178,550.956812,480.270977,5.0,180.0,-42.301559,-85.835487,-0.0,-21.719,-180.0,0.0966026782989502
0.2557524442672729,0.0001994556223507,0.0002893633500207,550.956812,480.270977,6.0,180.0,-42.301559,-85.835487,-0.0,-21.719,-180.0,0.0958219170570373
0.313408613204956,0.0001478650665376,0.00024189427495,550.956812,480.270977,7.0,180.0,-42.301559,-85.835487,-0.0,-21.719,-180.0,0.1033783704042434
0.2611902952194214,0.000202958472073,0.0002898930688388,550.956812,480.270977,8.0,180.0,-42.301559,-85.835487,-0.0,-21.719,-180.0,0.085308589041233
0.2259724736213684,0.0002443707489874,0.0003488737274892,550.956812,480.270977,9.0,180.0,-42.301559,-85.835487,-0.0,-21.719,-180.0,0.071147434413433
0.2349056005477905,0.000268602714641,0.0003985090588685,550.956812,480.270977,10.0,180.0,-42.301559,-85.835487,-0.0,-21.719,-180.0,0.0762709826231002
0.2855232656002044,0.0002205823402618,0.0003515759890433,550.956812,480.270977,11.0,180.0,-42.301559,-85.835487,-0.0,-21.719,-180.0,0.0894536599516868
0.3198501169681549,0.0001808630331652,0.0003034303954336,550.956812,480.270977,12.0,180.0,-42.301559,-85.835487,-0.0,-21.719,-180.0,0.0984385386109352
0.2969811260700226,0.0002458344388287,0.0004026223032269,550.956812,480.270977,13.0,180.0,-42.301559,-85.835487,-0.0,-21.719,-180.0,0.0993101298809051
0.2976553738117218,0.0002700080513022,0.0004430563130881,550.956812,480.270977,14.0,180.0,-42.301559,-85.835487,-0.0,-21.719,-180.0,0.0874206945300102
0.2029742002487182,0.0003055723500438,0.0004259411944076,550.956812,480.270977,15.0,180.0,-42.301559,-85.835487,-0.0,-21.719,-180.0,0.065814770758152
0.2898056805133819,0.0002830131852533,0.0004698948469012,550.956812,480.270977,16.0,180.0,-42.301559,-85.835487,-0.0,-21.719,-180.0,0.0996825620532035
0.295195996761322,0.0002944509906228,0.0004909198614768,550.956812,480.270977,17.0,180.0,-42.301559,-85.835487,-0.0,-21.719,-180.0,0.1029491052031517
0.3571313619613647,0.0002555970568209,0.0004649851471185,550.956812,480.270977,18.0,180.0,-42.301559,-85.835487,-0.0,-21.719,-180.0,0.1147691160440445
0.3265818655490875,0.0002804402611218,0.0004924865206703,550.956812,480.270977,19.0,180.0,-42.301559,-85.835487,-0.0,-21.719,-180.0,0.1151684299111366
0.271727591753006,0.0001047580008162,0.0001512913731858,550.956812,480.270977,0.0,180.0,-42.301559,-85.835487,-0.0,-21.715,-180.0,0.1050411239266395
0.2816561460494995,0.0001109378936234,0.0001658741384744,550.956812,480.270977,1.0,180.0,-42.301559,-85.835487,-0.0,-21.715,-180.0,0.1102123633027076
0.2808797955513,0.0001274055684916,0.0001881523930933,550.956812,480.270977,2.0,180.0,-42.301559,-85.835487,-0.0,-21.715,-180.0,0.1057412177324295
0.2617587745189667,0.0001515815092716,0.0002154536487068,550.956812,480.270977,3.0,180.0,-42.301559,-85.835487,-0.0,-21.715,-180.0,0.0994854569435119
0.3033943772315979,0.0001327477075392,0.000205608565011,550.956812,480.270977,4.0,180.0,-42.301559,-85.835487,-0.0,-21.715,-180.0,0.1149308979511261
0.2791962921619415,0.0001563550176797,0.0002356118202442,550.956812,480.270977,5.0,180.0,-42.301559,-85.835487,-0.0,-21.715,-180.0,0.0976488590240478
0.2664863467216491,0.000213415158214,0.000328666268615,550.956812,480.270977,6.0,180.0,-42.301559,-85.835487,-0.0,-21.715,-180.0,0.1016638725996017
0.311066210269928,0.0001445007364964,0.000232408332522,550.956812,480.270977,7.0,180.0,-42.301559,-85.835487,-0.0,-21.715,-180.0,0.1019714176654815
0.2554573118686676,0.0001998153456952,0.0003016582631971,550.956812,480.270977,8.0,180.0,-42.301559,-85.835487,-0.0,-21.715,-180.0,0.0840098112821579
0.2087786793708801,0.0002376445190748,0.0003163859364576,550.956812,480.270977,9.0,180.0,-42.301559,-85.835487,-0.0,-21.715,-180.0,0.0700702220201492
0.2607713043689728,0.0002669449604582,0.0004113680915907,550.956812,480.270977,10.0,180.0,-42.301559,-85.835487,-0.0,-21.715,-180.0,0.0924418643116951
0.2174472361803054,0.0002677521842997,0.0003772707423195,550.956812,480.270977,11.0,180.0,-42.301559,-85.835487,-0.0,-21.715,-180.0,0.0688203126192092
0.2301246970891952,0.0002604592882562,0.000363813858712,550.956812,480.270977,12.0,180.0,-42.301559,-85.835487,-0.0,-21.715,-180.0,0.069918043911457
0.2337320297956466,0.0002923246938735,0.0004216550150886,550.956812,480.270977,13.0,180.0,-42.301559,-85.835487,-0.0,-21.715,-180.0,0.0816910341382026
0.3060061335563659,0.0002795435721054,0.0004639409598894,550.956812,480.270977,14.0,180.0,-42.301559,-85.835487,-0.0,-21.715,-180.0,0.1090890988707542
0.3081455528736114,0.0002705902152229,0.0004618527600541,550.956812,480.270977,15.0,180.0,-42.301559,-85.835487,-0.0,-21.715,-180.0,0.099987506866455
0.3309446573257446,0.0003080145397689,0.0005406202399171,550.956812,480.270977,16.0,180.0,-42.301559,-85.835487,-0.0,-21.715,-180.0,0.1125194951891899
0.3307311236858368,0.0002538689295761,0.0004493402084335,550.956812,480.270977,17.0,180.0,-42.301559,-85.835487,-0.0,-21.715,-180.0,0.1023820489645004
0.2809600532054901,0.0002936999080702,0.0004754780966322,550.956812,480.270977,18.0,180.0,-42.301559,-85.835487,-0.0,-21.715,-180.0,0.0893279239535331
0.3032562434673309,0.0002923335996456,0.0004894961602985,550.956812,480.270977,19.0,180.0,-42.301559,-85.835487,-0.0,-21.715,-180.0,0.1036751046776771
0.2634511291980743,0.0001207929381052,0.0001709662610664,550.956812,480.270977,0.0,180.0,-42.301559,-85.835487,-0.0,-21.64,-180.0,0.1098250225186348
0.2699804008007049,0.0001245600724359,0.0001758772850735,550.956812,480.270977,1.0,180.0,-42.301559,-85.835487,-0.0,-21.64,-180.0,0.0984517633914947
0.2804501056671142,0.0001355492131551,0.0002003313566092,550.956812,480.270977,2.0,180.0,-42.301559,-85.835487,-0.0,-21.64,-180.0,0.1034040078520774
0.3161140382289886,0.0001425389200448,0.0002297256869496,550.956812,480.270977,3.0,180.0,-42.301559,-85.835487,-0.0,-21.64,-180.0,0.1226008236408233
0.3053039610385895,0.000122629237012,0.0001923972740769,550.956812,480.270977,4.0,180.0,-42.301559,-85.835487,-0.0,-21.64,-180.0,0.1097412109375
0.3267382681369781,0.0001196381417685,0.0001994508929783,550.956812,480.270977,5.0,180.0,-42.301559,-85.835487,-0.0,-21.64,-180.0,0.1055603250861167
0.3169609010219574,0.0001425252703484,0.000232586680795,550.956812,480.270977,6.0,180.0,-42.301559,-85.835487,-0.0,-21.64,-180.0,0.1125315874814987
0.2905658483505249,0.00016815008712,0.0002640386810526,550.956812,480.270977,7.0,180.0,-42.301559,-85.835487,-0.0,-21.64,-180.0,0.1026568412780761
0.3234243094921112,0.0001837751769926,0.0003042060416191,550.956812,480.270977,8.0,180.0,-42.301559,-85.835487,-0.0,-21.64,-180.0,0.1080115288496017
0.2542586922645569,0.0002441272081341,0.0003556022420525,550.956812,480.270977,9.0,180.0,-42.301559,-85.835487,-0.0,-21.64,-180.0,0.0864782705903053
0.2637325227260589,0.0002310893323738,0.0003452290548011,550.956812,480.270977,10.0,180.0,-42.301559,-85.835487,-0.0,-21.64,-180.0,0.0926712229847908
0.3348049223423004,0.000180123897735,0.0003115384897682,550.956812,480.270977,11.0,180.0,-42.301559,-85.835487,-0.0,-21.64,-180.0,0.1089912503957748
0.2687025070190429,0.0002424790145596,0.0003732054610736,550.956812,480.270977,12.0,180.0,-42.301559,-85.835487,-0.0,-21.64,-180.0,0.0824740827083587
0.2826058268547058,0.000248657510383,0.0003931556711904,550.956812,480.270977,13.0,180.0,-42.301559,-85.835487,-0.0,-21.64,-180.0,0.0943539813160896
0.3440563678741455,0.0002331265131942,0.0004161328834015,550.956812,480.270977,14.0,180.0,-42.301559,-85.835487,-0.0,-21.64,-180.0,0.11025170981884
0.331264466047287,0.0002425314451102,0.0004231647762935,550.956812,480.270977,15.0,180.0,-42.301559,-85.835487,-0.0,-21.64,-180.0,0.1061845570802688
0.3576104044914245,0.0002272684505442,0.0004096420016139,550.956812,480.270977,16.0,180.0,-42.301559,-85.835487,-0.0,-21.64,-180.0,0.1139698922634124
0.3241007924079895,0.0002593956014607,0.0004510971775744,550.956812,480.270977,17.0,180.0,-42.301559,-85.835487,-0.0,-21.64,-180.0,0.1058240011334419
0.3166274726390838,0.0003012506931554,0.0005274502327665,550.956812,480.270977,18.0,180.0,-42.301559,-85.835487,-0.0,-21.64,-180.0,0.1090645790100097
0.3234719932079315,0.0002922535932157,0.0005195520352572,550.956812,480.270977,19.0,180.0,-42.301559,-85.835487,-0.0,-21.64,-180.0,0.1157076358795166
0.2738220989704132,0.0001014029767247,0.000144782999996,550.956812,480.270977,0.0,180.0,-42.301559,-85.835487,-0.0,-21.605,-180.0,0.1007867455482482
0.2585296332836151,0.0001194568976643,0.0001622035197215,550.956812,480.270977,1.0,180.0,-42.301559,-85.835487,-0.0,-21.605,-180.0,0.0886251479387283
0.3136726319789886,0.0001099229702958,0.0001711859222268,550.956812,480.270977,2.0,180.0,-42.301559,-85.835487,-0.0,-21.605,-180.0,0.1098816096782684
0.3247729539871216,9.335330105386674e-05,0.000149241197505,550.956812,480.270977,3.0,180.0,-42.301559,-85.835487,-0.0,-21.605,-180.0,0.110195592045784
0.2705532312393188,0.0001215283118654,0.0001700811844784,550.956812,480.270977,4.0,180.0,-42.301559,-85.835487,-0.0,-21.605,-180.0,0.0874151065945625
0.2326950430870056,0.0001620217080926,0.0002177216811105,550.956812,480.270977,5.0,180.0,-42.301559,-85.835487,-0.0,-21.605,-180.0,0.076933741569519
0.2738350927829742,0.0001683231384959,0.0002537720720283,550.956812,480.270977,6.0,180.0,-42.301559,-85.835487,-0.0,-21.605,-180.0,0.0906461551785469
0.1983594000339508,0.0002847583964467,0.0003806148597504,550.956812,480.270977,7.0,180.0,-42.301559,-85.835487,-0.0,-21.605,-180.0,0.0785446092486381
0.3399628400802612,0.0001445502275601,0.0002445292193442,550.956812,480.270977,8.0,180.0,-42.301559,-85.835487,-0.0,-21.605,-180.0,0.1059525683522224
0.2895928621292114,0.0002322846848983,0.000366762134945,550.956812,480.270977,9.0,180.0,-42.301559,-85.835487,-0.0,-21.605,-180.0,0.098766878247261
0.2714990973472595,0.0002185868070228,0.0003360970586072,550.956812,480.270977,10.0,180.0,-42.301559,-85.835487,-0.0,-21.605,-180.0,0.0911377519369125
0.3118520081043243,0.0001926491386257,0.000316243909765,550.956812,480.270977,11.0,180.0,-42.301559,-85.835487,-0.0,-21.605,-180.0,0.0972484573721885
0.271933764219284,0.0002557487168814,0.0003914576664101,550.956812,480.270977,12.0,180.0,-42.301559,-85.835487,-0.0,-21.605,-180.0,0.0820783451199531
0.2635335028171539,0.0002623730979394,0.0003943209303542,550.956812,480.270977,13.0,180.0,-42.301559,-85.835487,-0.0,-21.605,-180.0,0.0853914842009544
0.2839161455631256,0.0002749796549323,0.0004409511457197,550.956812,480.270977,14.0,180.0,-42.301559,-85.835487,-0.0,-21.605,-180.0,0.0847139358520507
0.2631941437721252,0.0002926062152255,0.0004503250238485,550.956812,480.270977,15.0,180.0,-42.301559,-85.835487,-0.0,-21.605,-180.0,0.0890416726469993
0.2566045522689819,0.0002842426474671,0.0004363431653473,550.956812,480.270977,16.0,180.0,-42.301559,-85.835487,-0.0,-21.605,-180.0,0.0835191905498504
0.3197358250617981,0.0002297777682542,0.000391375797335,550.956812,480.270977,17.0,180.0,-42.301559,-85.835487,-0.0,-21.605,-180.0,0.0966020971536636
0.2817286252975464,0.0003153363650199,0.0005152132944203,550.956812,480.270977,18.0,180.0,-42.301559,-85.835487,-0.0,-21.605,-180.0,0.0831684023141861
0.2312701940536499,0.0003211615839973,0.0004810254613403,550.956812,480.270977,19.0,180.0,-42.301559,-85.835487,-0.0,-21.605,-180.0,0.0717220976948738
0.2479064315557479,0.0001402599154971,0.0001878165494417,550.956812,480.270977,0.0,180.0,-42.301559,-85.835487,-0.0,-20.811,157.487,0.1073243990540504
0.2522610127925873,0.0001099266737583,0.000146679856698,550.956812,480.270977,1.0,180.0,-42.301559,-85.835487,-0.0,-20.811,157.487,0.0872207060456276
0.27654629945755,0.0001287366903852,0.0001869246043497,550.956812,480.270977,2.0,180.0,-42.301559,-85.835487,-0.0,-20.811,157.487,0.1118180304765701
0.2870835363864898,0.0001106104245991,0.0001628279715077,550.956812,480.270977,3.0,180.0,-42.301559,-85.835487,-0.0,-20.811,157.487,0.1089410707354545
0.2704012393951416,0.000144674690091,0.0002084560110233,550.956812,480.270977,4.0,180.0,-42.301559,-85.835487,-0.0,-20.811,157.487,0.1039144098758697
0.2333956509828567,0.0001758795551722,0.0002372534509049,550.956812,480.270977,5.0,180.0,-42.301559,-85.835487,-0.0,-20.811,157.487,0.0876553356647491
0.2503490746021271,0.0001832768321037,0.0002622323227114,550.956812,480.270977,6.0,180.0,-42.301559,-85.835487,-0.0,-20.811,157.487,0.0998946502804756
0.2750067412853241,0.0001620985567569,0.0002443156845401,550.956812,480.270977,7.0,180.0,-42.301559,-85.835487,-0.0,-20.811,157.487,0.1115996241569519
0.302437961101532,0.0001433459692634,0.0002283928770339,550.956812,480.270977,8.0,180.0,-42.301559,-85.835487,-0.0,-20.811,157.487,0.1148091778159141
0.2999525368213653,0.0001242851722054,0.0001967372809303,550.956812,480.270977,9.0,180.0,-42.301559,-85.835487,-0.0,-20.811,157.487,0.0967047587037086
0.2571074366569519,0.0002116956602549,0.0003086591605097,550.956812,480.270977,10.0,180.0,-42.301559,-85.835487,-0.0,-20.811,157.487,0.0891100689768791
0.3028470277786255,0.0001844118378357,0.0002971381763927,550.956812,480.270977,11.0,180.0,-42.301559,-85.835487,-0.0,-20.811,157.487,0.1062252223491668
0.2517539858818054,0.0002256679872516,0.0003295020142104,550.956812,480.270977,12.0,180.0,-42.301559,-85.835487,-0.0,-20.811,157.487,0.0910141393542289
0.2746430337429046,0.0001958980574272,0.0002968288608826,550.956812,480.270977,13.0,180.0,-42.301559,-85.835487,-0.0,-20.811,157.487,0.0977514386177063
0.2775638997554779,0.000213930310565,0.0003297986113466,550.956812,480.270977,14.0,180.0,-42.301559,-85.835487,-0.0,-20.811,157.487,0.0992276221513748
0.2788454890251159,0.0002102072176057,0.0003295979986432,550.956812,480.270977,15.0,180.0,-42.301559,-85.835487,-0.0,-20.811,157.487,0.0922275930643081
0.3118448555469513,0.0001522766106063,0.000249053700827,550.956812,480.270977,16.0,180.0,-42.301559,-85.835487,-0.0,-20.811,157.487,0.1031719967722892
0.3152282536029815,0.0002023490524152,0.0003367883036844,550.956812,480.270977,17.0,180.0,-42.301559,-85.835487,-0.0,-20.811,157.487,0.1048850268125534
0.2768610119819641,0.0001749801594996,0.000263717782218,550.956812,480.270977,18.0,180.0,-42.301559,-85.835487,-0.0,-20.811,157.487,0.0886187180876731
0.308601826429367,0.0001819750614231,0.0002952795766759,550.956812,480.270977,19.0,180.0,-42.301559,-85.835487,-0.0,-20.811,157.487,0.0980749130249023
0.1689127683639526,0.0004086328262928,0.0005239516613073,550.956812,480.270977,0.0,180.0,-42.301559,-85.835487,-0.0,-22.487,-91.958,0.0693963468074798
0.1556005924940109,0.0004522196250036,0.0005754850571975,550.956812,480.270977,1.0,180.0,-42.301559,-85.835487,-0.0,-22.487,-91.958,0.0647123605012893
0.1591872125864029,0.000589634058997,0.0007528628921136,550.956812,480.270977,2.0,180.0,-42.301559,-85.835487,-0.0,-22.487,-91.958,0.0729463696479797
0.167947843670845,0.0005574042443186,0.0007216438534669,550.956812,480.270977,3.0,180.0,-42.301559,-85.835487,-0.0,-22.487,-91.958,0.0730260014533996
0.153715431690216,0.0006109739188104,0.0007782319444231,550.956812,480.270977,4.0,180.0,-42.301559,-85.835487,-0.0,-22.487,-91.958,0.0675237625837326
0.1408270895481109,0.0006625311216339,0.000834914681036,550.956812,480.270977,5.0,180.0,-42.301559,-85.835487,-0.0,-22.487,-91.958,0.0594969280064106
0.1317798197269439,0.0007103899260982,0.0008953192736953,550.956812,480.270977,6.0,180.0,-42.301559,-85.835487,-0.0,-22.487,-91.958,0.062131255865097
0.1326654553413391,0.0008042929111979,0.0010192898334935,550.956812,480.270977,7.0,180.0,-42.301559,-85.835487,-0.0,-22.487,-91.958,0.0613284073770046
0.1165344938635826,0.0008320167544297,0.0010368326911702,550.956812,480.270977,8.0,180.0,-42.301559,-85.835487,-0.0,-22.487,-91.958,0.0518259182572364
0.0951571092009544,0.0009441179572604,0.0011598500423133,550.956812,480.270977,9.0,180.0,-42.301559,-85.835487,-0.0,-22.487,-91.958,0.0391622669994831
0.1328269839286804,0.0009379184339195,0.0011971157509833,550.956812,480.270977,10.0,180.0,-42.301559,-85.835487,-0.0,-22.487,-91.958,0.064426377415657
0.1439762562513351,0.0010185064747929,0.0013165206182748,550.956812,480.270977,11.0,180.0,-42.301559,-85.835487,-0.0,-22.487,-91.958,0.0749629661440849
0.0939119309186935,0.0010505038080736,0.001290732063353,550.956812,480.270977,12.0,180.0,-42.301559,-85.835487,-0.0,-22.487,-91.958,0.0384643822908401
0.1088457703590393,0.0010166327701881,0.0012686438858509,550.956812,480.270977,13.0,180.0,-42.301559,-85.835487,-0.0,-22.487,-91.958,0.0462452545762062
0.0788197517395019,0.0009201532811857,0.0011006689164787,550.956812,480.270977,14.0,180.0,-42.301559,-85.835487,-0.0,-22.487,-91.958,0.0313594453036785
0.0698433965444564,0.0010344206821173,0.0012449623318389,550.956812,480.270977,15.0,180.0,-42.301559,-85.835487,-0.0,-22.487,-91.958,0.0341925173997879
0.1164444163441658,0.0009970477549359,0.0012623656075447,550.956812,480.270977,16.0,180.0,-42.301559,-85.835487,-0.0,-22.487,-91.958,0.0573490299284458
0.1201177984476089,0.0009956199210137,0.0012652212753891,550.956812,480.270977,17.0,180.0,-42.301559,-85.835487,-0.0,-22.487,-91.958,0.0736347362399101
0.0671323835849762,0.0008015526109375,0.0009567372617311,550.956812,480.270977,18.0,180.0,-42.301559,-85.835487,-0.0,-22.487,-91.958,0.0311857145279645
0.0960598737001419,0.0009116911678574,0.0011366184335201,550.956812,480.270977,19.0,180.0,-42.301559,-85.835487,-0.0,-22.487,-91.958,0.0457363240420818
0.1305352747440338,0.0004494529275689,0.0005502548301592,550.956812,480.270977,0.0,180.0,-42.301559,-85.835487,0.0,-22.427,-87.938,0.0605347715318203
0.1652138531208038,0.0005834366893395,0.0007660464034415,550.956812,480.270977,1.0,180.0,-42.301559,-85.835487,0.0,-22.427,-87.938,0.086852490901947
0.1659278124570846,0.0006128363893367,0.0008036521612666,550.956812,480.270977,2.0,180.0,-42.301559,-85.835487,0.0,-22.427,-87.938,0.0862285792827606
0.1661246418952942,0.0006414355593733,0.0008482207194902,550.956812,480.270977,3.0,180.0,-42.301559,-85.835487,0.0,-22.427,-87.938,0.0874568298459053
0.1569540202617645,0.0006181509234011,0.0008031037286855,550.956812,480.270977,4.0,180.0,-42.301559,-85.835487,0.0,-22.427,-87.938,0.0768435299396514
0.1443599164485931,0.000731440319214,0.0009423369192518,550.956812,480.270977,5.0,180.0,-42.301559,-85.835487,0.0,-22.427,-87.938,0.0735298171639442
0.1383609920740127,0.0007740490254946,0.0009962995536625,550.956812,480.270977,6.0,180.0,-42.301559,-85.835487,0.0,-22.427,-87.938,0.0683928877115249
0.1112269684672355,0.0010143952677026,0.0012700601946562,550.956812,480.270977,7.0,180.0,-42.301559,-85.835487,0.0,-22.427,-87.938,0.0600147731602191
0.1223025545477867,0.0009709545993246,0.0012325651478022,550.956812,480.270977,8.0,180.0,-42.301559,-85.835487,0.0,-22.427,-87.938,0.0680511593818664
0.1043032854795456,0.0010593336774036,0.0013117366470396,550.956812,480.270977,9.0,180.0,-42.301559,-85.835487,0.0,-22.427,-87.938,0.0561039336025714
0.1076062470674514,0.0010441675549373,0.0013030347181484,550.956812,480.270977,10.0,180.0,-42.301559,-85.835487,0.0,-22.427,-87.938,0.0568996667861938
0.1256557703018188,0.0010474352166056,0.0013381636235862,550.956812,480.270977,11.0,180.0,-42.301559,-85.835487,0.0,-22.427,-87.938,0.0722651705145835
0.1103971451520919,0.0010074871825054,0.0012602924834936,550.956812,480.270977,12.0,180.0,-42.301559,-85.835487,0.0,-22.427,-87.938,0.0603509247303009
0.0852514058351516,0.0010293894447386,0.0012489865766838,550.956812,480.270977,13.0,180.0,-42.301559,-85.835487,0.0,-22.427,-87.938,0.0364531688392162
0.1223579347133636,0.0009532268159091,0.0012217866024002,550.956812,480.270977,14.0,180.0,-42.301559,-85.835487,0.0,-22.427,-87.938,0.0708153843879699
0.1199922338128089,0.0010085953399538,0.0012799890246242,550.956812,480.270977,15.0,180.0,-42.301559,-85.835487,0.0,-22.427,-87.938,0.0676661431789398
0.1247339472174644,0.0010111307492479,0.0012904751347377,550.956812,480.270977,16.0,180.0,-42.301559,-85.835487,0.0,-22.427,-87.938,0.0725690349936485
0.1162217557430267,0.0009443183080293,0.0011966335587203,550.956812,480.270977,17.0,180.0,-42.301559,-85.835487,0.0,-22.427,-87.938,0.0640105903148651
0.1193626895546913,0.000901746621821,0.0011533305514603,550.956812,480.270977,18.0,180.0,-42.301559,-85.835487,0.0,-22.427,-87.938,0.0694395750761032
0.1197091862559318,0.0008587259799242,0.0010948914568871,550.956812,480.270977,19.0,180.0,-42.301559,-85.835487,0.0,-22.427,-87.938,0.0668026059865951
0.1389501839876175,0.0006339336978271,0.0008053313358686,550.956812,480.270977,0.0,180.0,-42.301559,-85.835487,-0.0,-19.413,14.224,0.0775882750749588
0.1203140243887901,0.000898455735296,0.0011360448552295,550.956812,480.270977,1.0,180.0,-42.301559,-85.835487,-0.0,-19.413,14.224,0.0703886002302169
0.1070198267698288,0.0007793969125486,0.0009541975450702,550.956812,480.270977,2.0,180.0,-42.301559,-85.835487,-0.0,-19.413,14.224,0.0576021559536457
0.1337312906980514,0.0007530316943302,0.0009690707083791,550.956812,480.270977,3.0,180.0,-42.301559,-85.835487,-0.0,-19.413,14.224,0.069032646715641
0.1818462312221527,0.000754663196858,0.0010415310971438,550.956812,480.270977,4.0,180.0,-42.301559,-85.835487,-0.0,-19.413,14.224,0.0919991284608841
0.1846150010824203,0.0008174878312274,0.001132711302489,550.956812,480.270977,5.0,180.0,-42.301559,-85.835487,-0.0,-19.413,14.224,0.0932888612151146
0.1611305177211761,0.0006804203731007,0.0009225148241966,550.956812,480.270977,6.0,180.0,-42.301559,-85.835487,-0.0,-19.413,14.224,0.0751235261559486
0.1477806270122528,0.0007000854820944,0.0009172665304504,550.956812,480.270977,7.0,180.0,-42.301559,-85.835487,-0.0,-19.413,14.224,0.071046195924282
0.1592501699924469,0.0006746625876985,0.0008865103009156,550.956812,480.270977,8.0,180.0,-42.301559,-85.835487,-0.0,-19.413,14.224,0.075418971478939
0.1561473906040191,0.0006673682946711,0.0008692850824445,550.956812,480.270977,9.0,180.0,-42.301559,-85.835487,-0.0,-19.413,14.224,0.0782511308789253
0.1571240127086639,0.0005863652913831,0.0007564420811831,550.956812,480.270977,10.0,180.0,-42.301559,-85.835487,-0.0,-19.413,14.224,0.0723599269986152
0.1425637006759643,0.0005310805281624,0.0006735186325386,550.956812,480.270977,11.0,180.0,-42.301559,-85.835487,-0.0,-19.413,14.224,0.0629879981279373
0.1593087911605835,0.0005151962395757,0.0006569662946276,550.956812,480.270977,12.0,180.0,-42.301559,-85.835487,-0.0,-19.413,14.224,0.0673113465309143
0.1875890344381332,0.000424849364208,0.0005564271705225,550.956812,480.270977,13.0,180.0,-42.301559,-85.835487,-0.0,-19.413,14.224,0.0854238867759704
0.1803574413061142,0.000423439516453,0.0005450051976367,550.956812,480.270977,14.0,180.0,-42.301559,-85.835487,-0.0,-19.413,14.224,0.0769652351737022
0.183087483048439,0.0003372374048922,0.0004305753973312,550.956812,480.270977,15.0,180.0,-42.301559,-85.835487,-0.0,-19.413,14.224,0.0746500939130783
0.1836312711238861,0.0002863316622097,0.0003611622669268,550.956812,480.270977,16.0,180.0,-42.301559,-85.835487,-0.0,-19.413,14.224,0.0669774487614631
0.2323116511106491,0.0002864628622774,0.0003814382071141,550.956812,480.270977,17.0,180.0,-42.301559,-85.835487,-0.0,-19.413,14.224,0.0919202268123626
0.2220015674829483,0.0002790042781271,0.0003651535371318,550.956812,480.270977,18.0,180.0,-42.301559,-85.835487,-0.0,-19.413,14.224,0.0870876535773277
0.2500104904174804,0.0002169040963053,0.0002904144930653,550.956812,480.270977,19.0,180.0,-42.301559,-85.835487,-0.0,-19.413,14.224,0.0971963331103324
0.0732007771730423,0.0009133339626714,0.0010618340456858,550.956812,480.270977,0.0,180.0,-42.301559,-85.835487,0.0,-19.842,-0.0,0.0599246136844158
0.0638492330908775,0.0008503449498675,0.0009759603999555,550.956812,480.270977,1.0,180.0,-42.301559,-85.835487,0.0,-19.842,-0.0,0.0481667146086692
0.0808030888438224,0.0008304751827381,0.0009775679791346,550.956812,480.270977,2.0,180.0,-42.301559,-85.835487,0.0,-19.842,-0.0,0.0491029694676399
0.1022148132324218,0.0009254132164642,0.0011431745951995,550.956812,480.270977,3.0,180.0,-42.301559,-85.835487,0.0,-19.842,-0.0,0.0586566217243671
0.1371809095144271,0.000735146109946,0.0009502494940534,550.956812,480.270977,4.0,180.0,-42.301559,-85.835487,0.0,-19.842,-0.0,0.0671378597617149
0.1427728980779647,0.0007582890102639,0.0010144917760044,550.956812,480.270977,5.0,180.0,-42.301559,-85.835487,0.0,-19.842,-0.0,0.0603849738836288
0.2615211606025696,0.0006696715136058,0.001116820028983,550.956812,480.270977,6.0,180.0,-42.301559,-85.835487,0.0,-19.842,-0.0,0.108834721148014
0.3111855983734131,0.0006399475969374,0.0011481951223686,550.956812,480.270977,7.0,180.0,-42.301559,-85.835487,0.0,-19.842,-0.0,0.1492815166711807
0.3012565076351166,0.0006676368648186,0.0011860743397846,550.956812,480.270977,8.0,180.0,-42.301559,-85.835487,0.0,-19.842,-0.0,0.147831842303276
0.2976874113082886,0.000623513944447,0.0010987501591444,550.956812,480.270977,9.0,180.0,-42.301559,-85.835487,0.0,-19.842,-0.0,0.1374380737543106
0.2908109426498413,0.0005843418184667,0.0010113035095855,550.956812,480.270977,10.0,180.0,-42.301559,-85.835487,0.0,-19.842,-0.0,0.1294478923082351
0.2898823916912079,0.0004585648712236,0.0008061668486334,550.956812,480.270977,11.0,180.0,-42.301559,-85.835487,0.0,-19.842,-0.0,0.1206642836332321
0.258051723241806,0.0004346745554357,0.0007234505028463,550.956812,480.270977,12.0,180.0,-42.301559,-85.835487,0.0,-19.842,-0.0,0.1059233248233795
0.2745767831802368,0.0005160130094736,0.0008796387119218,550.956812,480.270977,13.0,180.0,-42.301559,-85.835487,0.0,-19.842,-0.0,0.1296135932207107
0.3057025969028473,0.0004524730029515,0.0007983355899341,550.956812,480.270977,14.0,180.0,-42.301559,-85.835487,0.0,-19.842,-0.0,0.137862280011177
0.277349442243576,0.0004040247877128,0.0006959773600101,550.956812,480.270977,15.0,180.0,-42.301559,-85.835487,0.0,-19.842,-0.0,0.1272826194763183
0.2043879926204681,0.0004044631205033,0.0006107529043219,550.956812,480.270977,16.0,180.0,-42.301559,-85.835487,0.0,-19.842,-0.0,0.0839304700493812
0.3094314634799957,0.0003157753963023,0.000567901181057,550.956812,480.270977,17.0,180.0,-42.301559,-85.835487,0.0,-19.842,-0.0,0.1386066675186157
0.2388781011104583,0.0002985759638249,0.0004676513490267,550.956812,480.270977,18.0,180.0,-42.301559,-85.835487,0.0,-19.842,-0.0,0.1058767065405845
0.2632700204849243,0.0003359880356583,0.0005633953842334,550.956812,480.270977,19.0,180.0,-42.301559,-85.835487,0.0,-19.842,-0.0,0.1238871589303016
0.1160134151577949,0.0008420328958891,0.0010505658574402,550.956812,480.270977,0.0,180.0,-42.301559,-85.835487,-0.0,-19.621,-0.0,0.0806941390037536
0.0858949869871139,0.0007906770915724,0.0009392914362251,550.956812,480.270977,1.0,180.0,-42.301559,-85.835487,-0.0,-19.621,-0.0,0.0533596128225326
0.1201951578259468,0.0008147519547492,0.0010123527608811,550.956812,480.270977,2.0,180.0,-42.301559,-85.835487,-0.0,-19.621,-0.0,0.0727938488125801
0.129891961812973,0.0008546600001864,0.0011033061891794,550.956812,480.270977,3.0,180.0,-42.301559,-85.835487,-0.0,-19.621,-0.0,0.0692762359976768
0.1325638592243194,0.0008113392395898,0.0010441180784255,550.956812,480.270977,4.0,180.0,-42.301559,-85.835487,-0.0,-19.621,-0.0,0.0704560503363609
0.1454423815011978,0.0008171261870302,0.0011040589306503,550.956812,480.270977,5.0,180.0,-42.301559,-85.835487,-0.0,-19.621,-0.0,0.0662078931927681
0.1421366035938263,0.0007269310881383,0.0009740167879499,550.956812,480.270977,6.0,180.0,-42.301559,-85.835487,-0.0,-19.621,-0.0,0.0521946139633655
0.2060320973396301,0.0008613390964455,0.0012796091614291,550.956812,480.270977,7.0,180.0,-42.301559,-85.835487,-0.0,-19.621,-0.0,0.0978605821728706
0.2033353000879287,0.0007816438446752,0.0011614061659201,550.956812,480.270977,8.0,180.0,-42.301559,-85.835487,-0.0,-19.621,-0.0,0.0989278629422187
0.1991649121046066,0.0006809578626416,0.0010034742299467,550.956812,480.270977,9.0,180.0,-42.301559,-85.835487,-0.0,-19.621,-0.0,0.0910735726356506
0.1792260557413101,0.0007020743796601,0.0010050494456663,550.956812,480.270977,10.0,180.0,-42.301559,-85.835487,-0.0,-19.621,-0.0,0.0779422596096992
0.1904652714729309,0.0004865239898208,0.0006980741745792,550.956812,480.270977,11.0,180.0,-42.301559,-85.835487,-0.0,-19.621,-0.0,0.0667780414223671
0.2230397760868072,0.0005747165996581,0.0008724136860109,550.956812,480.270977,12.0,180.0,-42.301559,-85.835487,-0.0,-19.621,-0.0,0.1051316633820533
0.2088282704353332,0.000469482387416,0.0006921530002728,550.956812,480.270977,13.0,180.0,-42.301559,-85.835487,-0.0,-19.621,-0.0,0.0963764563202858
0.2559591233730316,0.0004605629947036,0.0007247103494592,550.956812,480.270977,14.0,180.0,-42.301559,-85.835487,-0.0,-19.621,-0.0,0.1215440779924392
0.1891508549451828,0.000490857695695,0.0007039555348455,550.956812,480.270977,15.0,180.0,-42.301559,-85.835487,-0.0,-19.621,-0.0,0.0904224216938018
0.2146231085062027,0.0003673498576972,0.0005399321089498,550.956812,480.270977,16.0,180.0,-42.301559,-85.835487,-0.0,-19.621,-0.0,0.0899654552340507
0.2295869886875152,0.0003263877297285,0.0004869373224209,550.956812,480.270977,17.0,180.0,-42.301559,-85.835487,-0.0,-19.621,-0.0,0.1007808670401573
0.2719535827636719,0.0003079060697928,0.000482702627778,550.956812,480.270977,18.0,180.0,-42.301559,-85.835487,-0.0,-19.621,-0.0,0.1231469213962555
0.2695743441581726,0.0002834030310623,0.000446878519142,550.956812,480.270977,19.0,180.0,-42.301559,-85.835487,-0.0,-19.621,-0.0,0.12787626683712
0.1146194487810134,0.0007540687802247,0.0009410174097865,550.956812,480.270977,0.0,180.0,-42.301559,-85.835487,-0.0,-19.578,-0.0,0.0681460201740264
0.1239034906029701,0.000816625310108,0.0010311043588444,550.956812,480.270977,1.0,180.0,-42.301559,-85.835487,-0.0,-19.578,-0.0,0.0773283168673515
0.1144936755299568,0.000808167620562,0.0010115605546161,550.956812,480.270977,2.0,180.0,-42.301559,-85.835487,-0.0,-19.578,-0.0,0.0715000554919242
0.1117429509758949,0.0008635178091935,0.0010787827195599,550.956812,480.270977,3.0,180.0,-42.301559,-85.835487,-0.0,-19.578,-0.0,0.0745753571391105
0.1304118186235427,0.0008658063597977,0.0011192478705197,550.956812,480.270977,4.0,180.0,-42.301559,-85.835487,-0.0,-19.578,-0.0,0.0740856230258941
0.1611251384019851,0.0008968099718913,0.0012229845160618,550.956812,480.270977,5.0,180.0,-42.301559,-85.835487,-0.0,-19.578,-0.0,0.0912739336490631
0.1569783240556717,0.0008098150137811,0.0011225483613088,550.956812,480.270977,6.0,180.0,-42.301559,-85.835487,-0.0,-19.578,-0.0,0.0654718428850174
0.1810233294963836,0.0008193113608285,0.0011732232524082,550.956812,480.270977,7.0,180.0,-42.301559,-85.835487,-0.0,-19.578,-0.0,0.0870187953114509
0.2030310779809951,0.0008033193880692,0.0011898302473127,550.956812,480.270977,8.0,180.0,-42.301559,-85.835487,-0.0,-19.578,-0.0,0.1001118570566177
0.2154632210731506,0.0006636902689933,0.0009926569182425,550.956812,480.270977,9.0,180.0,-42.301559,-85.835487,-0.0,-19.578,-0.0,0.1054489538073539
0.2047659754753112,0.0006662082159891,0.000982733326964,550.956812,480.270977,10.0,180.0,-42.301559,-85.835487,-0.0,-19.578,-0.0,0.1031474396586418
0.2008625864982605,0.0006352128111757,0.0009287992143072,550.956812,480.270977,11.0,180.0,-42.301559,-85.835487,-0.0,-19.578,-0.0,0.0900675654411315
0.214552104473114,0.0005387521814554,0.0008005559211596,550.956812,480.270977,12.0,180.0,-42.301559,-85.835487,-0.0,-19.578,-0.0,0.0950565040111541
0.2241470366716385,0.0005653782282024,0.0008443690603598,550.956812,480.270977,13.0,180.0,-42.301559,-85.835487,-0.0,-19.578,-0.0,0.1087163090705871
0.2402906566858291,0.0005238595767877,0.0008016821811906,550.956812,480.270977,14.0,180.0,-42.301559,-85.835487,-0.0,-19.578,-0.0,0.1141783148050308
0.2262602299451828,0.0004142742545809,0.0006178503972478,550.956812,480.270977,15.0,180.0,-42.301559,-85.835487,-0.0,-19.578,-0.0,0.1058757305145263
0.2241291552782058,0.0004265868628863,0.0006393297226168,550.956812,480.270977,16.0,180.0,-42.301559,-85.835487,-0.0,-19.578,-0.0,0.1091203317046165
0.2240607887506485,0.0003162219072692,0.0004717696574516,550.956812,480.270977,17.0,180.0,-42.301559,-85.835487,-0.0,-19.578,-0.0,0.0956478491425514
0.2436877489089965,0.0002464677090756,0.0003725885180756,550.956812,480.270977,18.0,180.0,-42.301559,-85.835487,-0.0,-19.578,-0.0,0.1065482646226883
0.2414996325969696,0.0002463063283357,0.0003720495733432,550.956812,480.270977,19.0,180.0,-42.301559,-85.835487,-0.0,-19.578,-0.0,0.1100818812847137
0.1238471567630767,0.0007666561286896,0.0009633090812712,550.956812,480.270977,0.0,180.0,-42.301559,-85.835487,0.0,-19.605,-0.0,0.0800665766000747
0.0955773293972015,0.000834601232782,0.0010187581647187,550.956812,480.270977,1.0,180.0,-42.301559,-85.835487,0.0,-19.605,-0.0,0.0656600520014762
0.1122136712074279,0.0008474756614305,0.0010541034862399,550.956812,480.270977,2.0,180.0,-42.301559,-85.835487,0.0,-19.605,-0.0,0.0688273087143898
0.1163821220397949,0.0009404093725606,0.0011894898489117,550.956812,480.270977,3.0,180.0,-42.301559,-85.835487,0.0,-19.605,-0.0,0.0712226554751396
0.1133708208799362,0.0008633288671262,0.001087051234208,550.956812,480.270977,4.0,180.0,-42.301559,-85.835487,0.0,-19.605,-0.0,0.0665531009435653
0.1308327168226242,0.000772189872805,0.0010037804022431,550.956812,480.270977,5.0,180.0,-42.301559,-85.835487,0.0,-19.605,-0.0,0.0593483820557594
0.1628396660089492,0.0007856904994696,0.0010952637530863,550.956812,480.270977,6.0,180.0,-42.301559,-85.835487,0.0,-19.605,-0.0,0.0771833211183548
0.1822884231805801,0.0007294897222891,0.0010406818473711,550.956812,480.270977,7.0,180.0,-42.301559,-85.835487,0.0,-19.605,-0.0,0.0847479030489921
0.1574205160140991,0.0007881557685323,0.0010919155320152,550.956812,480.270977,8.0,180.0,-42.301559,-85.835487,0.0,-19.605,-0.0,0.0751850977540016
0.1451134085655212,0.0006277060019783,0.0008452485781162,550.956812,480.270977,9.0,180.0,-42.301559,-85.835487,0.0,-19.605,-0.0,0.0551588423550128
0.1828574389219284,0.0007207307498902,0.0010195137001574,550.956812,480.270977,10.0,180.0,-42.301559,-85.835487,0.0,-19.605,-0.0,0.0914575383067131
0.1842005103826522,0.0006317339721135,0.0008976220269687,550.956812,480.270977,11.0,180.0,-42.301559,-85.835487,0.0,-19.605,-0.0,0.0879932790994644
0.1776322871446609,0.0005989634082652,0.0008385178516618,550.956812,480.270977,12.0,180.0,-42.301559,-85.835487,0.0,-19.605,-0.0,0.0868859216570854
0.1830524802207946,0.0005762238870374,0.0008139453711919,550.956812,480.270977,13.0,180.0,-42.301559,-85.835487,0.0,-19.605,-0.0,0.0891526713967323
0.1676125079393386,0.0004598954692482,0.0006350594921968,550.956812,480.270977,14.0,180.0,-42.301559,-85.835487,0.0,-19.605,-0.0,0.0754472091794014
0.1933922916650772,0.0004014784935861,0.0005713921855203,550.956812,480.270977,15.0,180.0,-42.301559,-85.835487,0.0,-19.605,-0.0,0.0868845209479332
0.2289854437112808,0.0003377325774636,0.0004926776164211,550.956812,480.270977,16.0,180.0,-42.301559,-85.835487,0.0,-19.605,-0.0,0.1040089800953865
0.2152235954999923,0.000353801093297,0.0005143869202584,550.956812,480.270977,17.0,180.0,-42.301559,-85.835487,0.0,-19.605,-0.0,0.1045267507433891
0.1974781155586242,0.0003142381901852,0.0004479676426853,550.956812,480.270977,18.0,180.0,-42.301559,-85.835487,0.0,-19.605,-0.0,0.0863814055919647
0.2438046634197235,0.0003043128817807,0.000448827369837,550.956812,480.270977,19.0,180.0,-42.301559,-85.835487,0.0,-19.605,-0.0,0.1116141676902771
0.1198579967021942,0.0008544398588128,0.0010728288907557,550.956812,480.270977,0.0,180.0,-42.301559,-85.835487,-0.0,-19.549,-0.0,0.0833521857857704
0.114703245460987,0.0009062124881893,0.0011327069951221,550.956812,480.270977,1.0,180.0,-42.301559,-85.835487,-0.0,-19.549,-0.0,0.0735524445772171
0.1131730005145073,0.0007815230055712,0.0009702806128188,550.956812,480.270977,2.0,180.0,-42.301559,-85.835487,-0.0,-19.549,-0.0,0.066359207034111
0.1064414009451866,0.0008383086533285,0.001038679620251,550.956812,480.270977,3.0,180.0,-42.301559,-85.835487,-0.0,-19.549,-0.0,0.0587880909442901
0.1100549474358558,0.0008197576389648,0.0010301027214154,550.956812,480.270977,4.0,180.0,-42.301559,-85.835487,-0.0,-19.549,-0.0,0.053913690149784
0.1368291974067688,0.0008124131709337,0.0010599992237985,550.956812,480.270977,5.0,180.0,-42.301559,-85.835487,-0.0,-19.549,-0.0,0.0698205456137657
0.1637787818908691,0.0008064792491495,0.0011129203485324,550.956812,480.270977,6.0,180.0,-42.301559,-85.835487,-0.0,-19.549,-0.0,0.0796116143465042
0.1473955959081649,0.0007661237614229,0.0010382124455645,550.956812,480.270977,7.0,180.0,-42.301559,-85.835487,-0.0,-19.549,-0.0,0.0670354068279266
0.1612324565649032,0.0007560090743936,0.0010374789126217,550.956812,480.270977,8.0,180.0,-42.301559,-85.835487,-0.0,-19.549,-0.0,0.0740515664219856
0.1680493205785751,0.0007481418433599,0.0010451435809955,550.956812,480.270977,9.0,180.0,-42.301559,-85.835487,-0.0,-19.549,-0.0,0.0807448774576187
0.1678143441677093,0.0006485113990493,0.0008975578821264,550.956812,480.270977,10.0,180.0,-42.301559,-85.835487,-0.0,-19.549,-0.0,0.0763027742505073
0.135654330253601,0.0005290401168167,0.000699944444932,550.956812,480.270977,11.0,180.0,-42.301559,-85.835487,-0.0,-19.549,-0.0,0.0481194928288459
0.2089631706476211,0.0004997292417101,0.0007295444374904,550.956812,480.270977,12.0,180.0,-42.301559,-85.835487,-0.0,-19.549,-0.0,0.0964099466800689
0.1981128752231598,0.0004383623600006,0.0006219369242899,550.956812,480.270977,13.0,180.0,-42.301559,-85.835487,-0.0,-19.549,-0.0,0.0859687402844429
0.2054109126329422,0.0004878518811892,0.000706139137037,550.956812,480.270977,14.0,180.0,-42.301559,-85.835487,-0.0,-19.549,-0.0,0.094710998237133
0.1763726472854614,0.0003875506808981,0.0005375387263484,550.956812,480.270977,15.0,180.0,-42.301559,-85.835487,-0.0,-19.549,-0.0,0.0690751299262046
0.2278098315000534,0.000298435712466,0.0004426079976838,550.956812,480.270977,16.0,180.0,-42.301559,-85.835487,-0.0,-19.549,-0.0,0.0945669710636138
0.2288431227207183,0.0003491628158371,0.0005183676839806,550.956812,480.270977,17.0,180.0,-42.301559,-85.835487,-0.0,-19.549,-0.0,0.1086817160248756
0.2246927320957183,0.0003451292868703,0.0005089145852252,550.956812,480.270977,18.0,180.0,-42.301559,-85.835487,-0.0,-19.549,-0.0,0.1006196960806846
0.2383830249309539,0.0002972122747451,0.0004397290176711,550.956812,480.270977,19.0,180.0,-42.301559,-85.835487,-0.0,-19.549,-0.0,0.1134097278118133
0.1030683815479278,0.000802582129836,0.0009780360851436,550.956812,480.270977,0.0,180.0,-42.301559,-85.835487,-0.0,-19.476,-0.0,0.0735370442271232
0.1033257842063903,0.0008823792450129,0.0010775832924991,550.956812,480.270977,1.0,180.0,-42.301559,-85.835487,-0.0,-19.476,-0.0,0.0749597772955894
0.0727510750293731,0.0007459828048013,0.0008728910470381,550.956812,480.270977,2.0,180.0,-42.301559,-85.835487,-0.0,-19.476,-0.0,0.0400992631912231
0.0944486409425735,0.0008780967327766,0.0010607336880639,550.956812,480.270977,3.0,180.0,-42.301559,-85.835487,-0.0,-19.476,-0.0,0.0525760166347026
0.1017283722758293,0.0007984629482962,0.0009790579788386,550.956812,480.270977,4.0,180.0,-42.301559,-85.835487,-0.0,-19.476,-0.0,0.0542513951659202
0.1334977149963379,0.0007474920130334,0.0009762977133505,550.956812,480.270977,5.0,180.0,-42.301559,-85.835487,-0.0,-19.476,-0.0,0.0548607148230075
0.2096613347530365,0.0008181555313058,0.0012298891087993,550.956812,480.270977,6.0,180.0,-42.301559,-85.835487,-0.0,-19.476,-0.0,0.0986034646630287
0.212718054652214,0.0007681217975914,0.0011645129416137,550.956812,480.270977,7.0,180.0,-42.301559,-85.835487,-0.0,-19.476,-0.0,0.0934079587459564
0.2276681959629058,0.0006230495637282,0.0009617371251806,550.956812,480.270977,8.0,180.0,-42.301559,-85.835487,-0.0,-19.476,-0.0,0.0970428436994552
0.2059258967638015,0.0006357303936965,0.0009610400302335,550.956812,480.270977,9.0,180.0,-42.301559,-85.835487,-0.0,-19.476,-0.0,0.0876364409923553
0.2236567735671997,0.0006425579776987,0.0009961397154256,550.956812,480.270977,10.0,180.0,-42.301559,-85.835487,-0.0,-19.476,-0.0,0.1003591939806938
0.2087021619081497,0.0005520152044482,0.00083730177721,550.956812,480.270977,11.0,180.0,-42.301559,-85.835487,-0.0,-19.476,-0.0,0.0906236097216606
0.2253719270229339,0.0005405424744822,0.000830422330182,550.956812,480.270977,12.0,180.0,-42.301559,-85.835487,-0.0,-19.476,-0.0,0.1066832616925239
0.2318968921899795,0.0005403302493505,0.0008336107712239,550.956812,480.270977,13.0,180.0,-42.301559,-85.835487,-0.0,-19.476,-0.0,0.1168936565518379
0.241045594215393,0.0004433598369359,0.0006925765192136,550.956812,480.270977,14.0,180.0,-42.301559,-85.835487,-0.0,-19.476,-0.0,0.1092562302947044
0.2463037371635437,0.0004241873393766,0.0006629838026128,550.956812,480.270977,15.0,180.0,-42.301559,-85.835487,-0.0,-19.476,-0.0,0.1122258752584457
0.2527381777763366,0.0003611987340264,0.0005687688244506,550.956812,480.270977,16.0,180.0,-42.301559,-85.835487,-0.0,-19.476,-0.0,0.1191437914967536
0.3040537238121032,0.0002678030286915,0.000451303058071,550.956812,480.270977,17.0,180.0,-42.301559,-85.835487,-0.0,-19.476,-0.0,0.1408587247133255
0.2270436435937881,0.0003231768787372,0.0004861786728724,550.956812,480.270977,18.0,180.0,-42.301559,-85.835487,-0.0,-19.476,-0.0,0.1062420532107353
0.2258562594652176,0.0002729030966293,0.000407035491662,550.956812,480.270977,19.0,180.0,-42.301559,-85.835487,-0.0,-19.476,-0.0,0.0953350290656089
0.1197492405772209,0.0007748869829811,0.0009570836555212,550.956812,480.270977,0.0,180.0,-42.301559,-85.835487,-0.0,-19.42,-0.0,0.0867036059498786
0.0987981036305427,0.0008257853914983,0.0009976834990084,550.956812,480.270977,1.0,180.0,-42.301559,-85.835487,-0.0,-19.42,-0.0,0.07000532746315
0.09200319647789,0.0008602495654486,0.0010280575370416,550.956812,480.270977,2.0,180.0,-42.301559,-85.835487,-0.0,-19.42,-0.0,0.0621195398271083
0.1005111709237098,0.0007825288339518,0.0009455442195758,550.956812,480.270977,3.0,180.0,-42.301559,-85.835487,-0.0,-19.42,-0.0,0.0562751330435276
0.1349687129259109,0.0008719424949958,0.0011199155123904,550.956812,480.270977,4.0,180.0,-42.301559,-85.835487,-0.0,-19.42,-0.0,0.0856281444430351
0.1413313448429107,0.0008883097907528,0.0011855612974613,550.956812,480.270977,5.0,180.0,-42.301559,-85.835487,-0.0,-19.42,-0.0,0.0719850659370422
0.1941659599542617,0.0007209475152194,0.0010498553747311,550.956812,480.270977,6.0,180.0,-42.301559,-85.835487,-0.0,-19.42,-0.0,0.0758853778243064
0.1984855681657791,0.0006887369672767,0.001032643369399,550.956812,480.270977,7.0,180.0,-42.301559,-85.835487,-0.0,-19.42,-0.0,0.0923841446638107
0.2165045142173767,0.0007864073850214,0.0012087663635611,550.956812,480.270977,8.0,180.0,-42.301559,-85.835487,-0.0,-19.42,-0.0,0.1050461009144783
0.1959354430437088,0.0007567384745925,0.0011299216421321,550.956812,480.270977,9.0,180.0,-42.301559,-85.835487,-0.0,-19.42,-0.0,0.0900629833340644
0.2069664746522903,0.0006493755499832,0.0009755544597283,550.956812,480.270977,10.0,180.0,-42.301559,-85.835487,-0.0,-19.42,-0.0,0.0951649844646453
0.224647581577301,0.0005591641529463,0.0008442875114269,550.956812,480.270977,11.0,180.0,-42.301559,-85.835487,-0.0,-19.42,-0.0,0.0917320996522903
0.2185718417167663,0.0006184139056131,0.0009494459372945,550.956812,480.270977,12.0,180.0,-42.301559,-85.835487,-0.0,-19.42,-0.0,0.1009884476661682
0.2031891494989395,0.0004732773813884,0.0006992889684624,550.956812,480.270977,13.0,180.0,-42.301559,-85.835487,-0.0,-19.42,-0.0,0.0793630927801132
0.2322010844945907,0.000350575253833,0.0005387240089476,550.956812,480.270977,14.0,180.0,-42.301559,-85.835487,-0.0,-19.42,-0.0,0.099669873714447
0.2418718189001083,0.0003235059266444,0.0005047764861956,550.956812,480.270977,15.0,180.0,-42.301559,-85.835487,-0.0,-19.42,-0.0,0.1106966510415077
0.257350355386734,0.0003756090882234,0.0005953469662927,550.956812,480.270977,16.0,180.0,-42.301559,-85.835487,-0.0,-19.42,-0.0,0.1238066852092742
0.2504083216190338,0.0003234688192605,0.0005056660738773,550.956812,480.270977,17.0,180.0,-42.301559,-85.835487,-0.0,-19.42,-0.0,0.1115809604525566
0.2634612917900085,0.0002797864726744,0.0004447447136044,550.956812,480.270977,18.0,180.0,-42.301559,-85.835487,-0.0,-19.42,-0.0,0.1239246651530265
0.2887622117996216,0.0002268520038342,0.0003756786172743,550.956812,480.270977,19.0,180.0,-42.301559,-85.835487,-0.0,-19.42,-0.0,0.1309981346130371
0.1223332211375236,0.0007822537445463,0.0009839289123192,550.956812,480.270977,0.0,180.0,-42.301559,-85.835487,-0.0,-19.352,-0.0,0.0830620601773262
0.1244605481624603,0.0008391292649321,0.0010598830413073,550.956812,480.270977,1.0,180.0,-42.301559,-85.835487,-0.0,-19.352,-0.0,0.0826217830181121
0.1139687001705169,0.0008032697951421,0.0010033942526206,550.956812,480.270977,2.0,180.0,-42.301559,-85.835487,-0.0,-19.352,-0.0,0.0730175450444221
0.1123713701963424,0.0008460644166916,0.0010582117829471,550.956812,480.270977,3.0,180.0,-42.301559,-85.835487,-0.0,-19.352,-0.0,0.0619504749774932
0.1410362720489502,0.0007935503381304,0.0010215971851721,550.956812,480.270977,4.0,180.0,-42.301559,-85.835487,-0.0,-19.352,-0.0,0.0783679336309433
0.1392876952886581,0.0008175027323886,0.0010643249843269,550.956812,480.270977,5.0,180.0,-42.301559,-85.835487,-0.0,-19.352,-0.0,0.0751875042915344
0.1412587314844131,0.0007816164288669,0.0010420844191685,550.956812,480.270977,6.0,180.0,-42.301559,-85.835487,-0.0,-19.352,-0.0,0.0634813904762268
0.1529098004102707,0.0007585302228108,0.0010260187555104,550.956812,480.270977,7.0,180.0,-42.301559,-85.835487,-0.0,-19.352,-0.0,0.0682820379734039
0.1520098745822906,0.0007565452251583,0.0010260808048769,550.956812,480.270977,8.0,180.0,-42.301559,-85.835487,-0.0,-19.352,-0.0,0.0687626153230667
0.1700250953435897,0.0006457931594923,0.0008856771164573,550.956812,480.270977,9.0,180.0,-42.301559,-85.835487,-0.0,-19.352,-0.0,0.0783228650689125
0.1455031335353851,0.000643951119855,0.0008578223059885,550.956812,480.270977,10.0,180.0,-42.301559,-85.835487,-0.0,-19.352,-0.0,0.0672982633113861
0.1862908005714416,0.0005976682878099,0.0008365174871869,550.956812,480.270977,11.0,180.0,-42.301559,-85.835487,-0.0,-19.352,-0.0,0.0835459679365158
0.1636733114719391,0.0005397682543843,0.0007335958071053,550.956812,480.270977,12.0,180.0,-42.301559,-85.835487,-0.0,-19.352,-0.0,0.0773713663220405
0.2135989516973495,0.000479431124404,0.0006906162016093,550.956812,480.270977,13.0,180.0,-42.301559,-85.835487,-0.0,-19.352,-0.0,0.101379282772541
0.1907001286745071,0.0004629773611668,0.0006452630623243,550.956812,480.270977,14.0,180.0,-42.301559,-85.835487,-0.0,-19.352,-0.0,0.0873177275061607
0.1207123845815658,0.0004851241537835,0.0006161502096801,550.956812,480.270977,15.0,180.0,-42.301559,-85.835487,-0.0,-19.352,-0.0,0.0475525744259357
0.1433096826076507,0.0003568268148228,0.0004588770098052,550.956812,480.270977,16.0,180.0,-42.301559,-85.835487,-0.0,-19.352,-0.0,0.057473350316286
0.2268853783607483,0.0002935760421678,0.0004209948237985,550.956812,480.270977,17.0,180.0,-42.301559,-85.835487,-0.0,-19.352,-0.0,0.1020523458719253
0.2394636273384094,0.0003235188778489,0.0004733697569463,550.956812,480.270977,18.0,180.0,-42.301559,-85.835487,-0.0,-19.352,-0.0,0.1094716489315033
0.2200471758842468,0.0002914647338911,0.0004162451659794,550.956812,480.270977,19.0,180.0,-42.301559,-85.835487,-0.0,-19.352,-0.0,0.0995577052235603
0.1569287776947021,0.0007764939218759,0.0010477447649464,550.956812,480.270977,0.0,180.0,-42.301559,-85.835487,-0.0,-19.367,-0.0,0.0905740708112716
0.1798382550477981,0.0008119922713376,0.0011527087772265,550.956812,480.270977,1.0,180.0,-42.301559,-85.835487,-0.0,-19.367,-0.0,0.0941558852791786
0.1826435029506683,0.0007771705277264,0.0010883142240345,550.956812,480.270977,2.0,180.0,-42.301559,-85.835487,-0.0,-19.367,-0.0,0.1041700839996337
0.1440624296665191,0.0007233268115669,0.0009877104312181,550.956812,480.270977,3.0,180.0,-42.301559,-85.835487,-0.0,-19.367,-0.0,0.062758021056652
0.1563188880681991,0.0008206296479329,0.0011291306000202,550.956812,480.270977,4.0,180.0,-42.301559,-85.835487,-0.0,-19.367,-0.0,0.0817691162228584
0.1649258732795715,0.0008342026849277,0.0011671333340927,550.956812,480.270977,5.0,180.0,-42.301559,-85.835487,-0.0,-19.367,-0.0,0.0851674377918243
0.1594704240560531,0.0008029355667531,0.0011008239816874,550.956812,480.270977,6.0,180.0,-42.301559,-85.835487,-0.0,-19.367,-0.0,0.070128433406353
0.1683755069971084,0.000794123916421,0.0011106283636763,550.956812,480.270977,7.0,180.0,-42.301559,-85.835487,-0.0,-19.367,-0.0,0.0819859132170677
0.1601426303386688,0.0007298301206901,0.0010076938197016,550.956812,480.270977,8.0,180.0,-42.301559,-85.835487,-0.0,-19.367,-0.0,0.0767084807157516
0.1836128979921341,0.0007728335331194,0.0010941310320049,550.956812,480.270977,9.0,180.0,-42.301559,-85.835487,-0.0,-19.367,-0.0,0.0951308757066726
0.1888444870710373,0.0006659573409706,0.0009477887069806,550.956812,480.270977,10.0,180.0,-42.301559,-85.835487,-0.0,-19.367,-0.0,0.095331996679306
0.1876748204231262,0.0005024168640375,0.000704959325958,550.956812,480.270977,11.0,180.0,-42.301559,-85.835487,-0.0,-19.367,-0.0,0.081627257168293
0.20122891664505,0.0005385330296121,0.0007736551924608,550.956812,480.270977,12.0,180.0,-42.301559,-85.835487,-0.0,-19.367,-0.0,0.0953177288174629
0.2049106061458587,0.0005136759136803,0.0007349444786086,550.956812,480.270977,13.0,180.0,-42.301559,-85.835487,-0.0,-19.367,-0.0,0.0976686403155326
0.1904387474060058,0.0004316616104915,0.0006197398761287,550.956812,480.270977,14.0,180.0,-42.301559,-85.835487,-0.0,-19.367,-0.0,0.0816445127129554
0.1750683933496475,0.0003446440678089,0.0004707533807959,550.956812,480.270977,15.0,180.0,-42.301559,-85.835487,-0.0,-19.367,-0.0,0.0763585716485977
0.1946171969175338,0.0003609927662182,0.0005131130455993,550.956812,480.270977,16.0,180.0,-42.301559,-85.835487,-0.0,-19.367,-0.0,0.0896849408745765
0.2054089903831482,0.0003281094832345,0.0004707093175966,550.956812,480.270977,17.0,180.0,-42.301559,-85.835487,-0.0,-19.367,-0.0,0.0944546610116958
0.2231173366308212,0.0002855912607628,0.0004121784877497,550.956812,480.270977,18.0,180.0,-42.301559,-85.835487,-0.0,-19.367,-0.0,0.1020732298493385
0.1670481562614441,0.0002971879730466,0.0003970631514675,550.956812,480.270977,19.0,180.0,-42.301559,-85.835487,-0.0,-19.367,-0.0,0.0740692690014839
0.2138579189777374,0.0006594556034542,0.00103150610812,550.956812,480.270977,0.0,180.0,-42.301559,-85.835487,-0.0,-19.35,-0.0,0.0926798731088638
0.2550604939460754,0.0007064227829687,0.0011594685493037,550.956812,480.270977,1.0,180.0,-42.301559,-85.835487,-0.0,-19.35,-0.0,0.1227673143148422
0.2424743026494979,0.0007615767535753,0.001233673421666,550.956812,480.270977,2.0,180.0,-42.301559,-85.835487,-0.0,-19.35,-0.0,0.1240243688225746
0.2326656728982925,0.0007500941283069,0.0011949464678764,550.956812,480.270977,3.0,180.0,-42.301559,-85.835487,-0.0,-19.35,-0.0,0.1012033522129058
0.2004463970661163,0.000768628437072,0.0011600867146626,550.956812,480.270977,4.0,180.0,-42.301559,-85.835487,-0.0,-19.35,-0.0,0.0804689154028892
0.1853100806474685,0.00075568765169,0.0011050779139623,550.956812,480.270977,5.0,180.0,-42.301559,-85.835487,-0.0,-19.35,-0.0,0.0670731142163276
0.1867023855447769,0.0007113103056326,0.001035597291775,550.956812,480.270977,6.0,180.0,-42.301559,-85.835487,-0.0,-19.35,-0.0,0.0876314938068389
0.1907296180725097,0.0007705342723056,0.0011314727598801,550.956812,480.270977,7.0,180.0,-42.301559,-85.835487,-0.0,-19.35,-0.0,0.0903076529502868
0.2017778754234314,0.0007287937332876,0.0010741524165496,550.956812,480.270977,8.0,180.0,-42.301559,-85.835487,-0.0,-19.35,-0.0,0.0961039960384368
0.1657316386699676,0.0006449549109674,0.0008977645775303,550.956812,480.270977,9.0,180.0,-42.301559,-85.835487,-0.0,-19.35,-0.0,0.0782788544893264
0.1398440152406692,0.0007340962183661,0.0009890289511531,550.956812,480.270977,10.0,180.0,-42.301559,-85.835487,-0.0,-19.35,-0.0,0.0630557313561439
0.2005482912063598,0.0005483316490426,0.0007983318064361,550.956812,480.270977,11.0,180.0,-42.301559,-85.835487,-0.0,-19.35,-0.0,0.0904588103294372
0.1425500363111496,0.0005071189370937,0.0006738101947121,550.956812,480.270977,12.0,180.0,-42.301559,-85.835487,-0.0,-19.35,-0.0,0.0648517236113548
0.2310111224651336,0.0005032553453929,0.0007553538889624,550.956812,480.270977,13.0,180.0,-42.301559,-85.835487,-0.0,-19.35,-0.0,0.1079794466495513
0.2035319507122039,0.0004701752623077,0.0006786083686165,550.956812,480.270977,14.0,180.0,-42.301559,-85.835487,-0.0,-19.35,-0.0,0.0920945852994918
0.2175060212612152,0.000402437755838,0.0005927767488174,550.956812,480.270977,15.0,180.0,-42.301559,-85.835487,-0.0,-19.35,-0.0,0.0957641825079917
0.225513607263565,0.0003500847960822,0.0005259824683889,550.956812,480.270977,16.0,180.0,-42.301559,-85.835487,-0.0,-19.35,-0.0,0.1004448309540748
0.2288063466548919,0.0003553769784048,0.0005290627013891,550.956812,480.270977,17.0,180.0,-42.301559,-85.835487,-0.0,-19.35,-0.0,0.1093679443001747
0.2186783552169799,0.0003167471149936,0.0004696511605288,550.956812,480.270977,18.0,180.0,-42.301559,-85.835487,-0.0,-19.35,-0.0,0.1033528298139572
0.2441628128290176,0.0003091969701927,0.0004727792693302,550.956812,480.270977,19.0,180.0,-42.301559,-85.835487,-0.0,-19.35,-0.0,0.1206406205892562
0.1220861971378326,0.0007929351995699,0.0010070400312542,550.956812,480.270977,0.0,180.0,-42.301559,-85.835487,-0.0,-19.252,-0.0,0.0687156319618225
0.1089347079396247,0.0007803113549016,0.0009775456273928,550.956812,480.270977,1.0,180.0,-42.301559,-85.835487,-0.0,-19.252,-0.0,0.05707623437047
0.1337079554796219,0.000805020390544,0.0010394753189757,550.956812,480.270977,2.0,180.0,-42.301559,-85.835487,-0.0,-19.252,-0.0,0.0743488892912864
0.1493090391159057,0.0008501574629917,0.001119750435464,550.956812,480.270977,3.0,180.0,-42.301559,-85.835487,-0.0,-19.252,-0.0,0.0876292586326599
0.1569167077541351,0.0008607401978224,0.0011614479590207,550.956812,480.270977,4.0,180.0,-42.301559,-85.835487,-0.0,-19.252,-0.0,0.0843569487333297
0.1673302799463272,0.0008441206882707,0.0011597577249631,550.956812,480.270977,5.0,180.0,-42.301559,-85.835487,-0.0,-19.252,-0.0,0.0905647873878479
0.1762271076440811,0.0007708506309427,0.0010940079810097,550.956812,480.270977,6.0,180.0,-42.301559,-85.835487,-0.0,-19.252,-0.0,0.0836744681000709
0.1897092461585998,0.0008191384840756,0.0011924423743039,550.956812,480.270977,7.0,180.0,-42.301559,-85.835487,-0.0,-19.252,-0.0,0.091930978000164
0.1974581480026245,0.0006908266223035,0.0010096522746607,550.956812,480.270977,8.0,180.0,-42.301559,-85.835487,-0.0,-19.252,-0.0,0.083242118358612
0.2056244313716888,0.0007330483058467,0.0010780309094116,550.956812,480.270977,9.0,180.0,-42.301559,-85.835487,-0.0,-19.252,-0.0,0.1024781242012977
0.2098638862371444,0.0006208473350852,0.0009167416137643,550.956812,480.270977,10.0,180.0,-42.301559,-85.835487,-0.0,-19.252,-0.0,0.09584791213274
0.1343020647764206,0.0005928711034357,0.0007714241510257,550.956812,480.270977,11.0,180.0,-42.301559,-85.835487,-0.0,-19.252,-0.0,0.058649968355894
0.2030446231365203,0.0006246318807825,0.0009134802385233,550.956812,480.270977,12.0,180.0,-42.301559,-85.835487,-0.0,-19.252,-0.0,0.0984486639499664
0.2148622721433639,0.0004895675810985,0.0007212071213871,550.956812,480.270977,13.0,180.0,-42.301559,-85.835487,-0.0,-19.252,-0.0,0.0963406860828399
0.2401708960533142,0.0004314630059525,0.0006497431313619,550.956812,480.270977,14.0,180.0,-42.301559,-85.835487,-0.0,-19.252,-0.0,0.1087820082902908
0.2338733673095703,0.000433551671449,0.0006503814947791,550.956812,480.270977,15.0,180.0,-42.301559,-85.835487,-0.0,-19.252,-0.0,0.1074275374412536
0.2210400402545929,0.0003308503364678,0.0004816844302695,550.956812,480.270977,16.0,180.0,-42.301559,-85.835487,-0.0,-19.252,-0.0,0.0918124392628669
0.1785376965999603,0.0003215972101315,0.0004399605095386,550.956812,480.270977,17.0,180.0,-42.301559,-85.835487,-0.0,-19.252,-0.0,0.0742194578051567
0.2330576330423355,0.0002755048044491,0.0004119611403439,550.956812,480.270977,18.0,180.0,-42.301559,-85.835487,-0.0,-19.252,-0.0,0.103428728878498
0.2410715818405151,0.0002450625470373,0.0003690064768306,550.956812,480.270977,19.0,180.0,-42.301559,-85.835487,-0.0,-19.252,-0.0,0.1098664104938507
0.1380723416805267,0.0008252763655036,0.0010722839506343,550.956812,480.270977,0.0,180.0,-42.301559,-85.835487,-0.0,-19.288,-0.0,0.0895165279507637
0.1219485253095626,0.00085569859948,0.0010890000266954,550.956812,480.270977,1.0,180.0,-42.301559,-85.835487,-0.0,-19.288,-0.0,0.076078675687313
0.1099438294768333,0.0008587097981944,0.0010761525481939,550.956812,480.270977,2.0,180.0,-42.301559,-85.835487,-0.0,-19.288,-0.0,0.056298479437828
0.1369127035140991,0.0009353782515972,0.0012219137279316,550.956812,480.270977,3.0,180.0,-42.301559,-85.835487,-0.0,-19.288,-0.0,0.083390861749649
0.1475795954465866,0.0008875595522113,0.0011742862407118,550.956812,480.270977,4.0,180.0,-42.301559,-85.835487,-0.0,-19.288,-0.0,0.0833748653531074
0.169545441865921,0.000853035133332,0.0011776298051699,550.956812,480.270977,5.0,180.0,-42.301559,-85.835487,-0.0,-19.288,-0.0,0.0923205539584159
0.1682645976543426,0.0008883029222488,0.0012602022616192,550.956812,480.270977,6.0,180.0,-42.301559,-85.835487,-0.0,-19.288,-0.0,0.0826447755098342
0.2052514255046844,0.0008083571447059,0.001195047982037,550.956812,480.270977,7.0,180.0,-42.301559,-85.835487,-0.0,-19.288,-0.0,0.1012543514370918
0.1895001530647277,0.0007429683464579,0.0010871584527194,550.956812,480.270977,8.0,180.0,-42.301559,-85.835487,-0.0,-19.288,-0.0,0.0911887735128402
0.1845127493143081,0.0006754987407475,0.0009692117455415,550.956812,480.270977,9.0,180.0,-42.301559,-85.835487,-0.0,-19.288,-0.0,0.0872263833880424
0.209137961268425,0.0006645342800766,0.0009856057586148,550.956812,480.270977,10.0,180.0,-42.301559,-85.835487,-0.0,-19.288,-0.0,0.097010999917984
0.2235029190778732,0.000519594643265,0.0007796792779117,550.956812,480.270977,11.0,180.0,-42.301559,-85.835487,-0.0,-19.288,-0.0,0.0992778018116951
0.1743890047073364,0.0004688397166319,0.0006631293217651,550.956812,480.270977,12.0,180.0,-42.301559,-85.835487,-0.0,-19.288,-0.0,0.0705436021089553
0.2062352001667022,0.0004215238150209,0.0006185544771142,550.956812,480.270977,13.0,180.0,-42.301559,-85.835487,-0.0,-19.288,-0.0,0.0940944924950599
0.2207170277833938,0.0005217815050855,0.0007843346102163,550.956812,480.270977,14.0,180.0,-42.301559,-85.835487,-0.0,-19.288,-0.0,0.1066523343324661
0.2181043773889541,0.0004700976714957,0.0006996667361818,550.956812,480.270977,15.0,180.0,-42.301559,-85.835487,-0.0,-19.288,-0.0,0.1077690869569778
0.2135652154684066,0.0003876862756442,0.0005652784602716,550.956812,480.270977,16.0,180.0,-42.301559,-85.835487,-0.0,-19.288,-0.0,0.1017271429300308
0.2158232480287552,0.0003536857548169,0.0005198075086809,550.956812,480.270977,17.0,180.0,-42.301559,-85.835487,-0.0,-19.288,-0.0,0.1021473705768585
0.2441426068544387,0.000353387062205,0.0005419180961325,550.956812,480.270977,18.0,180.0,-42.301559,-85.835487,-0.0,-19.288,-0.0,0.1132437586784362
0.2065373957157135,0.0002798525674734,0.0004004064539913,550.956812,480.270977,19.0,180.0,-42.301559,-85.835487,-0.0,-19.288,-0.0,0.0943941101431846
0.1660022139549255,0.0007942840456962,0.0010900667402893,550.956812,480.270977,0.0,180.0,-42.301559,-85.835487,-0.0,-19.21,-0.0,0.0873782411217689
0.1676856279373169,0.0007272801594808,0.0009978343732655,550.956812,480.270977,1.0,180.0,-42.301559,-85.835487,-0.0,-19.21,-0.0,0.0870867148041725
0.1393754184246063,0.0008046017610467,0.0010681744897738,550.956812,480.270977,2.0,180.0,-42.301559,-85.835487,-0.0,-19.21,-0.0,0.0651632249355316
0.1429380178451538,0.0008991034119389,0.0012011569924652,550.956812,480.270977,3.0,180.0,-42.301559,-85.835487,-0.0,-19.21,-0.0,0.0649389401078224
0.1525438278913498,0.0008680322789587,0.001190444920212,550.956812,480.270977,4.0,180.0,-42.301559,-85.835487,-0.0,-19.21,-0.0,0.0724881067872047
0.2047998458147049,0.000763259246014,0.0011258317390456,550.956812,480.270977,5.0,180.0,-42.301559,-85.835487,-0.0,-19.21,-0.0,0.0961594805121421
0.218969777226448,0.0007304326281882,0.0011168702039867,550.956812,480.270977,6.0,180.0,-42.301559,-85.835487,-0.0,-19.21,-0.0,0.1001441031694412
0.2388015389442443,0.0007118804496712,0.0011151508660987,550.956812,480.270977,7.0,180.0,-42.301559,-85.835487,-0.0,-19.21,-0.0,0.1137324869632721
0.2275094240903854,0.0006284544360823,0.0009693583706393,550.956812,480.270977,8.0,180.0,-42.301559,-85.835487,-0.0,-19.21,-0.0,0.0993393138051033
0.2234139442443847,0.0006110321264714,0.0009375155204907,550.956812,480.270977,9.0,180.0,-42.301559,-85.835487,-0.0,-19.21,-0.0,0.1031282395124435
0.2393157929182052,0.0006230430444702,0.0009772458579391,550.956812,480.270977,10.0,180.0,-42.301559,-85.835487,-0.0,-19.21,-0.0,0.1070177108049392
0.2132229804992675,0.0005496019148267,0.0008311870624311,550.956812,480.270977,11.0,180.0,-42.301559,-85.835487,-0.0,-19.21,-0.0,0.0947883799672126
0.2261313945055008,0.0005915097426623,0.0009120234753936,550.956812,480.270977,12.0,180.0,-42.301559,-85.835487,-0.0,-19.21,-0.0,0.1038547307252883
0.2280897945165634,0.0004845364310313,0.0007372932159341,550.956812,480.270977,13.0,180.0,-42.301559,-85.835487,-0.0,-19.21,-0.0,0.1012531220912933
0.195042610168457,0.0004804109339602,0.0007007150561548,550.956812,480.270977,14.0,180.0,-42.301559,-85.835487,-0.0,-19.21,-0.0,0.0797930881381034
0.247399240732193,0.0003790614719036,0.0005940836854279,550.956812,480.270977,15.0,180.0,-42.301559,-85.835487,-0.0,-19.21,-0.0,0.1112763211131095
0.2800507843494415,0.0003339035320095,0.0005459800595417,550.956812,480.270977,16.0,180.0,-42.301559,-85.835487,-0.0,-19.21,-0.0,0.1234957426786422
0.2312682718038559,0.0002962596481665,0.0004476690373849,550.956812,480.270977,17.0,180.0,-42.301559,-85.835487,-0.0,-19.21,-0.0,0.1018945500254631
0.2897724211215973,0.0002395024930592,0.0003959015011787,550.956812,480.270977,18.0,180.0,-42.301559,-85.835487,-0.0,-19.21,-0.0,0.1295887380838394
0.259109228849411,0.0003117839805781,0.000489851925522,550.956812,480.270977,19.0,180.0,-42.301559,-85.835487,-0.0,-19.21,-0.0,0.1165273115038871
0.1403365582227707,0.0007778739091008,0.0010406732326373,550.956812,480.270977,0.0,180.0,-42.301559,-85.835487,-0.0,-19.163,-0.0,0.0657200366258621
0.138890266418457,0.0007995403720997,0.0010636006481945,550.956812,480.270977,1.0,180.0,-42.301559,-85.835487,-0.0,-19.163,-0.0,0.0592170059680938
0.1597777307033538,0.0008914839709177,0.0012195684248581,550.956812,480.270977,2.0,180.0,-42.301559,-85.835487,-0.0,-19.163,-0.0,0.0857629552483558
0.168261781334877,0.0008479556418024,0.0011801101500168,550.956812,480.270977,3.0,180.0,-42.301559,-85.835487,-0.0,-19.163,-0.0,0.0809232592582702
0.1710972636938095,0.0008369961287826,0.001178037491627,550.956812,480.270977,4.0,180.0,-42.301559,-85.835487,-0.0,-19.163,-0.0,0.0783275663852691
0.2061734348535537,0.000852936937008,0.0012648430420085,550.956812,480.270977,5.0,180.0,-42.301559,-85.835487,-0.0,-19.163,-0.0,0.1025572046637535
0.219033733010292,0.0007139262743294,0.0010928305564448,550.956812,480.270977,6.0,180.0,-42.301559,-85.835487,-0.0,-19.163,-0.0,0.0938280373811721
0.2146600782871246,0.0006432226509787,0.000985995051451,550.956812,480.270977,7.0,180.0,-42.301559,-85.835487,-0.0,-19.163,-0.0,0.0922839865088462
0.2390191256999969,0.000681634817738,0.0010723271407186,550.956812,480.270977,8.0,180.0,-42.301559,-85.835487,-0.0,-19.163,-0.0,0.1115352660417556
0.2552721500396728,0.0006865751929581,0.001102196983993,550.956812,480.270977,9.0,180.0,-42.301559,-85.835487,-0.0,-19.163,-0.0,0.1237939447164535
0.2329253703355789,0.0006573222344741,0.001026343088597,550.956812,480.270977,10.0,180.0,-42.301559,-85.835487,-0.0,-19.163,-0.0,0.1185706332325935
0.2158920615911483,0.0005727567477151,0.0008718284079805,550.956812,480.270977,11.0,180.0,-42.301559,-85.835487,-0.0,-19.163,-0.0,0.0931093990802764
0.1867565214633941,0.0004598510276991,0.0006606436800211,550.956812,480.270977,12.0,180.0,-42.301559,-85.835487,-0.0,-19.163,-0.0,0.0703099220991134
0.2032376825809478,0.0005596916889771,0.0008382634841836,550.956812,480.270977,13.0,180.0,-42.301559,-85.835487,-0.0,-19.163,-0.0,0.0962082594633102
0.2308316081762313,0.0004828502133022,0.0007448579417541,550.956812,480.270977,14.0,180.0,-42.301559,-85.835487,-0.0,-19.163,-0.0,0.1098069176077842
0.2221077680587768,0.00046398548875,0.0007027367246337,550.956812,480.270977,15.0,180.0,-42.301559,-85.835487,-0.0,-19.163,-0.0,0.1100210398435592
0.2296504080295562,0.0004142341495025,0.0006363652064464,550.956812,480.270977,16.0,180.0,-42.301559,-85.835487,-0.0,-19.163,-0.0,0.1034564673900604
0.252985417842865,0.0003075761778745,0.0004900983185507,550.956812,480.270977,17.0,180.0,-42.301559,-85.835487,-0.0,-19.163,-0.0,0.1121285036206245
0.2743900716304779,0.0003064289921894,0.0004923046217299,550.956812,480.270977,18.0,180.0,-42.301559,-85.835487,-0.0,-19.163,-0.0,0.1294330656528473
0.2947360873222351,0.0002493773063179,0.0004144469567108,550.956812,480.270977,19.0,180.0,-42.301559,-85.835487,-0.0,-19.163,-0.0,0.135372132062912
0.2150118798017501,0.0007755784899927,0.0011787216644734,550.956812,480.270977,0.0,180.0,-42.301559,-85.835487,-0.0,-19.131,-0.0,0.1141101270914077
0.1965173184871673,0.0007450666162185,0.0011027982691302,550.956812,480.270977,1.0,180.0,-42.301559,-85.835487,-0.0,-19.131,-0.0,0.0896547138690948
0.2054513394832611,0.0007764809415675,0.0011649571824818,550.956812,480.270977,2.0,180.0,-42.301559,-85.835487,-0.0,-19.131,-0.0,0.1017807126045227
0.2077378779649734,0.0008033605408854,0.0012016489636152,550.956812,480.270977,3.0,180.0,-42.301559,-85.835487,-0.0,-19.131,-0.0,0.105147436261177
0.2310734540224075,0.0007515409379266,0.0011548388283699,550.956812,480.270977,4.0,180.0,-42.301559,-85.835487,-0.0,-19.131,-0.0,0.1125206351280212
0.2021071314811706,0.000778310757596,0.0011709335958585,550.956812,480.270977,5.0,180.0,-42.301559,-85.835487,-0.0,-19.131,-0.0,0.0956041142344474
0.1885133385658264,0.000697607116308,0.0010480515193194,550.956812,480.270977,6.0,180.0,-42.301559,-85.835487,-0.0,-19.131,-0.0,0.0802488625049591
0.2001731544733047,0.0007289044442586,0.0011171028017997,550.956812,480.270977,7.0,180.0,-42.301559,-85.835487,-0.0,-19.131,-0.0,0.0867231264710426
0.2342564612627029,0.0006170067354105,0.0009701243252493,550.956812,480.270977,8.0,180.0,-42.301559,-85.835487,-0.0,-19.131,-0.0,0.0939385965466499
0.2283804565668106,0.0007222819840535,0.0011401457013562,550.956812,480.270977,9.0,180.0,-42.301559,-85.835487,-0.0,-19.131,-0.0,0.1024441346526146
0.2409563064575195,0.0006170169217512,0.0009844782762229,550.956812,480.270977,10.0,180.0,-42.301559,-85.835487,-0.0,-19.131,-0.0,0.1124538630247116
0.2345441877841949,0.0005019888631068,0.0007907231338322,550.956812,480.270977,11.0,180.0,-42.301559,-85.835487,-0.0,-19.131,-0.0,0.0938171446323394
0.2651586234569549,0.0004861640045419,0.0007977832574397,550.956812,480.270977,12.0,180.0,-42.301559,-85.835487,-0.0,-19.131,-0.0,0.1225219368934631
0.2368518710136413,0.0005383398965932,0.0008630726952105,550.956812,480.270977,13.0,180.0,-42.301559,-85.835487,-0.0,-19.131,-0.0,0.1083329617977142
0.2626332342624664,0.0004304190806578,0.0007054286543279,550.956812,480.270977,14.0,180.0,-42.301559,-85.835487,-0.0,-19.131,-0.0,0.1170501783490181
0.2833520174026489,0.0003722407564055,0.0006250493461266,550.956812,480.270977,15.0,180.0,-42.301559,-85.835487,-0.0,-19.131,-0.0,0.1282765120267868
0.2879630029201507,0.0003583604702726,0.0006039507570676,550.956812,480.270977,16.0,180.0,-42.301559,-85.835487,-0.0,-19.131,-0.0,0.133389264345169
0.2881417572498321,0.0003460128500591,0.0005866020801477,550.956812,480.270977,17.0,180.0,-42.301559,-85.835487,-0.0,-19.131,-0.0,0.1376043409109115
0.2327566891908645,0.0002903097774833,0.0004469800624065,550.956812,480.270977,18.0,180.0,-42.301559,-85.835487,-0.0,-19.131,-0.0,0.1124360859394073
0.2160447835922241,0.0002490022161509,0.0003765151195693,550.956812,480.270977,19.0,180.0,-42.301559,-85.835487,-0.0,-19.131,-0.0,0.097941905260086
0.222026526927948,0.0007648876053281,0.0011676966678351,550.956812,480.270977,0.0,180.0,-42.301559,-85.835487,-0.0,-19.134,-0.0,0.1160260289907455
0.2105534970760345,0.0007488998817279,0.0011283443309366,550.956812,480.270977,1.0,180.0,-42.301559,-85.835487,-0.0,-19.134,-0.0,0.1075605973601341
0.2141069620847702,0.0008392814779654,0.0012672925367951,550.956812,480.270977,2.0,180.0,-42.301559,-85.835487,-0.0,-19.134,-0.0,0.1087646856904029
0.2257857471704483,0.0007597434450872,0.0011642599711194,550.956812,480.270977,3.0,180.0,-42.301559,-85.835487,-0.0,-19.134,-0.0,0.1166633069515228
0.2148736119270324,0.0007680255221202,0.0011648592771962,550.956812,480.270977,4.0,180.0,-42.301559,-85.835487,-0.0,-19.134,-0.0,0.1081146821379661
0.2286955714225769,0.0008477290975861,0.001327930833213,550.956812,480.270977,5.0,180.0,-42.301559,-85.835487,-0.0,-19.134,-0.0,0.1162382885813713
0.2407410442829132,0.0007067429833114,0.0011322642676532,550.956812,480.270977,6.0,180.0,-42.301559,-85.835487,-0.0,-19.134,-0.0,0.116255447268486
0.2381473928689956,0.0007318399730138,0.0011663098121061,550.956812,480.270977,7.0,180.0,-42.301559,-85.835487,-0.0,-19.134,-0.0,0.1095215529203414
0.2498286217451095,0.0006842817529104,0.0011028677690774,550.956812,480.270977,8.0,180.0,-42.301559,-85.835487,-0.0,-19.134,-0.0,0.1066452786326408
0.2086570560932159,0.0006228209240362,0.0009418206172995,550.956812,480.270977,9.0,180.0,-42.301559,-85.835487,-0.0,-19.134,-0.0,0.0935859233140945
0.2400642186403274,0.0006779461982659,0.0010778022697195,550.956812,480.270977,10.0,180.0,-42.301559,-85.835487,-0.0,-19.134,-0.0,0.1150424033403396
0.2475583106279373,0.0006029402720741,0.0009681731462478,550.956812,480.270977,11.0,180.0,-42.301559,-85.835487,-0.0,-19.134,-0.0,0.1109995767474174
0.2295059561729431,0.00053141155513,0.0008337548933923,550.956812,480.270977,12.0,180.0,-42.301559,-85.835487,-0.0,-19.134,-0.0,0.1005120500922203
0.2796464264392853,0.0004879390762653,0.0008127597975544,550.956812,480.270977,13.0,180.0,-42.301559,-85.835487,-0.0,-19.134,-0.0,0.1289990097284317
0.2821694314479828,0.000407611427363,0.0006863893358968,550.956812,480.270977,14.0,180.0,-42.301559,-85.835487,-0.0,-19.134,-0.0,0.1300485730171203
0.2682030797004699,0.0003729889576788,0.0006113894633017,550.956812,480.270977,15.0,180.0,-42.301559,-85.835487,-0.0,-19.134,-0.0,0.1205009818077087
0.2843720316886902,0.0003208064008504,0.0005385878612287,550.956812,480.270977,16.0,180.0,-42.301559,-85.835487,-0.0,-19.134,-0.0,0.1296651661396026
0.2279009670019149,0.0003222308296244,0.0004866629606112,550.956812,480.270977,17.0,180.0,-42.301559,-85.835487,-0.0,-19.134,-0.0,0.1012992858886718
0.2742964625358581,0.0002836653147824,0.0004632112395484,550.956812,480.270977,18.0,180.0,-42.301559,-85.835487,-0.0,-19.134,-0.0,0.1210091486573219
0.2937144339084625,0.0002543000155128,0.0004283677844796,550.956812,480.270977,19.0,180.0,-42.301559,-85.835487,-0.0,-19.134,-0.0,0.1291247904300689
0.2935660481452942,0.0006383550353348,0.0011217186693102,550.956812,480.270977,0.0,180.0,-42.301559,-85.835487,-0.0,-19.147,-0.0,0.1412708759307861
0.2861986458301544,0.0007121608941815,0.0012295244960114,550.956812,480.270977,1.0,180.0,-42.301559,-85.835487,-0.0,-19.147,-0.0,0.1417012810707092
0.2600432932376861,0.0007154385675676,0.0011926788138225,550.956812,480.270977,2.0,180.0,-42.301559,-85.835487,-0.0,-19.147,-0.0,0.1103051826357841
0.2458588778972625,0.0006753773777745,0.0011071108747273,550.956812,480.270977,3.0,180.0,-42.301559,-85.835487,-0.0,-19.147,-0.0,0.1001477614045143
0.2618361413478851,0.000729942403268,0.0012252485612407,550.956812,480.270977,4.0,180.0,-42.301559,-85.835487,-0.0,-19.147,-0.0,0.1237664669752121
0.2550656497478485,0.0007141634705476,0.001194710843265,550.956812,480.270977,5.0,180.0,-42.301559,-85.835487,-0.0,-19.147,-0.0,0.1108773499727249
0.2594197392463684,0.000709360698238,0.0011882692342624,550.956812,480.270977,6.0,180.0,-42.301559,-85.835487,-0.0,-19.147,-0.0,0.1180529594421386
0.2669564187526703,0.0007258460391312,0.0012301467359066,550.956812,480.270977,7.0,180.0,-42.301559,-85.835487,-0.0,-19.147,-0.0,0.1190993562340736
0.257094532251358,0.0006620296626351,0.0011002130340784,550.956812,480.270977,8.0,180.0,-42.301559,-85.835487,-0.0,-19.147,-0.0,0.1133697256445884
0.2553052306175232,0.0006054440746083,0.0010032892460003,550.956812,480.270977,9.0,180.0,-42.301559,-85.835487,-0.0,-19.147,-0.0,0.1073093190789222
0.2954825162887573,0.0006010028882883,0.0010481398785486,550.956812,480.270977,10.0,180.0,-42.301559,-85.835487,-0.0,-19.147,-0.0,0.1334370821714401
0.3001073002815246,0.0005491555202752,0.0009627151302993,550.956812,480.270977,11.0,180.0,-42.301559,-85.835487,-0.0,-19.147,-0.0,0.1284769028425216
0.2781765758991241,0.000498712179251,0.0008546516182832,550.956812,480.270977,12.0,180.0,-42.301559,-85.835487,-0.0,-19.147,-0.0,0.1242978870868682
0.3053060472011566,0.0004789004451595,0.0008492080960422,550.956812,480.270977,13.0,180.0,-42.301559,-85.835487,-0.0,-19.147,-0.0,0.133823812007904
0.2544369399547577,0.0004082374216523,0.0006772519554942,550.956812,480.270977,14.0,180.0,-42.301559,-85.835487,-0.0,-19.147,-0.0,0.1105702221393585
0.3179510533809662,0.0003998128813691,0.0007219339022412,550.956812,480.270977,15.0,180.0,-42.301559,-85.835487,-0.0,-19.147,-0.0,0.1397345215082168
0.317777931690216,0.000304355926346,0.0005489563336595,550.956812,480.270977,16.0,180.0,-42.301559,-85.835487,-0.0,-19.147,-0.0,0.1446441411972046
0.2809225022792816,0.0003040173032786,0.0005141929723322,550.956812,480.270977,17.0,180.0,-42.301559,-85.835487,-0.0,-19.147,-0.0,0.1265302151441574
0.2991868257522583,0.0002374143223278,0.0004134621703997,550.956812,480.270977,18.0,180.0,-42.301559,-85.835487,-0.0,-19.147,-0.0,0.1281066536903381
0.2639347016811371,0.0002901659463532,0.0004798515874426,550.956812,480.270977,19.0,180.0,-42.301559,-85.835487,-0.0,-19.147,-0.0,0.1229280307888984
0.2645701766014099,0.000648122979328,0.001085310592316,550.956812,480.270977,0.0,180.0,-42.301559,-85.835487,0.0,-19.054,-0.0,0.1127606183290481
0.2618204951286316,0.0007584832492284,0.0012683573877438,550.956812,480.270977,1.0,180.0,-42.301559,-85.835487,0.0,-19.054,-0.0,0.1295939832925796
0.2711950540542602,0.0007022440549917,0.0011890153400599,550.956812,480.270977,2.0,180.0,-42.301559,-85.835487,0.0,-19.054,-0.0,0.1286108046770095
0.2412267327308654,0.0007064938545227,0.0011484780116006,550.956812,480.270977,3.0,180.0,-42.301559,-85.835487,0.0,-19.054,-0.0,0.1025062203407287
0.2670798897743225,0.0006451351800933,0.0010833763517439,550.956812,480.270977,4.0,180.0,-42.301559,-85.835487,0.0,-19.054,-0.0,0.1177252978086471
0.2694923281669616,0.0006896073464304,0.0011610137298703,550.956812,480.270977,5.0,180.0,-42.301559,-85.835487,0.0,-19.054,-0.0,0.1176811978220939
0.2822726368904114,0.0006584690418094,0.0011413744650781,550.956812,480.270977,6.0,180.0,-42.301559,-85.835487,0.0,-19.054,-0.0,0.1300338506698608
0.2685828506946563,0.0006303080008365,0.0010756973642855,550.956812,480.270977,7.0,180.0,-42.301559,-85.835487,0.0,-19.054,-0.0,0.1218305528163909
0.2909038066864013,0.0006346813752315,0.0011027203872799,550.956812,480.270977,8.0,180.0,-42.301559,-85.835487,0.0,-19.054,-0.0,0.1267509907484054
0.2828045785427093,0.0006063407636247,0.001050206599757,550.956812,480.270977,9.0,180.0,-42.301559,-85.835487,0.0,-19.054,-0.0,0.1333585679531097
0.2428053021430969,0.0006486608181148,0.0010615102946758,550.956812,480.270977,10.0,180.0,-42.301559,-85.835487,0.0,-19.054,-0.0,0.1123330891132354
0.2717236578464508,0.0005443863337859,0.0009270362788811,550.956812,480.270977,11.0,180.0,-42.301559,-85.835487,0.0,-19.054,-0.0,0.1155740618705749
0.2325693666934967,0.0004745941259898,0.0007468916592188,550.956812,480.270977,12.0,180.0,-42.301559,-85.835487,0.0,-19.054,-0.0,0.089318037033081
0.261743426322937,0.0004059570201206,0.0006660081562586,550.956812,480.270977,13.0,180.0,-42.301559,-85.835487,0.0,-19.054,-0.0,0.106711521744728
0.2760122418403625,0.0003777351230382,0.0006377092795446,550.956812,480.270977,14.0,180.0,-42.301559,-85.835487,0.0,-19.054,-0.0,0.1236210092902183
0.2145406305789947,0.0004214509681332,0.0006532054394483,550.956812,480.270977,15.0,180.0,-42.301559,-85.835487,0.0,-19.054,-0.0,0.0958620384335517
0.289769172668457,0.0003702249086927,0.0006245786789804,550.956812,480.270977,16.0,180.0,-42.301559,-85.835487,0.0,-19.054,-0.0,0.1316765397787094
0.3130750954151153,0.0003126601222902,0.0005551832728087,550.956812,480.270977,17.0,180.0,-42.301559,-85.835487,0.0,-19.054,-0.0,0.1399140506982803
0.2475210577249527,0.0003251911257393,0.0005240566097199,550.956812,480.270977,18.0,180.0,-42.301559,-85.835487,0.0,-19.054,-0.0,0.1117498204112052
0.3425356149673462,0.0002948600158561,0.0005475002690218,550.956812,480.270977,19.0,180.0,-42.301559,-85.835487,0.0,-19.054,-0.0,0.1560174375772476
0.2462798953056335,0.0006983918137848,0.0011414191685616,550.956812,480.270977,0.0,180.0,-42.301559,-85.835487,-0.0,-19.132,-0.0,0.1137644872069358
0.2463994175195694,0.0007835160358808,0.0012777837691828,550.956812,480.270977,1.0,180.0,-42.301559,-85.835487,-0.0,-19.132,-0.0,0.1152758002281189
0.2366207093000412,0.000714419351425,0.0011401332449167,550.956812,480.270977,2.0,180.0,-42.301559,-85.835487,-0.0,-19.132,-0.0,0.1070314049720764
0.2077877819538116,0.0007306550978682,0.0011228715302422,550.956812,480.270977,3.0,180.0,-42.301559,-85.835487,-0.0,-19.132,-0.0,0.0872507989406585
0.2478098720312118,0.0007999507361091,0.0013060119235888,550.956812,480.270977,4.0,180.0,-42.301559,-85.835487,-0.0,-19.132,-0.0,0.1156196892261505
0.2480257749557495,0.0008651685202494,0.0014118808321654,550.956812,480.270977,5.0,180.0,-42.301559,-85.835487,-0.0,-19.132,-0.0,0.1211979389190673
0.2049192041158676,0.0006647384143434,0.0010109824361279,550.956812,480.270977,6.0,180.0,-42.301559,-85.835487,-0.0,-19.132,-0.0,0.0827883407473564
0.2602574527263641,0.0007260582060553,0.0012190170818939,550.956812,480.270977,7.0,180.0,-42.301559,-85.835487,-0.0,-19.132,-0.0,0.1151821613311767
0.2498884946107864,0.0006602275534532,0.001087991753593,550.956812,480.270977,8.0,180.0,-42.301559,-85.835487,-0.0,-19.132,-0.0,0.1082390621304512
0.2687593400478363,0.0006594650330953,0.0011209525400772,550.956812,480.270977,9.0,180.0,-42.301559,-85.835487,-0.0,-19.132,-0.0,0.123213030397892
0.261129766702652,0.0006307999137789,0.0010493451263755,550.956812,480.270977,10.0,180.0,-42.301559,-85.835487,-0.0,-19.132,-0.0,0.1175618916749954
0.2955299019813537,0.000519075023476,0.0009176696767099,550.956812,480.270977,11.0,180.0,-42.301559,-85.835487,-0.0,-19.132,-0.0,0.1241896077990531
0.2961946129798889,0.000486327742692,0.0008591515361331,550.956812,480.270977,12.0,180.0,-42.301559,-85.835487,-0.0,-19.132,-0.0,0.1329665631055832
0.2658455669879913,0.00047012680443,0.0007924017263576,550.956812,480.270977,13.0,180.0,-42.301559,-85.835487,-0.0,-19.132,-0.0,0.1199667155742645
0.3030870854854584,0.0004666047461796,0.0008219804149121,550.956812,480.270977,14.0,180.0,-42.301559,-85.835487,-0.0,-19.132,-0.0,0.1450675427913665
0.219548612833023,0.0003225491673219,0.0004954809555783,550.956812,480.270977,15.0,180.0,-42.301559,-85.835487,-0.0,-19.132,-0.0,0.0807548910379409
0.2983443140983581,0.0003239820944145,0.0005669107777066,550.956812,480.270977,16.0,180.0,-42.301559,-85.835487,-0.0,-19.132,-0.0,0.1371750086545944
0.2852450311183929,0.0002982598089147,0.0005132036749273,550.956812,480.270977,17.0,180.0,-42.301559,-85.835487,-0.0,-19.132,-0.0,0.1212876066565513
0.3279907703399658,0.0002542172733228,0.0004617733939085,550.956812,480.270977,18.0,180.0,-42.301559,-85.835487,-0.0,-19.132,-0.0,0.1606768369674682
0.2795051634311676,0.0002393502363702,0.0004075401229783,550.956812,480.270977,19.0,180.0,-42.301559,-85.835487,-0.0,-19.132,-0.0,0.1164751723408699
0.1578048467636108,0.0007783366600051,0.0010466533713042,550.956812,480.270977,0.0,180.0,-42.301559,-85.835487,-0.0,-19.144,-0.0,0.0960653424263
0.150561898946762,0.000778991729021,0.0010437389137223,550.956812,480.270977,1.0,180.0,-42.301559,-85.835487,-0.0,-19.144,-0.0,0.0852253884077072
0.1572983115911483,0.0008677311125211,0.0011693985434249,550.956812,480.270977,2.0,180.0,-42.301559,-85.835487,-0.0,-19.144,-0.0,0.0942263156175613
0.1604378819465637,0.0008680972969159,0.0011837193742394,550.956812,480.270977,3.0,180.0,-42.301559,-85.835487,-0.0,-19.144,-0.0,0.0937913358211517
0.1686214804649353,0.0007754325051791,0.0010807577054947,550.956812,480.270977,4.0,180.0,-42.301559,-85.835487,-0.0,-19.144,-0.0,0.0891222730278968
0.1755685359239578,0.0007431211415678,0.0010562537936493,550.956812,480.270977,5.0,180.0,-42.301559,-85.835487,-0.0,-19.144,-0.0,0.0833847597241401
0.1951527744531631,0.0006804229342378,0.0010176838841289,550.956812,480.270977,6.0,180.0,-42.301559,-85.835487,-0.0,-19.144,-0.0,0.0864594057202339
0.2231374680995941,0.000720286683645,0.0011243619956076,550.956812,480.270977,7.0,180.0,-42.301559,-85.835487,-0.0,-19.144,-0.0,0.1097896769642829
0.2264483422040939,0.0006652533775195,0.0010299313580617,550.956812,480.270977,8.0,180.0,-42.301559,-85.835487,-0.0,-19.144,-0.0,0.1001678109169006
0.1948228776454925,0.0007629431784152,0.0011420104419812,550.956812,480.270977,9.0,180.0,-42.301559,-85.835487,-0.0,-19.144,-0.0,0.0870470255613327
0.2153106331825256,0.0006436288822442,0.0009806538000702,550.956812,480.270977,10.0,180.0,-42.301559,-85.835487,-0.0,-19.144,-0.0,0.0993496999144554
0.2138486504554748,0.0005203189793974,0.0007837297162041,550.956812,480.270977,11.0,180.0,-42.301559,-85.835487,-0.0,-19.144,-0.0,0.0882235690951347
0.19782455265522,0.0005386536358855,0.0007927932310849,550.956812,480.270977,12.0,180.0,-42.301559,-85.835487,-0.0,-19.144,-0.0,0.0860132947564125
0.2439907491207122,0.0004959766520187,0.0007817659643478,550.956812,480.270977,13.0,180.0,-42.301559,-85.835487,-0.0,-19.144,-0.0,0.1172969788312912
0.2360461354255676,0.0004208482569083,0.0006506213685497,550.956812,480.270977,14.0,180.0,-42.301559,-85.835487,-0.0,-19.144,-0.0,0.1141703575849533
0.1860657930374145,0.0004097321652807,0.0005898255039937,550.956812,480.270977,15.0,180.0,-42.301559,-85.835487,-0.0,-19.144,-0.0,0.0733654052019119
0.2157523036003112,0.0003442804445512,0.0005288874963298,550.956812,480.270977,16.0,180.0,-42.301559,-85.835487,-0.0,-19.144,-0.0,0.0910351648926734
0.2541962563991546,0.0003441601293161,0.000552681623958,550.956812,480.270977,17.0,180.0,-42.301559,-85.835487,-0.0,-19.144,-0.0,0.1207013428211212
0.2579458355903625,0.0002701703924685,0.0004368146474007,550.956812,480.270977,18.0,180.0,-42.301559,-85.835487,-0.0,-19.144,-0.0,0.1204597279429435
0.255023181438446,0.0002990787907037,0.0004765365156345,550.956812,480.270977,19.0,180.0,-42.301559,-85.835487,-0.0,-19.144,-0.0,0.123481348156929
0.1431457251310348,0.0008069720934145,0.0010667309397831,550.956812,480.270977,0.0,180.0,-42.301559,-85.835487,-0.0,-19.021,-0.0,0.0849275365471839
0.129102885723114,0.0008223337936215,0.0010648693423718,550.956812,480.270977,1.0,180.0,-42.301559,-85.835487,-0.0,-19.021,-0.0,0.0709540173411369
0.1088895127177238,0.0008189806248992,0.00102807325311,550.956812,480.270977,2.0,180.0,-42.301559,-85.835487,-0.0,-19.021,-0.0,0.0582135803997516
0.1030455380678176,0.0007973609608598,0.0010048965923488,550.956812,480.270977,3.0,180.0,-42.301559,-85.835487,-0.0,-19.021,-0.0,0.0499068051576614
0.1512898504734039,0.0008967057801783,0.0012199410703033,550.956812,480.270977,4.0,180.0,-42.301559,-85.835487,-0.0,-19.021,-0.0,0.0817388892173767
0.1940135955810547,0.0007943930686451,0.0011558298720046,550.956812,480.270977,5.0,180.0,-42.301559,-85.835487,-0.0,-19.021,-0.0,0.1002577468752861
0.1554982960224151,0.0007350702071562,0.0010370569070801,550.956812,480.270977,6.0,180.0,-42.301559,-85.835487,-0.0,-19.021,-0.0,0.0618187896907329
0.1623396277427673,0.0006723183323629,0.0009600849589332,550.956812,480.270977,7.0,180.0,-42.301559,-85.835487,-0.0,-19.021,-0.0,0.0647495239973068
0.2219621986150741,0.0007361721945926,0.0011319564655423,550.956812,480.270977,8.0,180.0,-42.301559,-85.835487,-0.0,-19.021,-0.0,0.0991607755422592
0.168382927775383,0.0006753631751053,0.0009624006343074,550.956812,480.270977,9.0,180.0,-42.301559,-85.835487,-0.0,-19.021,-0.0,0.0807524845004081
0.2049139738082885,0.0006580299232155,0.0009899593424052,550.956812,480.270977,10.0,180.0,-42.301559,-85.835487,-0.0,-19.021,-0.0,0.0950065776705741
0.2186751216650009,0.0005823117098771,0.0008869504672475,550.956812,480.270977,11.0,180.0,-42.301559,-85.835487,-0.0,-19.021,-0.0,0.0998178869485855
0.2392554730176925,0.000510080368258,0.0007963387761265,550.956812,480.270977,12.0,180.0,-42.301559,-85.835487,-0.0,-19.021,-0.0,0.1057364344596862
0.2442173361778259,0.0004940391518175,0.0007771234959363,550.956812,480.270977,13.0,180.0,-42.301559,-85.835487,-0.0,-19.021,-0.0,0.1151464730501174
0.2242516279220581,0.0004372897092252,0.0006685468833893,550.956812,480.270977,14.0,180.0,-42.301559,-85.835487,-0.0,-19.021,-0.0,0.1050593927502632
0.2279627621173858,0.000396657444071,0.0005972965154796,550.956812,480.270977,15.0,180.0,-42.301559,-85.835487,-0.0,-19.021,-0.0,0.101254291832447
0.2058148235082626,0.0004220403789076,0.0006216831970959,550.956812,480.270977,16.0,180.0,-42.301559,-85.835487,-0.0,-19.021,-0.0,0.0959134846925735
0.2569633722305298,0.0003450856602285,0.000551963050384,550.956812,480.270977,17.0,180.0,-42.301559,-85.835487,-0.0,-19.021,-0.0,0.1207209900021553
0.2269011735916137,0.0002717102179303,0.0004031413700431,550.956812,480.270977,18.0,180.0,-42.301559,-85.835487,-0.0,-19.021,-0.0,0.1046047657728195
0.2670640051364898,0.0002759306225925,0.0004438834730535,550.956812,480.270977,19.0,180.0,-42.301559,-85.835487,-0.0,-19.021,-0.0,0.1314972639083862
0.189376100897789,0.0006591030978597,0.0009758699452504,550.956812,480.270977,0.0,180.0,-42.301559,-85.835487,-0.0,-19.015,-0.0,0.0777688771486282
0.171842873096466,0.0007075432222336,0.0010324828326702,550.956812,480.270977,1.0,180.0,-42.301559,-85.835487,-0.0,-19.015,-0.0,0.0641590654850006
0.2275829762220382,0.0008292665588669,0.0012979013845324,550.956812,480.270977,2.0,180.0,-42.301559,-85.835487,-0.0,-19.015,-0.0,0.1184337437152862
0.2045615762472152,0.0008255522116087,0.0012198130134493,550.956812,480.270977,3.0,180.0,-42.301559,-85.835487,-0.0,-19.015,-0.0,0.1075303852558136
0.1731262356042862,0.0008226843201555,0.0011609797365963,550.956812,480.270977,4.0,180.0,-42.301559,-85.835487,-0.0,-19.015,-0.0,0.0909744426608085
0.1436114758253097,0.0008742596837691,0.0011574422242119,550.956812,480.270977,5.0,180.0,-42.301559,-85.835487,-0.0,-19.015,-0.0,0.076711393892765
0.1043194979429245,0.0008404619875364,0.0010334112448617,550.956812,480.270977,6.0,180.0,-42.301559,-85.835487,-0.0,-19.015,-0.0,0.0660623610019683
0.0860761106014251,0.0008422636310569,0.0009820595150813,550.956812,480.270977,7.0,180.0,-42.301559,-85.835487,-0.0,-19.015,-0.0,0.0558104179799556
0.0958277881145477,0.0007840581238269,0.0009289634181186,550.956812,480.270977,8.0,180.0,-42.301559,-85.835487,-0.0,-19.015,-0.0,0.0588388480246067
0.068638727068901,0.0008477438241243,0.0009781686821952,550.956812,480.270977,9.0,180.0,-42.301559,-85.835487,-0.0,-19.015,-0.0,0.0413447730243206
0.0861401557922363,0.0008347787079401,0.0009795032674446,550.956812,480.270977,10.0,180.0,-42.301559,-85.835487,-0.0,-19.015,-0.0,0.0577855668962001
0.1004559695720672,0.0006899605505168,0.0008208707440644,550.956812,480.270977,11.0,180.0,-42.301559,-85.835487,-0.0,-19.015,-0.0,0.0608471482992172
0.0964777022600174,0.0007061052601784,0.0008370632422156,550.956812,480.270977,12.0,180.0,-42.301559,-85.835487,-0.0,-19.015,-0.0,0.0604931563138961
0.0710096582770347,0.000534061808139,0.0006056584534235,550.956812,480.270977,13.0,180.0,-42.301559,-85.835487,-0.0,-19.015,-0.0,0.0399458445608615
0.1105767264962196,0.000577088096179,0.0006881731096655,550.956812,480.270977,14.0,180.0,-42.301559,-85.835487,-0.0,-19.015,-0.0,0.0605584718286991
0.0993903949856758,0.0005161431035958,0.0006035556434653,550.956812,480.270977,15.0,180.0,-42.301559,-85.835487,-0.0,-19.015,-0.0,0.0537323504686355
0.1193540394306182,0.0004412835405673,0.0005259828176349,550.956812,480.270977,16.0,180.0,-42.301559,-85.835487,-0.0,-19.015,-0.0,0.0627873316407203
0.138750746846199,0.0003430302313063,0.0004123293620068,550.956812,480.270977,17.0,180.0,-42.301559,-85.835487,-0.0,-19.015,-0.0,0.0663718059659004
0.1358556598424911,0.0003077422443311,0.0003653884923551,550.956812,480.270977,18.0,180.0,-42.301559,-85.835487,-0.0,-19.015,-0.0,0.0564444810152053
0.1425959020853042,0.000286714406684,0.000344315834809,550.956812,480.270977,19.0,180.0,-42.301559,-85.835487,-0.0,-19.015,-0.0,0.0619609653949737
0.3070088028907776,0.0003861390287056,0.0006485591875389,550.956812,480.270977,0.0,180.0,-42.301559,-85.835487,-0.0,-21.61,-87.395,0.111705869436264
0.3002907037734985,0.0004447315295692,0.0007330150110647,550.956812,480.270977,1.0,180.0,-42.301559,-85.835487,-0.0,-21.61,-87.395,0.1039131358265876
0.2329558581113815,0.0005213015247136,0.0008027415024116,550.956812,480.270977,2.0,180.0,-42.301559,-85.835487,-0.0,-21.61,-87.395,0.0785779058933258
0.2566067576408386,0.0005407225107774,0.000855584279634,550.956812,480.270977,3.0,180.0,-42.301559,-85.835487,-0.0,-21.61,-87.395,0.0864876732230186
0.2264313846826553,0.0006290574092417,0.0009520939202047,550.956812,480.270977,4.0,180.0,-42.301559,-85.835487,-0.0,-21.61,-87.395,0.0732320249080658
0.2118816375732422,0.0006879778229631,0.0010304886382073,550.956812,480.270977,5.0,180.0,-42.301559,-85.835487,-0.0,-21.61,-87.395,0.0743846967816352
0.2476643770933151,0.0007592202746309,0.0011956200469285,550.956812,480.270977,6.0,180.0,-42.301559,-85.835487,-0.0,-21.61,-87.395,0.0974566265940666
0.2145655453205108,0.0007848449749872,0.0011838753707706,550.956812,480.270977,7.0,180.0,-42.301559,-85.835487,-0.0,-21.61,-87.395,0.0752108469605445
0.1971613466739654,0.0008217778522521,0.001208676258102,550.956812,480.270977,8.0,180.0,-42.301559,-85.835487,-0.0,-21.61,-87.395,0.0692472159862518
0.2123962640762329,0.0009409916237927,0.001430268632248,550.956812,480.270977,9.0,180.0,-42.301559,-85.835487,-0.0,-21.61,-87.395,0.0822352096438407
0.2391236871480941,0.0009230204159393,0.0014535501832142,550.956812,480.270977,10.0,180.0,-42.301559,-85.835487,-0.0,-21.61,-87.395,0.1047524660825729
0.2147061377763748,0.0009172462741844,0.0014045253628864,550.956812,480.270977,11.0,180.0,-42.301559,-85.835487,-0.0,-21.61,-87.395,0.0879994109272956
0.1903980076313018,0.0009441513684578,0.00141110655386,550.956812,480.270977,12.0,180.0,-42.301559,-85.835487,-0.0,-21.61,-87.395,0.0621370114386081
0.2176358103752136,0.0008231070823967,0.0012575951404869,550.956812,480.270977,13.0,180.0,-42.301559,-85.835487,-0.0,-21.61,-87.395,0.0786715969443321
0.2121804654598236,0.0008700662874616,0.0013263220898807,550.956812,480.270977,14.0,180.0,-42.301559,-85.835487,-0.0,-21.61,-87.395,0.0826341062784195
0.2403101325035095,0.0009338084491901,0.0014797520125284,550.956812,480.270977,15.0,180.0,-42.301559,-85.835487,-0.0,-21.61,-87.395,0.0992426946759224
0.244654580950737,0.0008874519262462,0.0014188694767653,550.956812,480.270977,16.0,180.0,-42.301559,-85.835487,-0.0,-21.61,-87.395,0.1164754554629325
0.1944993585348129,0.0008453773916698,0.0012767332373186,550.956812,480.270977,17.0,180.0,-42.301559,-85.835487,-0.0,-21.61,-87.395,0.0793968737125396
0.1916336864233017,0.0008676613797433,0.0013076417380943,550.956812,480.270977,18.0,180.0,-42.301559,-85.835487,-0.0,-21.61,-87.395,0.0754880458116531
0.2104537189006805,0.0007529211579822,0.0011633695103228,550.956812,480.270977,19.0,180.0,-42.301559,-85.835487,-0.0,-21.61,-87.395,0.0909020230174064
0.2358372062444687,0.0003990271070506,0.000601865700446,550.956812,480.270977,0.0,180.0,-42.301559,-85.835487,-0.0,-21.734,-91.538,0.0791507735848426
0.292970597743988,0.0004444175283424,0.0007399357855319,550.956812,480.270977,1.0,180.0,-42.301559,-85.835487,-0.0,-21.734,-91.538,0.1085117757320404
0.2626740634441376,0.0004827721859328,0.0007750008953735,550.956812,480.270977,2.0,180.0,-42.301559,-85.835487,-0.0,-21.734,-91.538,0.0944499000906944
0.2238447517156601,0.0004915224271826,0.000751186220441,550.956812,480.270977,3.0,180.0,-42.301559,-85.835487,-0.0,-21.734,-91.538,0.0702903270721435
0.2377703785896301,0.0006445972830988,0.0010130589362233,550.956812,480.270977,4.0,180.0,-42.301559,-85.835487,-0.0,-21.734,-91.538,0.0912714973092079
0.2450876235961914,0.0006339967949315,0.000998989213258,550.956812,480.270977,5.0,180.0,-42.301559,-85.835487,-0.0,-21.734,-91.538,0.089657112956047
0.2049328982830047,0.0006983174243941,0.0010486782994121,550.956812,480.270977,6.0,180.0,-42.301559,-85.835487,-0.0,-21.734,-91.538,0.0748841166496276
0.2145402133464813,0.0007603008416481,0.001154163153842,550.956812,480.270977,7.0,180.0,-42.301559,-85.835487,-0.0,-21.734,-91.538,0.0851595848798751
0.2252709418535232,0.00085313571617,0.0013232341734692,550.956812,480.270977,8.0,180.0,-42.301559,-85.835487,-0.0,-21.734,-91.538,0.0941086560487747
0.2270700633525848,0.0008461545221507,0.0013153197942301,550.956812,480.270977,9.0,180.0,-42.301559,-85.835487,-0.0,-21.734,-91.538,0.0907174125313758
0.2183961868286132,0.0009381066192872,0.0014503750717267,550.956812,480.270977,10.0,180.0,-42.301559,-85.835487,-0.0,-21.734,-91.538,0.0884642601013183
0.2265102416276931,0.0008529385086148,0.0013271340867504,550.956812,480.270977,11.0,180.0,-42.301559,-85.835487,-0.0,-21.734,-91.538,0.0877708345651626
0.18628890812397,0.0009323020349256,0.0013761351583525,550.956812,480.270977,12.0,180.0,-42.301559,-85.835487,-0.0,-21.734,-91.538,0.0742509290575981
0.2216365039348602,0.0009388661128468,0.0014651394449174,550.956812,480.270977,13.0,180.0,-42.301559,-85.835487,-0.0,-21.734,-91.538,0.0902486965060234
0.1800678670406341,0.0008701451588422,0.0012858158443123,550.956812,480.270977,14.0,180.0,-42.301559,-85.835487,-0.0,-21.734,-91.538,0.0617805086076259
0.2319559156894683,0.0008292576530948,0.0013058128533884,550.956812,480.270977,15.0,180.0,-42.301559,-85.835487,-0.0,-21.734,-91.538,0.0965723395347595
0.2242457717657089,0.0008868793956935,0.0013862766791135,550.956812,480.270977,16.0,180.0,-42.301559,-85.835487,-0.0,-21.734,-91.538,0.0910802111029625
0.2448076009750366,0.0007543457322753,0.0012111786054447,550.956812,480.270977,17.0,180.0,-42.301559,-85.835487,-0.0,-21.734,-91.538,0.1065727397799491
0.2390800416469574,0.0007826836663298,0.0012512740213423,550.956812,480.270977,18.0,180.0,-42.301559,-85.835487,-0.0,-21.734,-91.538,0.1048045381903648
0.2427949458360672,0.0006975309806875,0.0011229530209675,550.956812,480.270977,19.0,180.0,-42.301559,-85.835487,-0.0,-21.734,-91.538,0.1087183952331543
0.2695969045162201,0.0001194056530948,0.0001598222734173,550.956812,480.270977,0.0,180.0,-42.301559,-85.835487,-0.0,-21.563,144.096,0.106007345020771
0.2308474332094192,0.0001682540460024,0.0002233666600659,550.956812,480.270977,1.0,180.0,-42.301559,-85.835487,-0.0,-21.563,144.096,0.0926012247800827
0.2584655880928039,0.0001489591086283,0.0002014334895648,550.956812,480.270977,2.0,180.0,-42.301559,-85.835487,-0.0,-21.563,144.096,0.1020664572715759
0.2608844041824341,0.000155500267283,0.0002116705873049,550.956812,480.270977,3.0,180.0,-42.301559,-85.835487,-0.0,-21.563,144.096,0.1090450063347816
0.2447994947433471,0.000168246901012,0.0002256585721625,550.956812,480.270977,4.0,180.0,-42.301559,-85.835487,-0.0,-21.563,144.096,0.0978735759854316
0.2466015964746475,0.0001739364815875,0.0002287278330186,550.956812,480.270977,5.0,180.0,-42.301559,-85.835487,-0.0,-21.563,144.096,0.0829426571726799
0.2020077556371688,0.0001989469310501,0.0002429701416986,550.956812,480.270977,6.0,180.0,-42.301559,-85.835487,-0.0,-21.563,144.096,0.0704046413302421
0.2101921141147613,0.0002116810210281,0.0002591524389572,550.956812,480.270977,7.0,180.0,-42.301559,-85.835487,-0.0,-21.563,144.096,0.0647974088788032
0.2172963470220565,0.0002379995421506,0.0002962106373161,550.956812,480.270977,8.0,180.0,-42.301559,-85.835487,-0.0,-21.563,144.096,0.0768236368894577
0.145236000418663,0.0003149246331304,0.0003564419457688,550.956812,480.270977,9.0,180.0,-42.301559,-85.835487,-0.0,-21.563,144.096,0.0547888576984405
0.1883420497179031,0.0002576777187641,0.0003101117035839,550.956812,480.270977,10.0,180.0,-42.301559,-85.835487,-0.0,-21.563,144.096,0.0673369392752647
0.1724845916032791,0.0002455578651279,0.0002869071031454,550.956812,480.270977,11.0,180.0,-42.301559,-85.835487,-0.0,-21.563,144.096,0.0551316551864147
0.1883097141981125,0.000249826000072,0.0003054543340113,550.956812,480.270977,12.0,180.0,-42.301559,-85.835487,-0.0,-21.563,144.096,0.0648575276136398
0.1871578246355056,0.0002379672223469,0.0002892576449085,550.956812,480.270977,13.0,180.0,-42.301559,-85.835487,-0.0,-21.563,144.096,0.0697181522846221
0.2450991868972778,0.0002550598583184,0.0003532127011567,550.956812,480.270977,14.0,180.0,-42.301559,-85.835487,-0.0,-21.563,144.096,0.0945514291524887
0.291728526353836,0.0002344399690628,0.0003579962358344,550.956812,480.270977,15.0,180.0,-42.301559,-85.835487,-0.0,-21.563,144.096,0.111910842359066
0.3028531670570373,0.0002295456943102,0.0003589892294257,550.956812,480.270977,16.0,180.0,-42.301559,-85.835487,-0.0,-21.563,144.096,0.1181405186653137
0.3080379962921142,0.0001890246057882,0.0002980760473292,550.956812,480.270977,17.0,180.0,-42.301559,-85.835487,-0.0,-21.563,144.096,0.1136172860860824
0.2799285054206848,0.0001970529556274,0.0002906270965468,550.956812,480.270977,18.0,180.0,-42.301559,-85.835487,-0.0,-21.563,144.096,0.087393432855606
0.2790663540363312,0.0002075318188872,0.000307792040985,550.956812,480.270977,19.0,180.0,-42.301559,-85.835487,-0.0,-21.563,144.096,0.0999169126152992
0.2081104516983032,0.0001475016179028,0.0001812045229598,550.956812,480.270977,0.0,180.0,-42.301559,-85.835487,-0.0,-22.381,-180.0,0.0675416961312294
0.2523696422576904,0.0001313020911766,0.000171609368408,550.956812,480.270977,1.0,180.0,-42.301559,-85.835487,-0.0,-22.381,-180.0,0.0787316858768463
0.270221471786499,0.0001273021334782,0.0001724780886434,550.956812,480.270977,2.0,180.0,-42.301559,-85.835487,-0.0,-22.381,-180.0,0.090822160243988
0.2619043588638305,0.0001443646324332,0.0001969303120858,550.956812,480.270977,3.0,180.0,-42.301559,-85.835487,-0.0,-22.381,-180.0,0.0838977843523025
0.2372370362281799,0.0001482935185777,0.0001935658656293,550.956812,480.270977,4.0,180.0,-42.301559,-85.835487,-0.0,-22.381,-180.0,0.075578935444355
0.2452550828456878,0.0001678363041719,0.0002216499997302,550.956812,480.270977,5.0,180.0,-42.301559,-85.835487,-0.0,-22.381,-180.0,0.0810225382447242
0.2433051317930221,0.0001768276852089,0.0002282462228322,550.956812,480.270977,6.0,180.0,-42.301559,-85.835487,-0.0,-22.381,-180.0,0.0723706781864166
0.1985092312097549,0.0002410379820503,0.0002910508192144,550.956812,480.270977,7.0,180.0,-42.301559,-85.835487,-0.0,-22.381,-180.0,0.0709686577320098
0.1687224954366684,0.0002896246442105,0.0003554222057573,550.956812,480.270977,8.0,180.0,-42.301559,-85.835487,-0.0,-22.381,-180.0,0.0603217631578445
0.2242841571569442,0.0002783522650133,0.0003829180495813,550.956812,480.270977,9.0,180.0,-42.301559,-85.835487,-0.0,-22.381,-180.0,0.0864154547452926
0.2522005438804626,0.0002680314064491,0.0003853546222671,550.956812,480.270977,10.0,180.0,-42.301559,-85.835487,-0.0,-22.381,-180.0,0.0886793509125709
0.2783344686031341,0.0002854389022104,0.0004399122553877,550.956812,480.270977,11.0,180.0,-42.301559,-85.835487,-0.0,-22.381,-180.0,0.1001292020082473
0.2700288891792297,0.0002792690647765,0.0004324037581682,550.956812,480.270977,12.0,180.0,-42.301559,-85.835487,-0.0,-22.381,-180.0,0.096236765384674
0.2249387949705124,0.0002946212189272,0.0004144039121456,550.956812,480.270977,13.0,180.0,-42.301559,-85.835487,-0.0,-22.381,-180.0,0.070709116756916
0.2734700441360473,0.0002358143246965,0.0003574267902877,550.956812,480.270977,14.0,180.0,-42.301559,-85.835487,-0.0,-22.381,-180.0,0.0876078829169273
0.2828662991523742,0.000255151069723,0.0003983339702244,550.956812,480.270977,15.0,180.0,-42.301559,-85.835487,-0.0,-22.381,-180.0,0.0927871689200401
0.2390736043453216,0.0003130596596747,0.0004601780965458,550.956812,480.270977,16.0,180.0,-42.301559,-85.835487,-0.0,-22.381,-180.0,0.084141120314598
0.2816314399242401,0.0003159360494464,0.000496445747558,550.956812,480.270977,17.0,180.0,-42.301559,-85.835487,-0.0,-22.381,-180.0,0.0957469269633293
0.2777854204177856,0.0003610817366279,0.0005667633377015,550.956812,480.270977,18.0,180.0,-42.301559,-85.835487,-0.0,-22.381,-180.0,0.0983809828758239
0.2928251326084137,0.0003150548727717,0.0005079177208244,550.956812,480.270977,19.0,180.0,-42.301559,-85.835487,-0.0,-22.381,-180.0,0.102700836956501
0.2754910290241241,0.0001411304110661,0.0002021781401708,550.956812,480.270977,0.0,180.0,-42.301559,-85.835487,-0.0,-22.378,-180.0,0.1120694428682327
0.283245176076889,0.0001006563397822,0.0001450862764613,550.956812,480.270977,1.0,180.0,-42.301559,-85.835487,-0.0,-22.378,-180.0,0.1048644259572029
0.2448329925537109,0.0001437906757928,0.0001943020179169,550.956812,480.270977,2.0,180.0,-42.301559,-85.835487,-0.0,-22.378,-180.0,0.0975624248385429
0.3092132806777954,0.0001224818988703,0.0001946017000591,550.956812,480.270977,3.0,180.0,-42.301559,-85.835487,-0.0,-22.378,-180.0,0.1097490862011909
0.2426154464483261,0.0001636574597796,0.0002305177040398,550.956812,480.270977,4.0,180.0,-42.301559,-85.835487,-0.0,-22.378,-180.0,0.0866897404193878
0.2737272679805755,0.0001390477700624,0.0002051396295428,550.956812,480.270977,5.0,180.0,-42.301559,-85.835487,-0.0,-22.378,-180.0,0.1051373407244682
0.2704596817493438,0.0001637453096918,0.0002458812668919,550.956812,480.270977,6.0,180.0,-42.301559,-85.835487,-0.0,-22.378,-180.0,0.0885177999734878
0.2614839076995849,0.0002151195949409,0.0003264895058237,550.956812,480.270977,7.0,180.0,-42.301559,-85.835487,-0.0,-22.378,-180.0,0.0905719548463821
0.2618983089923858,0.0002231657708762,0.0003331805637571,550.956812,480.270977,8.0,180.0,-42.301559,-85.835487,-0.0,-22.378,-180.0,0.0972242951393127
0.2954787313938141,0.0001811301335692,0.0002861520333681,550.956812,480.270977,9.0,180.0,-42.301559,-85.835487,-0.0,-22.378,-180.0,0.0956799536943435
0.2086421400308609,0.0002732357825152,0.0003785100707318,550.956812,480.270977,10.0,180.0,-42.301559,-85.835487,-0.0,-22.378,-180.0,0.0709773302078247
0.292440265417099,0.000231819023611,0.0003656063636299,550.956812,480.270977,11.0,180.0,-42.301559,-85.835487,-0.0,-22.378,-180.0,0.1026557758450508
0.2908753454685211,0.0002126562176272,0.0003359789843671,550.956812,480.270977,12.0,180.0,-42.301559,-85.835487,-0.0,-22.378,-180.0,0.0906015336513519
0.2885647714138031,0.0002858642837963,0.0004562396497931,550.956812,480.270977,13.0,180.0,-42.301559,-85.835487,-0.0,-22.378,-180.0,0.0931001678109169
0.288181334733963,0.0002669947862159,0.0004284913884475,550.956812,480.270977,14.0,180.0,-42.301559,-85.835487,-0.0,-22.378,-180.0,0.1016618981957435
0.336650937795639,0.0002349422138649,0.0004152979818172,550.956812,480.270977,15.0,180.0,-42.301559,-85.835487,-0.0,-22.378,-180.0,0.1120824739336967
0.337607741355896,0.0002718656614888,0.0004809666716028,550.956812,480.270977,16.0,180.0,-42.301559,-85.835487,-0.0,-22.378,-180.0,0.1153931394219398
0.3477225601673126,0.0002579240826889,0.0004598199157044,550.956812,480.270977,17.0,180.0,-42.301559,-85.835487,-0.0,-22.378,-180.0,0.1183495968580246
0.3286947906017303,0.0002368375280639,0.0004139113298151,550.956812,480.270977,18.0,180.0,-42.301559,-85.835487,-0.0,-22.378,-180.0,0.1128649786114692
0.3316863179206848,0.0002571276272647,0.0004556073108687,550.956812,480.270977,19.0,180.0,-42.301559,-85.835487,-0.0,-22.378,-180.0,0.1130425259470939
0.2709351778030395,0.0001056588007486,0.0001453594159102,550.956812,480.270977,0.0,180.0,-42.301559,-85.835487,-0.0,-22.393,-180.0,0.0967118963599205
0.2642206251621246,0.0001266130857402,0.0001787489600246,550.956812,480.270977,1.0,180.0,-42.301559,-85.835487,-0.0,-22.393,-180.0,0.1056404411792755
0.3016693592071533,0.0001178867169073,0.0001786968059604,550.956812,480.270977,2.0,180.0,-42.301559,-85.835487,-0.0,-22.393,-180.0,0.119328424334526
0.2897429764270782,0.0001317853311775,0.0001978294167201,550.956812,480.270977,3.0,180.0,-42.301559,-85.835487,-0.0,-22.393,-180.0,0.1058646589517593
0.3256743550300598,0.0001186042281915,0.0001933594467118,550.956812,480.270977,4.0,180.0,-42.301559,-85.835487,-0.0,-22.393,-180.0,0.124139979481697
0.2844615876674652,0.0001925916003528,0.0003045359335374,550.956812,480.270977,5.0,180.0,-42.301559,-85.835487,-0.0,-22.393,-180.0,0.1087405234575271
0.305334061384201,0.0001800669851945,0.0002858728985302,550.956812,480.270977,6.0,180.0,-42.301559,-85.835487,-0.0,-22.393,-180.0,0.1105755418539047
0.2750355899333954,0.0001946911652339,0.0002976551186293,550.956812,480.270977,7.0,180.0,-42.301559,-85.835487,-0.0,-22.393,-180.0,0.0988037511706352
0.2981351912021637,0.0001769949885783,0.0002745593665167,550.956812,480.270977,8.0,180.0,-42.301559,-85.835487,-0.0,-22.393,-180.0,0.1015094369649887
0.2966682016849518,0.0001975040941033,0.0003086313954554,550.956812,480.270977,9.0,180.0,-42.301559,-85.835487,-0.0,-22.393,-180.0,0.099667876958847
0.2759423553943634,0.0002275724109495,0.0003463435859885,550.956812,480.270977,10.0,180.0,-42.301559,-85.835487,-0.0,-22.393,-180.0,0.1008020043373107
0.2930769026279449,0.0002093504299409,0.0003273038892075,550.956812,480.270977,11.0,180.0,-42.301559,-85.835487,-0.0,-22.393,-180.0,0.0954101011157035
0.3351519703865051,0.000222821108764,0.000380220968509,550.956812,480.270977,12.0,180.0,-42.301559,-85.835487,-0.0,-22.393,-180.0,0.1076101139187812
0.33107590675354,0.0002120798453688,0.0003644828393589,550.956812,480.270977,13.0,180.0,-42.301559,-85.835487,-0.0,-22.393,-180.0,0.1016895398497581
0.1776960790157318,0.0003799506230279,0.0005107522592879,550.956812,480.270977,14.0,180.0,-42.301559,-85.835487,-0.0,-22.393,-180.0,0.0551057755947113
0.2322859168052673,0.0002749491832219,0.0004019863263238,550.956812,480.270977,15.0,180.0,-42.301559,-85.835487,-0.0,-22.393,-180.0,0.0784916132688522
0.2433445751667022,0.0003026576596312,0.0004480845236685,550.956812,480.270977,16.0,180.0,-42.301559,-85.835487,-0.0,-22.393,-180.0,0.0798722431063652
0.2852377593517303,0.0002616815036162,0.000422176788561,550.956812,480.270977,17.0,180.0,-42.301559,-85.835487,-0.0,-22.393,-180.0,0.094938039779663
0.2751999199390411,0.0002747707185335,0.0004372772527858,550.956812,480.270977,18.0,180.0,-42.301559,-85.835487,-0.0,-22.393,-180.0,0.0861483737826347
0.2773905396461487,0.0003114513528998,0.0005054282373748,550.956812,480.270977,19.0,180.0,-42.301559,-85.835487,-0.0,-22.393,-180.0,0.096943624317646
0.3310705423355102,8.899797830963507e-05,0.0001442557550035,550.956812,480.270977,0.0,180.0,-42.301559,-85.835487,-0.0,-22.334,-180.0,0.1272223591804504
0.2665504217147827,0.0001142303444794,0.0001592385815456,550.956812,480.270977,1.0,180.0,-42.301559,-85.835487,-0.0,-22.334,-180.0,0.0916130542755127
0.2737553119659424,0.0001384962088195,0.0001968131982721,550.956812,480.270977,2.0,180.0,-42.301559,-85.835487,-0.0,-22.334,-180.0,0.1064951494336128
0.2701778709888458,0.0001427805400453,0.0002067210152745,550.956812,480.270977,3.0,180.0,-42.301559,-85.835487,-0.0,-22.334,-180.0,0.1010574996471405
0.2629976272583008,0.0001539750519441,0.000217950422666,550.956812,480.270977,4.0,180.0,-42.301559,-85.835487,-0.0,-22.334,-180.0,0.0986161604523658
0.3102669417858124,0.0001230523630511,0.0001917708286782,550.956812,480.270977,5.0,180.0,-42.301559,-85.835487,-0.0,-22.334,-180.0,0.1045504063367843
0.2798438370227813,0.0001629476610105,0.0002435383794363,550.956812,480.270977,6.0,180.0,-42.301559,-85.835487,-0.0,-22.334,-180.0,0.0952419564127922
0.2438005805015564,0.0001964417897397,0.0002826223790179,550.956812,480.270977,7.0,180.0,-42.301559,-85.835487,-0.0,-22.334,-180.0,0.0801934450864791
0.1849549114704132,0.0002446015423629,0.0003160079941153,550.956812,480.270977,8.0,180.0,-42.301559,-85.835487,-0.0,-22.334,-180.0,0.0653987452387809
0.2485761493444442,0.0002256026637041,0.0003231232694815,550.956812,480.270977,9.0,180.0,-42.301559,-85.835487,-0.0,-22.334,-180.0,0.0851652696728706
0.2581114172935486,0.0002162582095479,0.000318383128615,550.956812,480.270977,10.0,180.0,-42.301559,-85.835487,-0.0,-22.334,-180.0,0.084706611931324
0.2389166504144668,0.0002730371488723,0.0003794519871007,550.956812,480.270977,11.0,180.0,-42.301559,-85.835487,-0.0,-22.334,-180.0,0.0899099335074424
0.2969780266284942,0.0002460521063767,0.0003932166146114,550.956812,480.270977,12.0,180.0,-42.301559,-85.835487,-0.0,-22.334,-180.0,0.0941190496087074
0.2548079192638397,0.0003053456894122,0.0004652642819564,550.956812,480.270977,13.0,180.0,-42.301559,-85.835487,-0.0,-22.334,-180.0,0.087648294866085
0.3178306221961975,0.0002931685303337,0.0004980510566383,550.956812,480.270977,14.0,180.0,-42.301559,-85.835487,-0.0,-22.334,-180.0,0.1052574515342712
0.3028862178325653,0.0002424895792501,0.0003978905733674,550.956812,480.270977,15.0,180.0,-42.301559,-85.835487,-0.0,-22.334,-180.0,0.0942163467407226
0.2528004944324493,0.0002961191930808,0.0004549429577309,550.956812,480.270977,16.0,180.0,-42.301559,-85.835487,-0.0,-22.334,-180.0,0.085387609899044
0.3322806656360626,0.0002421121898805,0.000427658931585,550.956812,480.270977,17.0,180.0,-42.301559,-85.835487,-0.0,-22.334,-180.0,0.1152359023690223
0.2987551391124725,0.0002973767986986,0.0005051652551628,550.956812,480.270977,18.0,180.0,-42.301559,-85.835487,-0.0,-22.334,-180.0,0.1044417545199394
0.3615590035915375,0.0002438385999994,0.0004490645369514,550.956812,480.270977,19.0,180.0,-42.301559,-85.835487,-0.0,-22.334,-180.0,0.112626239657402
0.3058948218822479,9.883676830213516e-05,0.0001511787850176,550.956812,480.270977,0.0,180.0,-42.301559,-85.835487,-0.0,-22.38,-180.0,0.1174023225903511
0.2899952232837677,0.0001277729461435,0.000192857987713,550.956812,480.270977,1.0,180.0,-42.301559,-85.835487,-0.0,-22.38,-180.0,0.1140579208731651
0.3262364268302917,0.0001029393533826,0.0001674794475547,550.956812,480.270977,2.0,180.0,-42.301559,-85.835487,-0.0,-22.38,-180.0,0.1173391789197921
0.286104291677475,0.0001244871818926,0.0001890781131805,550.956812,480.270977,3.0,180.0,-42.301559,-85.835487,-0.0,-22.38,-180.0,0.1015791893005371
0.21851646900177,0.0001624082797206,0.0002128146006725,550.956812,480.270977,4.0,180.0,-42.301559,-85.835487,-0.0,-22.38,-180.0,0.0762320980429649
0.2433539777994156,0.0001671456120675,0.000228032193263,550.956812,480.270977,5.0,180.0,-42.301559,-85.835487,-0.0,-22.38,-180.0,0.0826405808329582
0.2320497184991836,0.0002108548796968,0.00030092135421,550.956812,480.270977,6.0,180.0,-42.301559,-85.835487,-0.0,-22.38,-180.0,0.0841676816344261
0.3118481338024139,0.0001627854071557,0.0002677272714208,550.956812,480.270977,7.0,180.0,-42.301559,-85.835487,-0.0,-22.38,-180.0,0.1085721477866172
0.2506180107593536,0.0001558013464091,0.0002216177817899,550.956812,480.270977,8.0,180.0,-42.301559,-85.835487,-0.0,-22.38,-180.0,0.0783150643110275
0.2548496127128601,0.000196217035409,0.0002890110772568,550.956812,480.270977,9.0,180.0,-42.301559,-85.835487,-0.0,-22.38,-180.0,0.0924563780426979
0.3185547292232513,0.0001836448936956,0.0003074116248171,550.956812,480.270977,10.0,180.0,-42.301559,-85.835487,-0.0,-22.38,-180.0,0.1144885048270225
0.3628081381320953,0.0002036184014286,0.0003714025660883,550.956812,480.270977,11.0,180.0,-42.301559,-85.835487,-0.0,-22.38,-180.0,0.1200385689735412
0.2754671573638916,0.0002982394653372,0.0004759559815283,550.956812,480.270977,12.0,180.0,-42.301559,-85.835487,-0.0,-22.38,-180.0,0.0877376943826675
0.2872085273265838,0.0002630151284392,0.000425331556471,550.956812,480.270977,13.0,180.0,-42.301559,-85.835487,-0.0,-22.38,-180.0,0.0946956798434257
0.3306805491447449,0.0002314799639862,0.000400328222895,550.956812,480.270977,14.0,180.0,-42.301559,-85.835487,-0.0,-22.38,-180.0,0.1032812669873237
0.3405492007732391,0.0002236452273791,0.0003976623993366,550.956812,480.270977,15.0,180.0,-42.301559,-85.835487,-0.0,-22.38,-180.0,0.1092997565865516
0.3373771607875824,0.0002092020586133,0.0003756203514058,550.956812,480.270977,16.0,180.0,-42.301559,-85.835487,-0.0,-22.38,-180.0,0.1051549538969993
0.2842386960983276,0.000266732298769,0.0004355516284704,550.956812,480.270977,17.0,180.0,-42.301559,-85.835487,-0.0,-22.38,-180.0,0.0917431563138961
0.3140182793140411,0.0002687383384909,0.0004681013524532,550.956812,480.270977,18.0,180.0,-42.301559,-85.835487,-0.0,-22.38,-180.0,0.1043267697095871
0.2481556087732315,0.000356479518814,0.0005617706337943,550.956812,480.270977,19.0,180.0,-42.301559,-85.835487,-0.0,-22.38,-180.0,0.0812722370028495
0.2848781943321228,9.737442451296374e-05,0.0001399738684995,550.956812,480.270977,0.0,180.0,-42.301559,-85.835487,-0.0,-22.277,-180.0,0.0986476689577102
0.189121589064598,0.0001823335333028,0.0002213594998465,550.956812,480.270977,1.0,180.0,-42.301559,-85.835487,-0.0,-22.277,-180.0,0.0728044882416725
0.238115131855011,0.0001538323849672,0.0002072902425425,550.956812,480.270977,2.0,180.0,-42.301559,-85.835487,-0.0,-22.277,-180.0,0.0914536863565445
0.2007704675197601,0.0001790140231605,0.0002274732105433,550.956812,480.270977,3.0,180.0,-42.301559,-85.835487,-0.0,-22.277,-180.0,0.075983926653862
0.2819081842899322,0.0001279503339901,0.0001893158478196,550.956812,480.270977,4.0,180.0,-42.301559,-85.835487,-0.0,-22.277,-180.0,0.0958538055419921
0.2398569136857986,0.0001711043005343,0.000234455554164,550.956812,480.270977,5.0,180.0,-42.301559,-85.835487,-0.0,-22.277,-180.0,0.0817603021860122
0.2032603323459625,0.0002044924185611,0.0002646367356646,550.956812,480.270977,6.0,180.0,-42.301559,-85.835487,-0.0,-22.277,-180.0,0.0726315081119537
0.2714730203151703,0.0001746991329127,0.0002528880431782,550.956812,480.270977,7.0,180.0,-42.301559,-85.835487,-0.0,-22.277,-180.0,0.0928830355405807
0.2310620695352554,0.0002541193098295,0.0003635988105088,550.956812,480.270977,8.0,180.0,-42.301559,-85.835487,-0.0,-22.277,-180.0,0.0861702337861061
0.2682934701442718,0.0002259981265524,0.0003526661312207,550.956812,480.270977,9.0,180.0,-42.301559,-85.835487,-0.0,-22.277,-180.0,0.1045178771018982
0.2836378216743469,0.0002243064664071,0.0003582937351893,550.956812,480.270977,10.0,180.0,-42.301559,-85.835487,-0.0,-22.277,-180.0,0.1010889634490013
0.283744215965271,0.0002345646935282,0.0003853818634524,550.956812,480.270977,11.0,180.0,-42.301559,-85.835487,-0.0,-22.277,-180.0,0.0900721922516822
0.2649737894535064,0.0002644398482516,0.00041335739661,550.956812,480.270977,12.0,180.0,-42.301559,-85.835487,-0.0,-22.277,-180.0,0.0905121117830276
0.2535885572433471,0.0002881998952943,0.0004408710519783,550.956812,480.270977,13.0,180.0,-42.301559,-85.835487,-0.0,-22.277,-180.0,0.0908475518226623
0.3300192952156067,0.0002213516709161,0.0003966741496697,550.956812,480.270977,14.0,180.0,-42.301559,-85.835487,-0.0,-22.277,-180.0,0.1103442385792732
0.3094482123851776,0.0002382489619776,0.0004130565503146,550.956812,480.270977,15.0,180.0,-42.301559,-85.835487,-0.0,-22.277,-180.0,0.0981645956635475
0.2621120810508728,0.0003143806243315,0.0005064418073743,550.956812,480.270977,16.0,180.0,-42.301559,-85.835487,-0.0,-22.277,-180.0,0.0897095873951911
0.350666344165802,0.0002428615407552,0.0004529446305241,550.956812,480.270977,17.0,180.0,-42.301559,-85.835487,-0.0,-22.277,-180.0,0.1205054819583892
0.35634246468544,0.0002398619253654,0.000462074734969,550.956812,480.270977,18.0,180.0,-42.301559,-85.835487,-0.0,-22.277,-180.0,0.1210020035505294
0.3616609275341034,0.0002761892101261,0.0005292712012305,550.956812,480.270977,19.0,180.0,-42.301559,-85.835487,-0.0,-22.277,-180.0,0.1196194663643837
0.1852312833070755,0.0001672469079494,0.0001999916130444,550.956812,480.270977,0.0,180.0,-42.301559,-85.835487,-0.0,-22.274,-180.0,0.0650739595293998
0.2390808165073394,0.0001338379224762,0.0001751194649841,550.956812,480.270977,1.0,180.0,-42.301559,-85.835487,-0.0,-22.274,-180.0,0.0899934023618698
0.2682355940341949,0.0001448593102395,0.0002040829567704,550.956812,480.270977,2.0,180.0,-42.301559,-85.835487,-0.0,-22.274,-180.0,0.102312222123146
0.2732338011264801,0.0001453650620533,0.0002047308953478,550.956812,480.270977,3.0,180.0,-42.301559,-85.835487,-0.0,-22.274,-180.0,0.0948318839073181
0.2843048572540283,0.0001252457004738,0.0001827067171689,550.956812,480.270977,4.0,180.0,-42.301559,-85.835487,-0.0,-22.274,-180.0,0.0933678746223449
0.2470834702253341,0.0001841054327087,0.0002506197488401,550.956812,480.270977,5.0,180.0,-42.301559,-85.835487,-0.0,-22.274,-180.0,0.0828493535518646
0.2561982870101928,0.0001587623701198,0.0002219785383203,550.956812,480.270977,6.0,180.0,-42.301559,-85.835487,-0.0,-22.274,-180.0,0.0849895477294921
0.2951526045799255,0.0001453771401429,0.0002214983105659,550.956812,480.270977,7.0,180.0,-42.301559,-85.835487,-0.0,-22.274,-180.0,0.1033251658082008
0.2180461436510086,0.0002085369487758,0.0002755997702479,550.956812,480.270977,8.0,180.0,-42.301559,-85.835487,-0.0,-22.274,-180.0,0.0742348656058311
0.275468111038208,0.0002167598286177,0.0003323743585497,550.956812,480.270977,9.0,180.0,-42.301559,-85.835487,-0.0,-22.274,-180.0,0.0933870002627372
0.285386323928833,0.0002347121044294,0.0003728123265318,550.956812,480.270977,10.0,180.0,-42.301559,-85.835487,-0.0,-22.274,-180.0,0.1030995771288871
0.3180141150951385,0.0002330397110199,0.0003916732675861,550.956812,480.270977,11.0,180.0,-42.301559,-85.835487,-0.0,-22.274,-180.0,0.1005425676703453
0.3051308393478393,0.0002984191523864,0.0005002826219424,550.956812,480.270977,12.0,180.0,-42.301559,-85.835487,-0.0,-22.274,-180.0,0.1084146127104759
0.3251473307609558,0.000223891925998,0.0003919106675311,550.956812,480.270977,13.0,180.0,-42.301559,-85.835487,-0.0,-22.274,-180.0,0.09866514056921
0.3048125505447387,0.0002553224621806,0.0004170449101366,550.956812,480.270977,14.0,180.0,-42.301559,-85.835487,-0.0,-22.274,-180.0,0.1019080802798271
0.343026340007782,0.0002829733421094,0.0005167415365576,550.956812,480.270977,15.0,180.0,-42.301559,-85.835487,-0.0,-22.274,-180.0,0.1115529909729957
0.3264654874801636,0.0002782154770102,0.0004963354440405,550.956812,480.270977,16.0,180.0,-42.301559,-85.835487,-0.0,-22.274,-180.0,0.1070346757769584
0.3442758917808532,0.000286707188934,0.000524342234712,550.956812,480.270977,17.0,180.0,-42.301559,-85.835487,-0.0,-22.274,-180.0,0.1075386926531791
0.3326815068721771,0.0002901130937971,0.0005243583000265,550.956812,480.270977,18.0,180.0,-42.301559,-85.835487,-0.0,-22.274,-180.0,0.1055122911930084
0.3227806091308594,0.000226773918257,0.0004038829065393,550.956812,480.270977,19.0,180.0,-42.301559,-85.835487,-0.0,-22.274,-180.0,0.0990192517638206
0.2871642410755157,0.0001298757269978,0.0001800672907847,550.956812,480.270977,0.0,180.0,-42.301559,-85.835487,0.0,-22.271,-180.0,0.1007701382040977
0.3043185770511627,0.0001127551149693,0.000162737298524,550.956812,480.270977,1.0,180.0,-42.301559,-85.835487,0.0,-22.271,-180.0,0.1023548319935798
0.2570649981498718,0.0001255728420801,0.0001668986660661,550.956812,480.270977,2.0,180.0,-42.301559,-85.835487,0.0,-22.271,-180.0,0.0854983553290367
0.2168215960264206,0.0001624076685402,0.0002066102460958,550.956812,480.270977,3.0,180.0,-42.301559,-85.835487,0.0,-22.271,-180.0,0.0668898746371269
0.1924269050359726,0.0001832789130276,0.0002173585817217,550.956812,480.270977,4.0,180.0,-42.301559,-85.835487,0.0,-22.271,-180.0,0.0564152523875236
0.2012601047754287,0.0001913422893267,0.0002377981290919,550.956812,480.270977,5.0,180.0,-42.301559,-85.835487,0.0,-22.271,-180.0,0.0630470812320709
0.1938690245151519,0.0002588141651358,0.0003227622946724,550.956812,480.270977,6.0,180.0,-42.301559,-85.835487,0.0,-22.271,-180.0,0.0787276476621627
0.2869576215744018,0.0001529829605715,0.000219087160076,550.956812,480.270977,7.0,180.0,-42.301559,-85.835487,0.0,-22.271,-180.0,0.1009112745523452
0.2260841131210327,0.0002432545297779,0.0003257045464124,550.956812,480.270977,8.0,180.0,-42.301559,-85.835487,0.0,-22.271,-180.0,0.0776700228452682
0.2487925738096237,0.0002763342054095,0.0004174778878223,550.956812,480.270977,9.0,180.0,-42.301559,-85.835487,0.0,-22.271,-180.0,0.0832391455769538
0.3060998618602752,0.0002055595978163,0.0003372402570676,550.956812,480.270977,10.0,180.0,-42.301559,-85.835487,0.0,-22.271,-180.0,0.105643406510353
0.3192166090011596,0.0002270209224661,0.0003836286196019,550.956812,480.270977,11.0,180.0,-42.301559,-85.835487,0.0,-22.271,-180.0,0.099588043987751
0.2980737388134002,0.0002490198530722,0.0004076014447491,550.956812,480.270977,12.0,180.0,-42.301559,-85.835487,0.0,-22.271,-180.0,0.0973661392927169
0.3454916477203369,0.0002055515215033,0.0003696750791277,550.956812,480.270977,13.0,180.0,-42.301559,-85.835487,0.0,-22.271,-180.0,0.1139693036675453
0.3562036752700805,0.0002342319930903,0.0004261388967279,550.956812,480.270977,14.0,180.0,-42.301559,-85.835487,0.0,-22.271,-180.0,0.1061920747160911
0.3020053803920746,0.0002997615083586,0.0005070884362794,550.956812,480.270977,15.0,180.0,-42.301559,-85.835487,0.0,-22.271,-180.0,0.1069325804710388
0.3020064532756805,0.0002665980136953,0.0004446900566108,550.956812,480.270977,16.0,180.0,-42.301559,-85.835487,0.0,-22.271,-180.0,0.0952638983726501
0.3297897279262543,0.000270729244221,0.0004838017048314,550.956812,480.270977,17.0,180.0,-42.301559,-85.835487,0.0,-22.271,-180.0,0.1002781614661216
0.3227230012416839,0.0003155044396407,0.00056084303651,550.956812,480.270977,18.0,180.0,-42.301559,-85.835487,0.0,-22.271,-180.0,0.1095720008015632
0.3512921929359436,0.0002863344852812,0.0005325934034772,550.956812,480.270977,19.0,180.0,-42.301559,-85.835487,0.0,-22.271,-180.0,0.1143162176012992
0.245755448937416,0.0001114831975428,0.000143260214827,550.956812,480.270977,0.0,180.0,-42.301559,-85.835487,-0.0,-22.24,-180.0,0.0769422501325607
0.1841680407524109,0.0001675573730608,0.0001973758044186,550.956812,480.270977,1.0,180.0,-42.301559,-85.835487,-0.0,-22.24,-180.0,0.0606522783637046
0.2080390602350235,0.0001594457280589,0.0001948687131516,550.956812,480.270977,2.0,180.0,-42.301559,-85.835487,-0.0,-22.24,-180.0,0.0664326399564743
0.2129179239273071,0.0001866243837866,0.0002353257295908,550.956812,480.270977,3.0,180.0,-42.301559,-85.835487,-0.0,-22.24,-180.0,0.0717820823192596
0.2349823713302612,0.0001705877803033,0.0002190406230511,550.956812,480.270977,4.0,180.0,-42.301559,-85.835487,-0.0,-22.24,-180.0,0.0727987736463546
0.2375435680150985,0.0001774784032022,0.0002291281271027,550.956812,480.270977,5.0,180.0,-42.301559,-85.835487,-0.0,-22.24,-180.0,0.0786552876234054
0.2158107012510299,0.0001730398071231,0.000211693055462,550.956812,480.270977,6.0,180.0,-42.301559,-85.835487,-0.0,-22.24,-180.0,0.064669445157051
0.1804288476705551,0.000289730989607,0.0003622780786827,550.956812,480.270977,7.0,180.0,-42.301559,-85.835487,-0.0,-22.24,-180.0,0.0637311339378357
0.2145309895277023,0.0002192939573433,0.0002917567617259,550.956812,480.270977,8.0,180.0,-42.301559,-85.835487,-0.0,-22.24,-180.0,0.0787356495857238
0.3032437562942505,0.0002009441377595,0.0003272627363912,550.956812,480.270977,9.0,180.0,-42.301559,-85.835487,-0.0,-22.24,-180.0,0.1086152270436286
0.198755994439125,0.0002828859433066,0.0003776225203182,550.956812,480.270977,10.0,180.0,-42.301559,-85.835487,-0.0,-22.24,-180.0,0.063252180814743
0.2388436198234558,0.0002357142075197,0.0003329142055008,550.956812,480.270977,11.0,180.0,-42.301559,-85.835487,-0.0,-22.24,-180.0,0.075906902551651
0.2570065259933471,0.0003024573379661,0.0004647243767976,550.956812,480.270977,12.0,180.0,-42.301559,-85.835487,-0.0,-22.24,-180.0,0.0882995575666427
0.3298182189464569,0.0002152125234715,0.0003751335316337,550.956812,480.270977,13.0,180.0,-42.301559,-85.835487,-0.0,-22.24,-180.0,0.1125757619738578
0.3290892839431762,0.0002462689299136,0.0004332256212364,550.956812,480.270977,14.0,180.0,-42.301559,-85.835487,-0.0,-22.24,-180.0,0.109776385128498
0.3086148500442505,0.0002644534106366,0.0004477957263588,550.956812,480.270977,15.0,180.0,-42.301559,-85.835487,-0.0,-22.24,-180.0,0.0951729193329811
0.28616464138031,0.0002835878403857,0.0004613230703398,550.956812,480.270977,16.0,180.0,-42.301559,-85.835487,-0.0,-22.24,-180.0,0.0908312574028968
0.3101211488246918,0.000279271742329,0.0004816462751477,550.956812,480.270977,17.0,180.0,-42.301559,-85.835487,-0.0,-22.24,-180.0,0.0993878543376922
0.2986963391304016,0.0002615382836665,0.0004484844685066,550.956812,480.270977,18.0,180.0,-42.301559,-85.835487,-0.0,-22.24,-180.0,0.0965282693505287
0.3585222661495209,0.000248490658123,0.0004629608592949,550.956812,480.270977,19.0,180.0,-42.301559,-85.835487,-0.0,-22.24,-180.0,0.1194169968366622
0.2345025390386581,0.0001368129451293,0.0001680224813753,550.956812,480.270977,0.0,180.0,-42.301559,-85.835487,-0.0,-22.201,-180.0,0.0739082843065261
0.2419067770242691,0.0001292988163186,0.00016269471962,550.956812,480.270977,1.0,180.0,-42.301559,-85.835487,-0.0,-22.201,-180.0,0.0757331624627113
0.2380034029483795,0.0001451095886295,0.0001735280675347,550.956812,480.270977,2.0,180.0,-42.301559,-85.835487,-0.0,-22.201,-180.0,0.0649385005235672
0.2220175862312317,0.0001624742290005,0.0002006055437959,550.956812,480.270977,3.0,180.0,-42.301559,-85.835487,-0.0,-22.201,-180.0,0.0697635859251022
0.2114908397197723,0.0001659564732108,0.0002018653030972,550.956812,480.270977,4.0,180.0,-42.301559,-85.835487,-0.0,-22.201,-180.0,0.0672680288553237
0.1898976862430572,0.0001867112878244,0.0002209364611189,550.956812,480.270977,5.0,180.0,-42.301559,-85.835487,-0.0,-22.201,-180.0,0.0522295609116554
0.173689067363739,0.0002357694465899,0.0002840911911334,550.956812,480.270977,6.0,180.0,-42.301559,-85.835487,-0.0,-22.201,-180.0,0.0648602843284607
0.2525339126586914,0.0001917832851177,0.0002487197052687,550.956812,480.270977,7.0,180.0,-42.301559,-85.835487,-0.0,-22.201,-180.0,0.0831052139401435
0.2112142592668533,0.0002902053529396,0.0003827295731753,550.956812,480.270977,8.0,180.0,-42.301559,-85.835487,-0.0,-22.201,-180.0,0.0851418599486351
0.3261984884738922,0.0001711268851067,0.0002806569973472,550.956812,480.270977,9.0,180.0,-42.301559,-85.835487,-0.0,-22.201,-180.0,0.1052283495664596
0.2923773527145386,0.0002210628299508,0.0003406448522582,550.956812,480.270977,10.0,180.0,-42.301559,-85.835487,-0.0,-22.201,-180.0,0.1003873720765113
0.3078831434249878,0.0001944702089531,0.0003110548132099,550.956812,480.270977,11.0,180.0,-42.301559,-85.835487,-0.0,-22.201,-180.0,0.1058758720755577
0.3351695239543915,0.0002280609187437,0.0003960151225328,550.956812,480.270977,12.0,180.0,-42.301559,-85.835487,-0.0,-22.201,-180.0,0.1151368916034698
0.2646964788436889,0.000244046372245,0.000363280181773,550.956812,480.270977,13.0,180.0,-42.301559,-85.835487,-0.0,-22.201,-180.0,0.0842264369130134
0.244033396244049,0.0003083599440287,0.0004545409465208,550.956812,480.270977,14.0,180.0,-42.301559,-85.835487,-0.0,-22.201,-180.0,0.0783627033233642
0.3151339590549469,0.0002727802202571,0.0004655170778278,550.956812,480.270977,15.0,180.0,-42.301559,-85.835487,-0.0,-22.201,-180.0,0.1133403107523918
0.3127108514308929,0.0002709579421207,0.0004569986485876,550.956812,480.270977,16.0,180.0,-42.301559,-85.835487,-0.0,-22.201,-180.0,0.0987817794084549
0.3199791610240936,0.0002799608628265,0.0004777208960149,550.956812,480.270977,17.0,180.0,-42.301559,-85.835487,-0.0,-22.201,-180.0,0.1078812777996063
0.3614941835403442,0.0002446410362608,0.0004511641454882,550.956812,480.270977,18.0,180.0,-42.301559,-85.835487,-0.0,-22.201,-180.0,0.1194870099425315
0.3341013789176941,0.0002610698575153,0.0004644811269827,550.956812,480.270977,19.0,180.0,-42.301559,-85.835487,-0.0,-22.201,-180.0,0.1091262847185134
0.2772879898548126,0.0001280010183108,0.0001861885393736,550.956812,480.270977,0.0,180.0,-42.301559,-85.835487,-0.0,-22.199,-180.0,0.1186872646212577
0.2592228353023529,0.0001447518588975,0.000206546857953,550.956812,480.270977,1.0,180.0,-42.301559,-85.835487,-0.0,-22.199,-180.0,0.1062786653637886
0.2915505468845367,0.000114111106086,0.0001721993467072,550.956812,480.270977,2.0,180.0,-42.301559,-85.835487,-0.0,-22.199,-180.0,0.114078588783741
0.298262745141983,0.000135046779178,0.0002101816935464,550.956812,480.270977,3.0,180.0,-42.301559,-85.835487,-0.0,-22.199,-180.0,0.117092415690422
0.3190928101539612,0.0001351705723209,0.0002172102103941,550.956812,480.270977,4.0,180.0,-42.301559,-85.835487,-0.0,-22.199,-180.0,0.1175546944141388
0.2527484595775604,0.0001849413965828,0.0002615904377307,550.956812,480.270977,5.0,180.0,-42.301559,-85.835487,-0.0,-22.199,-180.0,0.0917620584368705
0.2811717987060547,0.0001611721381777,0.0002443253470119,550.956812,480.270977,6.0,180.0,-42.301559,-85.835487,-0.0,-22.199,-180.0,0.0978756248950958
0.2366287410259246,0.0002050183684332,0.000285128771793,550.956812,480.270977,7.0,180.0,-42.301559,-85.835487,-0.0,-22.199,-180.0,0.0833206176757812
0.2771887183189392,0.0001880811323644,0.0002814802282955,550.956812,480.270977,8.0,180.0,-42.301559,-85.835487,-0.0,-22.199,-180.0,0.0949134826660156
0.2801353335380554,0.0001857982133515,0.00028941873461,550.956812,480.270977,9.0,180.0,-42.301559,-85.835487,-0.0,-22.199,-180.0,0.0878938660025596
0.2417083233594894,0.0002067061868729,0.0002972296497318,550.956812,480.270977,10.0,180.0,-42.301559,-85.835487,-0.0,-22.199,-180.0,0.0823541358113288
0.2672719061374664,0.0002206446661148,0.0003365670854691,550.956812,480.270977,11.0,180.0,-42.301559,-85.835487,-0.0,-22.199,-180.0,0.0866121500730514
0.2649173438549042,0.0002629855298437,0.0003928212681785,550.956812,480.270977,12.0,180.0,-42.301559,-85.835487,-0.0,-22.199,-180.0,0.0822277292609214
0.3089070916175842,0.000230428908253,0.0003841413999907,550.956812,480.270977,13.0,180.0,-42.301559,-85.835487,-0.0,-22.199,-180.0,0.1052595898509025
0.327261745929718,0.0002530026540625,0.0004450809210538,550.956812,480.270977,14.0,180.0,-42.301559,-85.835487,-0.0,-22.199,-180.0,0.1113015264272689
0.2945555448532104,0.0002595909754745,0.0004228328180033,550.956812,480.270977,15.0,180.0,-42.301559,-85.835487,-0.0,-22.199,-180.0,0.1015678569674491
0.3240164518356323,0.0002924373548012,0.0005086203454993,550.956812,480.270977,16.0,180.0,-42.301559,-85.835487,-0.0,-22.199,-180.0,0.1154391095042228
0.3325451016426086,0.0002622635220177,0.0004623220884241,550.956812,480.270977,17.0,180.0,-42.301559,-85.835487,-0.0,-22.199,-180.0,0.1096168160438537
0.3404524624347687,0.0002762641524896,0.0005004762788303,550.956812,480.270977,18.0,180.0,-42.301559,-85.835487,-0.0,-22.199,-180.0,0.1148648187518119
0.3522627353668213,0.0002374266332481,0.0004349809896666,550.956812,480.270977,19.0,180.0,-42.301559,-85.835487,-0.0,-22.199,-180.0,0.1147451624274253
0.2751935720443725,0.0001020511917886,0.0001436538441339,550.956812,480.270977,0.0,180.0,-42.301559,-85.835487,-0.0,-22.159,-180.0,0.096620537340641
0.3069563210010528,0.0001218765100929,0.0001865077356342,550.956812,480.270977,1.0,180.0,-42.301559,-85.835487,-0.0,-22.159,-180.0,0.1218525320291519
0.3249187469482422,0.0001081817754311,0.0001751535746734,550.956812,480.270977,2.0,180.0,-42.301559,-85.835487,-0.0,-22.159,-180.0,0.1222136095166206
0.2943075597286224,0.0001385767536703,0.0002124710736097,550.956812,480.270977,3.0,180.0,-42.301559,-85.835487,-0.0,-22.159,-180.0,0.1084434986114502
0.3042713403701782,0.0001420582266291,0.000228021890507,550.956812,480.270977,4.0,180.0,-42.301559,-85.835487,-0.0,-22.159,-180.0,0.1029461845755577
0.2297680675983429,0.0001667334145167,0.0002300603373441,550.956812,480.270977,5.0,180.0,-42.301559,-85.835487,-0.0,-22.159,-180.0,0.0828975662589073
0.2577990591526031,0.0001652850041864,0.00024011862115,550.956812,480.270977,6.0,180.0,-42.301559,-85.835487,-0.0,-22.159,-180.0,0.0922842398285865
0.2246591597795486,0.000234777748119,0.0003251384478062,550.956812,480.270977,7.0,180.0,-42.301559,-85.835487,-0.0,-22.159,-180.0,0.0868062004446983
0.277033656835556,0.0001953947939909,0.0002906496229115,550.956812,480.270977,8.0,180.0,-42.301559,-85.835487,-0.0,-22.159,-180.0,0.1019643992185592
0.2740160226821899,0.0002247689117211,0.0003464972251094,550.956812,480.270977,9.0,180.0,-42.301559,-85.835487,-0.0,-22.159,-180.0,0.0924346819519996
0.2203895151615142,0.0002705000806599,0.0003846257168333,550.956812,480.270977,10.0,180.0,-42.301559,-85.835487,-0.0,-22.159,-180.0,0.0722703710198402
0.2309436798095703,0.0003131851844955,0.0004501258663367,550.956812,480.270977,11.0,180.0,-42.301559,-85.835487,-0.0,-22.159,-180.0,0.0771258920431137
0.2773131132125854,0.0002419234660919,0.000376609939849,550.956812,480.270977,12.0,180.0,-42.301559,-85.835487,-0.0,-22.159,-180.0,0.0894074738025665
0.2746335864067077,0.0002783948148135,0.0004401774785947,550.956812,480.270977,13.0,180.0,-42.301559,-85.835487,-0.0,-22.159,-180.0,0.0968965590000152
0.2934559881687164,0.000260668923147,0.000421139964601,550.956812,480.270977,14.0,180.0,-42.301559,-85.835487,-0.0,-22.159,-180.0,0.0923308879137039
0.2874934077262878,0.0002619589795358,0.0004308391362428,550.956812,480.270977,15.0,180.0,-42.301559,-85.835487,-0.0,-22.159,-180.0,0.1030311211943626
0.3607781231403351,0.0002183539036195,0.0004077665798831,550.956812,480.270977,16.0,180.0,-42.301559,-85.835487,-0.0,-22.159,-180.0,0.1188467890024185
0.3141644597053528,0.0002418363874312,0.0004212605126667,550.956812,480.270977,17.0,180.0,-42.301559,-85.835487,-0.0,-22.159,-180.0,0.0941307470202446
0.3467364609241485,0.0002826299460139,0.0005152560188435,550.956812,480.270977,18.0,180.0,-42.301559,-85.835487,-0.0,-22.159,-180.0,0.1157716810703277
0.3370026350021362,0.0002472695487085,0.0004491764993872,550.956812,480.270977,19.0,180.0,-42.301559,-85.835487,-0.0,-22.159,-180.0,0.1061151921749115
0.2562578320503235,0.000132237561047,0.0001713289384497,550.956812,480.270977,0.0,180.0,-42.301559,-85.835487,-0.0,-22.08,-180.0,0.0868382006883621
0.192062109708786,0.0001436204474885,0.0001694465026957,550.956812,480.270977,1.0,180.0,-42.301559,-85.835487,-0.0,-22.08,-180.0,0.0484638400375843
0.1666855961084365,0.0001942874660016,0.0002200719900429,550.956812,480.270977,2.0,180.0,-42.301559,-85.835487,-0.0,-22.08,-180.0,0.0470118895173072
0.2390772700309753,0.0001496786135248,0.0001893345033749,550.956812,480.270977,3.0,180.0,-42.301559,-85.835487,-0.0,-22.08,-180.0,0.0772422030568122
0.2528729140758514,0.0001490097638452,0.000193746163859,550.956812,480.270977,4.0,180.0,-42.301559,-85.835487,-0.0,-22.08,-180.0,0.0770510137081146
0.2580013275146484,0.0001378194865537,0.0001822924677981,550.956812,480.270977,5.0,180.0,-42.301559,-85.835487,-0.0,-22.08,-180.0,0.0732910186052322
0.2057701051235199,0.0002038172679021,0.0002503471332602,550.956812,480.270977,6.0,180.0,-42.301559,-85.835487,-0.0,-22.08,-180.0,0.0666073933243751
0.2011709660291671,0.0002319776103831,0.0002877456427086,550.956812,480.270977,7.0,180.0,-42.301559,-85.835487,-0.0,-22.08,-180.0,0.0698542520403862
0.2110999226570129,0.0002432971232337,0.0003127007803414,550.956812,480.270977,8.0,180.0,-42.301559,-85.835487,-0.0,-22.08,-180.0,0.0764186978340148
0.1952214390039444,0.0002884335408452,0.0003760507388506,550.956812,480.270977,9.0,180.0,-42.301559,-85.835487,-0.0,-22.08,-180.0,0.0763798356056213
0.2062174677848816,0.0002715167647693,0.0003631648432929,550.956812,480.270977,10.0,180.0,-42.301559,-85.835487,-0.0,-22.08,-180.0,0.0787708535790443
0.2904685735702514,0.0002676447911653,0.0004247917968314,550.956812,480.270977,11.0,180.0,-42.301559,-85.835487,-0.0,-22.08,-180.0,0.1020592153072357
0.292721152305603,0.0002235245920019,0.0003526591463014,550.956812,480.270977,12.0,180.0,-42.301559,-85.835487,-0.0,-22.08,-180.0,0.0896339416503906
0.317162275314331,0.0002234856219729,0.000376041571144,550.956812,480.270977,13.0,180.0,-42.301559,-85.835487,-0.0,-22.08,-180.0,0.108615905046463
0.3171489834785461,0.0002462423290126,0.0004202580312266,550.956812,480.270977,14.0,180.0,-42.301559,-85.835487,-0.0,-22.08,-180.0,0.1069437116384506
0.3394891321659088,0.0002623534819576,0.0004618365201167,550.956812,480.270977,15.0,180.0,-42.301559,-85.835487,-0.0,-22.08,-180.0,0.1154436841607093
0.3455394506454468,0.0002764109231065,0.000499375979416,550.956812,480.270977,16.0,180.0,-42.301559,-85.835487,-0.0,-22.08,-180.0,0.120121344923973
0.3446077406406402,0.0002532501821406,0.0004597634833771,550.956812,480.270977,17.0,180.0,-42.301559,-85.835487,-0.0,-22.08,-180.0,0.1124815717339515
0.3458324372768402,0.0002269119722768,0.0004099462821613,550.956812,480.270977,18.0,180.0,-42.301559,-85.835487,-0.0,-22.08,-180.0,0.1055217832326889
0.3584364354610443,0.0002633510448504,0.0004896407481282,550.956812,480.270977,19.0,180.0,-42.301559,-85.835487,-0.0,-22.08,-180.0,0.1222687363624572
0.2190925180912017,0.0001298874121857,0.0001572806504555,550.956812,480.270977,0.0,180.0,-42.301559,-85.835487,-0.0,-22.138,-180.0,0.0628663524985313
0.2173376828432083,0.0001453357690479,0.0001736884441925,550.956812,480.270977,1.0,180.0,-42.301559,-85.835487,-0.0,-22.138,-180.0,0.0623702257871627
0.2320078313350677,0.0001388879900332,0.0001780350285116,550.956812,480.270977,2.0,180.0,-42.301559,-85.835487,-0.0,-22.138,-180.0,0.0715877562761306
0.1977585852146148,0.0001821902260417,0.0002169553772546,550.956812,480.270977,3.0,180.0,-42.301559,-85.835487,-0.0,-22.138,-180.0,0.0629416406154632
0.1920087784528732,0.0001816907461034,0.0002186430210713,550.956812,480.270977,4.0,180.0,-42.301559,-85.835487,-0.0,-22.138,-180.0,0.0607149228453636
0.226651594042778,0.0001777272118488,0.0002218884619651,550.956812,480.270977,5.0,180.0,-42.301559,-85.835487,-0.0,-22.138,-180.0,0.0719092339277267
0.2527490854263305,0.0001926658733282,0.0002550962963141,550.956812,480.270977,6.0,180.0,-42.301559,-85.835487,-0.0,-22.138,-180.0,0.0828470736742019
0.2413802146911621,0.0002015018108068,0.0002659203018993,550.956812,480.270977,7.0,180.0,-42.301559,-85.835487,-0.0,-22.138,-180.0,0.0871782302856445
0.2335059493780136,0.0001949407887877,0.0002581861335784,550.956812,480.270977,8.0,180.0,-42.301559,-85.835487,-0.0,-22.138,-180.0,0.0749510005116462
0.2919812500476837,0.0002108893677359,0.0003312375338282,550.956812,480.270977,9.0,180.0,-42.301559,-85.835487,-0.0,-22.138,-180.0,0.0992467775940895
0.2375957667827606,0.0002310737181687,0.0003305297286715,550.956812,480.270977,10.0,180.0,-42.301559,-85.835487,-0.0,-22.138,-180.0,0.0788591355085372
0.3221221566200256,0.0001930120051838,0.0003283517726231,550.956812,480.270977,11.0,180.0,-42.301559,-85.835487,-0.0,-22.138,-180.0,0.098477728664875
0.3245260119438171,0.0001972525933524,0.0003331367915961,550.956812,480.270977,12.0,180.0,-42.301559,-85.835487,-0.0,-22.138,-180.0,0.0983961299061775
0.2746208310127258,0.0002569924399722,0.0004115774063393,550.956812,480.270977,13.0,180.0,-42.301559,-85.835487,-0.0,-22.138,-180.0,0.0911423712968826
0.2962225079536438,0.0002320517814951,0.0003838126722257,550.956812,480.270977,14.0,180.0,-42.301559,-85.835487,-0.0,-22.138,-180.0,0.0996722057461738
0.2824993431568146,0.000274235731922,0.0004316625127103,550.956812,480.270977,15.0,180.0,-42.301559,-85.835487,-0.0,-22.138,-180.0,0.0876969695091247
0.2490301132202148,0.0003308758023194,0.0005049504106864,550.956812,480.270977,16.0,180.0,-42.301559,-85.835487,-0.0,-22.138,-180.0,0.0789382383227348
0.3079089224338531,0.0002552378864493,0.0004306474002078,550.956812,480.270977,17.0,180.0,-42.301559,-85.835487,-0.0,-22.138,-180.0,0.1060582250356674
0.3007129728794098,0.0002566695620771,0.0004251175269018,550.956812,480.270977,18.0,180.0,-42.301559,-85.835487,-0.0,-22.138,-180.0,0.0894533842802047
0.3196854889392853,0.0003041762975044,0.0005274834111332,550.956812,480.270977,19.0,180.0,-42.301559,-85.835487,-0.0,-22.138,-180.0,0.1170815005898475
0.2593401968479156,0.0001210951450048,0.0001547706488054,550.956812,480.270977,0.0,180.0,-42.301559,-85.835487,-0.0,-22.053,-180.0,0.0785816311836242
0.2826336026191711,0.0001034555752994,0.0001383702765451,550.956812,480.270977,1.0,180.0,-42.301559,-85.835487,-0.0,-22.053,-180.0,0.0832792669534683
0.247919961810112,0.0001221624552272,0.0001563818223075,550.956812,480.270977,2.0,180.0,-42.301559,-85.835487,-0.0,-22.053,-180.0,0.0700860917568206
0.2191166430711746,0.0001865103695308,0.0002250050747534,550.956812,480.270977,3.0,180.0,-42.301559,-85.835487,-0.0,-22.053,-180.0,0.0677527263760566
0.2167509049177169,0.0001755676785251,0.0002105088351527,550.956812,480.270977,4.0,180.0,-42.301559,-85.835487,-0.0,-22.053,-180.0,0.0650596171617508
0.2669060826301574,0.0001427502866135,0.0001872041757451,550.956812,480.270977,5.0,180.0,-42.301559,-85.835487,-0.0,-22.053,-180.0,0.0810101330280304
0.2184345424175262,0.0001675499661359,0.0001999584928853,550.956812,480.270977,6.0,180.0,-42.301559,-85.835487,-0.0,-22.053,-180.0,0.0652995333075523
0.2397253662347793,0.0001853879221016,0.0002391101734247,550.956812,480.270977,7.0,180.0,-42.301559,-85.835487,-0.0,-22.053,-180.0,0.0777734965085983
0.1909965872764587,0.0002781210350804,0.0003467996721155,550.956812,480.270977,8.0,180.0,-42.301559,-85.835487,-0.0,-22.053,-180.0,0.0676159113645553
0.2062168270349502,0.0002861907996702,0.0003860406868625,550.956812,480.270977,9.0,180.0,-42.301559,-85.835487,-0.0,-22.053,-180.0,0.084339752793312
0.2571425139904022,0.0002377621131017,0.000345727574313,550.956812,480.270977,10.0,180.0,-42.301559,-85.835487,-0.0,-22.053,-180.0,0.0847283899784088
0.2846727669239044,0.0002506222808733,0.0003852382360491,550.956812,480.270977,11.0,180.0,-42.301559,-85.835487,-0.0,-22.053,-180.0,0.0981887876987457
0.2975839674472809,0.0002661131438799,0.0004290913057047,550.956812,480.270977,12.0,180.0,-42.301559,-85.835487,-0.0,-22.053,-180.0,0.1004467010498046
0.3067537248134613,0.0002357748162467,0.000380936107831,550.956812,480.270977,13.0,180.0,-42.301559,-85.835487,-0.0,-22.053,-180.0,0.0973643213510513
0.3068339824676513,0.0002759124326985,0.0004580548848025,550.956812,480.270977,14.0,180.0,-42.301559,-85.835487,-0.0,-22.053,-180.0,0.10364481061697
0.2385519742965698,0.0003008545318152,0.0004428224347066,550.956812,480.270977,15.0,180.0,-42.301559,-85.835487,-0.0,-22.053,-180.0,0.0746467038989067
0.2600978016853332,0.0003048292128369,0.0004624339053407,550.956812,480.270977,16.0,180.0,-42.301559,-85.835487,-0.0,-22.053,-180.0,0.0769952610135078
0.2506877779960632,0.0003003716410603,0.0004454772279132,550.956812,480.270977,17.0,180.0,-42.301559,-85.835487,-0.0,-22.053,-180.0,0.078580155968666
0.2741473317146301,0.0002666738873813,0.0004158710071351,550.956812,480.270977,18.0,180.0,-42.301559,-85.835487,-0.0,-22.053,-180.0,0.0930853113532066
0.3213059306144714,0.0002729010302573,0.0004662023566197,550.956812,480.270977,19.0,180.0,-42.301559,-85.835487,-0.0,-22.053,-180.0,0.1054527461528778
0.2811747193336487,7.964744145283476e-05,0.0001087696655304,550.956812,480.270977,0.0,180.0,-42.301559,-85.835487,-0.0,-22.056,-180.0,0.0804658308625221
0.2538802027702331,0.0001263854501303,0.0001634344953345,550.956812,480.270977,1.0,180.0,-42.301559,-85.835487,-0.0,-22.056,-180.0,0.0727173164486885
0.2353111058473587,0.0001359005982521,0.0001687863114057,550.956812,480.270977,2.0,180.0,-42.301559,-85.835487,-0.0,-22.056,-180.0,0.0673610046505928
0.2454652786254882,0.0001383997441735,0.0001798592857085,550.956812,480.270977,3.0,180.0,-42.301559,-85.835487,-0.0,-22.056,-180.0,0.0751366019248962
0.1759398579597473,0.0002110383356921,0.0002483486023265,550.956812,480.270977,4.0,180.0,-42.301559,-85.835487,-0.0,-22.056,-180.0,0.0554810129106044
0.2231222540140152,0.0001915630709845,0.0002439383388264,550.956812,480.270977,5.0,180.0,-42.301559,-85.835487,-0.0,-22.056,-180.0,0.072223424911499
0.2024572491645813,0.0001931503065861,0.0002401385136181,550.956812,480.270977,6.0,180.0,-42.301559,-85.835487,-0.0,-22.056,-180.0,0.0637827143073082
0.192097783088684,0.0002065050648525,0.0002525390009395,550.956812,480.270977,7.0,180.0,-42.301559,-85.835487,-0.0,-22.056,-180.0,0.0663220137357711
0.2053392231464386,0.0002303749643033,0.0002998433774337,550.956812,480.270977,8.0,180.0,-42.301559,-85.835487,-0.0,-22.056,-180.0,0.070431649684906
0.2061605006456375,0.0002585649781394,0.0003495508863124,550.956812,480.270977,9.0,180.0,-42.301559,-85.835487,-0.0,-22.056,-180.0,0.0710867866873741
0.1932700127363205,0.0003277991199865,0.0004423781938385,550.956812,480.270977,10.0,180.0,-42.301559,-85.835487,-0.0,-22.056,-180.0,0.0735059380531311
0.3235024511814117,0.000205037969863,0.000343778723618,550.956812,480.270977,11.0,180.0,-42.301559,-85.835487,-0.0,-22.056,-180.0,0.103563405573368
0.3013896346092224,0.0002354892349103,0.0003882474848069,550.956812,480.270977,12.0,180.0,-42.301559,-85.835487,-0.0,-22.056,-180.0,0.1047016456723213
0.3233920037746429,0.0002547849435359,0.0004353253461886,550.956812,480.270977,13.0,180.0,-42.301559,-85.835487,-0.0,-22.056,-180.0,0.1036829501390457
0.2735220491886139,0.0002936138480436,0.000468096055556,550.956812,480.270977,14.0,180.0,-42.301559,-85.835487,-0.0,-22.056,-180.0,0.0939523056149482
0.2884805798530578,0.0002570692740846,0.0004153000190854,550.956812,480.270977,15.0,180.0,-42.301559,-85.835487,-0.0,-22.056,-180.0,0.0888557061553001
0.2766841351985931,0.0003164173976983,0.0005105972522869,550.956812,480.270977,16.0,180.0,-42.301559,-85.835487,-0.0,-22.056,-180.0,0.0893635377287864
0.330910861492157,0.00023407995468,0.0004136803036089,550.956812,480.270977,17.0,180.0,-42.301559,-85.835487,-0.0,-22.056,-180.0,0.1042482852935791
0.3172211349010467,0.0002950858324766,0.0005155077087692,550.956812,480.270977,18.0,180.0,-42.301559,-85.835487,-0.0,-22.056,-180.0,0.1110730469226837
0.3447841703891754,0.000256186875049,0.0004617759550455,550.956812,480.270977,19.0,180.0,-42.301559,-85.835487,-0.0,-22.056,-180.0,0.1202296242117881
0.2362734973430633,0.0001167034279205,0.0001422351197106,550.956812,480.270977,0.0,180.0,-42.301559,-85.835487,-0.0,-21.956,-180.0,0.072930559515953
0.246835172176361,0.0001026098907459,0.0001323086908087,550.956812,480.270977,1.0,180.0,-42.301559,-85.835487,-0.0,-21.956,-180.0,0.0710663571953773
0.2550444006919861,0.0001263365556951,0.0001643288851482,550.956812,480.270977,2.0,180.0,-42.301559,-85.835487,-0.0,-21.956,-180.0,0.0725649371743202
0.1997923254966735,0.0001692627993179,0.0002032215852523,550.956812,480.270977,3.0,180.0,-42.301559,-85.835487,-0.0,-21.956,-180.0,0.0589944943785667
0.1934694647789001,0.0001927125413203,0.0002301601634826,550.956812,480.270977,4.0,180.0,-42.301559,-85.835487,-0.0,-21.956,-180.0,0.0629870668053627
0.2229134440422058,0.0002060695114778,0.0002622716419864,550.956812,480.270977,5.0,180.0,-42.301559,-85.835487,-0.0,-21.956,-180.0,0.0774796456098556
0.2458719313144683,0.0001730697549646,0.0002293470461154,550.956812,480.270977,6.0,180.0,-42.301559,-85.835487,-0.0,-21.956,-180.0,0.0798800662159919
0.2140993177890777,0.0002508389879949,0.0003284457779955,550.956812,480.270977,7.0,180.0,-42.301559,-85.835487,-0.0,-21.956,-180.0,0.0850373283028602
0.2042596936225891,0.0002149006904801,0.0002779086353257,550.956812,480.270977,8.0,180.0,-42.301559,-85.835487,-0.0,-21.956,-180.0,0.0747931376099586
0.277194619178772,0.0002106705069309,0.0003311768814455,550.956812,480.270977,9.0,180.0,-42.301559,-85.835487,-0.0,-21.956,-180.0,0.099641665816307
0.2958913147449493,0.0002065304142888,0.000341984181432,550.956812,480.270977,10.0,180.0,-42.301559,-85.835487,-0.0,-21.956,-180.0,0.1004568114876747
0.2412721216678619,0.0003278776130173,0.000497619563248,550.956812,480.270977,11.0,180.0,-42.301559,-85.835487,-0.0,-21.956,-180.0,0.081585980951786
0.2473532855510711,0.0002746669342741,0.0004190724284853,550.956812,480.270977,12.0,180.0,-42.301559,-85.835487,-0.0,-21.956,-180.0,0.0880401134490966
0.2841410338878631,0.0002572571393102,0.000420376076363,550.956812,480.270977,13.0,180.0,-42.301559,-85.835487,-0.0,-21.956,-180.0,0.0926232933998107
0.3052408695220947,0.0002377530181547,0.0004014388832729,550.956812,480.270977,14.0,180.0,-42.301559,-85.835487,-0.0,-21.956,-180.0,0.093935489654541
0.2978136539459228,0.000279080326436,0.0004738800926133,550.956812,480.270977,15.0,180.0,-42.301559,-85.835487,-0.0,-21.956,-180.0,0.0981811881065368
0.3020735085010528,0.0002880273386836,0.0004921526415273,550.956812,480.270977,16.0,180.0,-42.301559,-85.835487,-0.0,-21.956,-180.0,0.0984540358185768
0.2769455015659332,0.0003186356625519,0.000526875082869,550.956812,480.270977,17.0,180.0,-42.301559,-85.835487,-0.0,-21.956,-180.0,0.0955480858683586
0.3040089905261993,0.0002777830522973,0.0004815827996935,550.956812,480.270977,18.0,180.0,-42.301559,-85.835487,-0.0,-21.956,-180.0,0.0993445366621017
0.3191950023174286,0.0002686029183678,0.0004800912865903,550.956812,480.270977,19.0,180.0,-42.301559,-85.835487,-0.0,-21.956,-180.0,0.1040281653404235
0.2271678894758224,0.0001200662954943,0.0001462919317418,550.956812,480.270977,0.0,180.0,-42.301559,-85.835487,-0.0,-21.918,-180.0,0.0640795677900314
0.2524433434009552,0.0001402518391842,0.0001774066622601,550.956812,480.270977,1.0,180.0,-42.301559,-85.835487,-0.0,-21.918,-180.0,0.0823048427700996
0.263127326965332,0.0001213440846186,0.0001581512333359,550.956812,480.270977,2.0,180.0,-42.301559,-85.835487,-0.0,-21.918,-180.0,0.0786855295300483
0.2706329822540283,0.000126044586068,0.000170253770193,550.956812,480.270977,3.0,180.0,-42.301559,-85.835487,-0.0,-21.918,-180.0,0.0821843147277832
0.2341087013483047,0.0001650004705879,0.0002096036478178,550.956812,480.270977,4.0,180.0,-42.301559,-85.835487,-0.0,-21.918,-180.0,0.0687643811106681
0.1892719715833664,0.0002061025006696,0.0002448271552566,550.956812,480.270977,5.0,180.0,-42.301559,-85.835487,-0.0,-21.918,-180.0,0.0573327355086803
0.2460282891988754,0.0001477429614169,0.0001896875328384,550.956812,480.270977,6.0,180.0,-42.301559,-85.835487,-0.0,-21.918,-180.0,0.0741403996944427
0.1812471002340316,0.0002587322378531,0.0003177393518853,550.956812,480.270977,7.0,180.0,-42.301559,-85.835487,-0.0,-21.918,-180.0,0.0659235194325447
0.2217549830675125,0.0002079973055515,0.0002704079961404,550.956812,480.270977,8.0,180.0,-42.301559,-85.835487,-0.0,-21.918,-180.0,0.0771534144878387
0.2704263627529144,0.0002167761849705,0.0003181230567861,550.956812,480.270977,9.0,180.0,-42.301559,-85.835487,-0.0,-21.918,-180.0,0.0932213962078094
0.2289417088031768,0.0002866910363081,0.0004011650453321,550.956812,480.270977,10.0,180.0,-42.301559,-85.835487,-0.0,-21.918,-180.0,0.0727604329586029
0.2598817944526672,0.0002599082363303,0.0003781594277825,550.956812,480.270977,11.0,180.0,-42.301559,-85.835487,-0.0,-21.918,-180.0,0.0848500803112983
0.2822370529174804,0.0002284870279254,0.0003565141523722,550.956812,480.270977,12.0,180.0,-42.301559,-85.835487,-0.0,-21.918,-180.0,0.0951968505978584
0.3392274379730224,0.0002363243256695,0.0004133639740757,550.956812,480.270977,13.0,180.0,-42.301559,-85.835487,-0.0,-21.918,-180.0,0.1084544584155082
0.3351361155509949,0.0002475026121828,0.0004326558846514,550.956812,480.270977,14.0,180.0,-42.301559,-85.835487,-0.0,-21.918,-180.0,0.1113550066947937
0.2322505116462707,0.0002626292407512,0.0003871650260407,550.956812,480.270977,15.0,180.0,-42.301559,-85.835487,-0.0,-21.918,-180.0,0.0733759626746177
0.2852920591831207,0.0002884172135964,0.0004704915045294,550.956812,480.270977,16.0,180.0,-42.301559,-85.835487,-0.0,-21.918,-180.0,0.0899050235748291
0.3070000112056732,0.0002783898380585,0.0004726072365883,550.956812,480.270977,17.0,180.0,-42.301559,-85.835487,-0.0,-21.918,-180.0,0.1036692038178443
0.3126699030399322,0.0002561112050898,0.0004348357906565,550.956812,480.270977,18.0,180.0,-42.301559,-85.835487,-0.0,-21.918,-180.0,0.0892110988497734
0.3283290863037109,0.0003034463443327,0.0005379195790737,550.956812,480.270977,19.0,180.0,-42.301559,-85.835487,-0.0,-21.918,-180.0,0.1155689880251884
0.3012315630912781,0.0001020707204588,0.000139494150062,550.956812,480.270977,0.0,180.0,-42.301559,-85.835487,-0.0,-21.937,-180.0,0.092215321958065
0.2534970939159393,0.0001161754116765,0.000150006453623,550.956812,480.270977,1.0,180.0,-42.301559,-85.835487,-0.0,-21.937,-180.0,0.0711832195520401
0.2498852610588073,0.0001242365251528,0.0001627965248189,550.956812,480.270977,2.0,180.0,-42.301559,-85.835487,-0.0,-21.937,-180.0,0.0733592808246612
0.2512024343013763,0.0001354317791992,0.0001747732021613,550.956812,480.270977,3.0,180.0,-42.301559,-85.835487,-0.0,-21.937,-180.0,0.0765170007944107
0.20817531645298,0.0002039104583673,0.0002468671882525,550.956812,480.270977,4.0,180.0,-42.301559,-85.835487,-0.0,-21.937,-180.0,0.0654758512973785
0.2558867037296295,0.0001596191577846,0.000208761455724,550.956812,480.270977,5.0,180.0,-42.301559,-85.835487,-0.0,-21.937,-180.0,0.0782966390252113
0.2205524891614914,0.0001874739537015,0.0002354659081902,550.956812,480.270977,6.0,180.0,-42.301559,-85.835487,-0.0,-21.937,-180.0,0.0683991685509681
0.2385272979736328,0.0002077801182167,0.0002804158139042,550.956812,480.270977,7.0,180.0,-42.301559,-85.835487,-0.0,-21.937,-180.0,0.0898298174142837
0.2289400696754455,0.0002335940516786,0.0003220244543626,550.956812,480.270977,8.0,180.0,-42.301559,-85.835487,-0.0,-21.937,-180.0,0.0881887972354888
0.3114249110221863,0.0002002375404117,0.0003293747431598,550.956812,480.270977,9.0,180.0,-42.301559,-85.835487,-0.0,-21.937,-180.0,0.1056335642933845
0.2518756687641144,0.0002289883850608,0.000338648475008,550.956812,480.270977,10.0,180.0,-42.301559,-85.835487,-0.0,-21.937,-180.0,0.0753659233450889
0.2115967869758606,0.0002687299565877,0.0003696410276461,550.956812,480.270977,11.0,180.0,-42.301559,-85.835487,-0.0,-21.937,-180.0,0.0659669265151023
0.2886327803134918,0.0002420080127194,0.0003794807125814,550.956812,480.270977,12.0,180.0,-42.301559,-85.835487,-0.0,-21.937,-180.0,0.0938623398542404
0.3377382159233093,0.0002353755699004,0.000407179526519,550.956812,480.270977,13.0,180.0,-42.301559,-85.835487,-0.0,-21.937,-180.0,0.1114363744854927
0.3484302163124084,0.0002371813025092,0.0004195316869299,550.956812,480.270977,14.0,180.0,-42.301559,-85.835487,-0.0,-21.937,-180.0,0.1186168491840362
0.342754602432251,0.0002351799194002,0.0004210694169159,550.956812,480.270977,15.0,180.0,-42.301559,-85.835487,-0.0,-21.937,-180.0,0.1037911400198936
0.301485925912857,0.0002578558051027,0.0004342619213275,550.956812,480.270977,16.0,180.0,-42.301559,-85.835487,-0.0,-21.937,-180.0,0.0930521413683891
0.2973293960094452,0.0002624871849548,0.0004360476741567,550.956812,480.270977,17.0,180.0,-42.301559,-85.835487,-0.0,-21.937,-180.0,0.0865707322955131
0.2673900723457336,0.0003029827785212,0.0004765973135363,550.956812,480.270977,18.0,180.0,-42.301559,-85.835487,-0.0,-21.937,-180.0,0.089831456542015
0.3342143893241882,0.0002382870443398,0.0004225373268127,550.956812,480.270977,19.0,180.0,-42.301559,-85.835487,-0.0,-21.937,-180.0,0.1079660505056381
0.2257235646247863,0.0001214670410263,0.0001425497612217,550.956812,480.270977,0.0,180.0,-42.301559,-85.835487,-0.0,-21.817,-180.0,0.0594770796597003
0.211110845208168,0.0001611937623238,0.0001922511291923,550.956812,480.270977,1.0,180.0,-42.301559,-85.835487,-0.0,-21.817,-180.0,0.063037559390068
0.2374189049005508,0.0001301761658396,0.000161615156685,550.956812,480.270977,2.0,180.0,-42.301559,-85.835487,-0.0,-21.817,-180.0,0.062833048403263
0.1765514016151428,0.0001848600368248,0.0002100652491208,550.956812,480.270977,3.0,180.0,-42.301559,-85.835487,-0.0,-21.817,-180.0,0.0529913045465946
0.1904498487710952,0.0002075430384138,0.000246077106567,550.956812,480.270977,4.0,180.0,-42.301559,-85.835487,-0.0,-21.817,-180.0,0.0625809505581855
0.1397346705198288,0.0002257882006233,0.0002388004941167,550.956812,480.270977,5.0,180.0,-42.301559,-85.835487,-0.0,-21.817,-180.0,0.0397512763738632
0.1909079402685165,0.0001811501715565,0.0002117378753609,550.956812,480.270977,6.0,180.0,-42.301559,-85.835487,-0.0,-21.817,-180.0,0.0556695088744163
0.1459966897964477,0.0002568784111645,0.0002892758639063,550.956812,480.270977,7.0,180.0,-42.301559,-85.835487,-0.0,-21.817,-180.0,0.0513214208185672
0.2072855979204177,0.0002401956153335,0.0003102422633673,550.956812,480.270977,8.0,180.0,-42.301559,-85.835487,-0.0,-21.817,-180.0,0.0725875794887542
0.2052783966064453,0.0002384089748375,0.0003187942493241,550.956812,480.270977,9.0,180.0,-42.301559,-85.835487,-0.0,-21.817,-180.0,0.0724314972758293
0.1990226358175277,0.0003068159567192,0.0004001928900834,550.956812,480.270977,10.0,180.0,-42.301559,-85.835487,-0.0,-21.817,-180.0,0.0583874359726905
0.2562537491321563,0.0002299486513948,0.000335060089128,550.956812,480.270977,11.0,180.0,-42.301559,-85.835487,-0.0,-21.817,-180.0,0.0863346308469772
0.2414199113845825,0.0002508175966795,0.0003648331039585,550.956812,480.270977,12.0,180.0,-42.301559,-85.835487,-0.0,-21.817,-180.0,0.0805653557181358
0.2970030605792999,0.0002692717243917,0.0004313597164582,550.956812,480.270977,13.0,180.0,-42.301559,-85.835487,-0.0,-21.817,-180.0,0.1044181287288665
0.325010597705841,0.0002690032706595,0.0004512485174927,550.956812,480.270977,14.0,180.0,-42.301559,-85.835487,-0.0,-21.817,-180.0,0.104474201798439
0.2811890542507171,0.0002551736251916,0.0003973738348577,550.956812,480.270977,15.0,180.0,-42.301559,-85.835487,-0.0,-21.817,-180.0,0.1000168323516845
0.295085608959198,0.0002602929016575,0.0004249195044394,550.956812,480.270977,16.0,180.0,-42.301559,-85.835487,-0.0,-21.817,-180.0,0.0962816178798675
0.2666279077529907,0.000363718601875,0.0005692610284313,550.956812,480.270977,17.0,180.0,-42.301559,-85.835487,-0.0,-21.817,-180.0,0.0926125943660736
0.238678440451622,0.0003342983254697,0.0005011055618524,550.956812,480.270977,18.0,180.0,-42.301559,-85.835487,-0.0,-21.817,-180.0,0.0817938223481178
0.2904019057750702,0.000268113304628,0.0004371474788058,550.956812,480.270977,19.0,180.0,-42.301559,-85.835487,-0.0,-21.817,-180.0,0.0953353494405746
0.2585746049880981,0.0001117653227993,0.0001429119438398,550.956812,480.270977,0.0,180.0,-42.301559,-85.835487,-0.0,-21.765,-180.0,0.0714118927717208
0.186419740319252,0.0001594521163497,0.0001819681056076,550.956812,480.270977,1.0,180.0,-42.301559,-85.835487,-0.0,-21.765,-180.0,0.0490355305373668
0.1991594284772873,0.0001643648720346,0.0001909293350763,550.956812,480.270977,2.0,180.0,-42.301559,-85.835487,-0.0,-21.765,-180.0,0.0545658878982067
0.2406087517738342,0.0001607873418834,0.0001979496737476,550.956812,480.270977,3.0,180.0,-42.301559,-85.835487,-0.0,-21.765,-180.0,0.0718901380896568
0.2194819301366806,0.0001744346373016,0.0002130558277713,550.956812,480.270977,4.0,180.0,-42.301559,-85.835487,-0.0,-21.765,-180.0,0.0665075555443763
0.2077885866165161,0.000196034568944,0.0002391256275586,550.956812,480.270977,5.0,180.0,-42.301559,-85.835487,-0.0,-21.765,-180.0,0.0658620446920394
0.145271360874176,0.0002340446226298,0.000260415719822,550.956812,480.270977,6.0,180.0,-42.301559,-85.835487,-0.0,-21.765,-180.0,0.0491755679249763
0.1128643229603767,0.0002758677583187,0.0002869460731744,550.956812,480.270977,7.0,180.0,-42.301559,-85.835487,-0.0,-21.765,-180.0,0.0312506556510925
0.1351993680000305,0.0003148612449876,0.0003553235146682,550.956812,480.270977,8.0,180.0,-42.301559,-85.835487,-0.0,-21.765,-180.0,0.05555335059762
0.2512708604335785,0.0002381981466896,0.0003424645110499,550.956812,480.270977,9.0,180.0,-42.301559,-85.835487,-0.0,-21.765,-180.0,0.0832702666521072
0.2290903478860855,0.0002710549451876,0.0003752610064111,550.956812,480.270977,10.0,180.0,-42.301559,-85.835487,-0.0,-21.765,-180.0,0.0838946402072906
0.2986126840114593,0.0002238697343273,0.0003549707762431,550.956812,480.270977,11.0,180.0,-42.301559,-85.835487,-0.0,-21.765,-180.0,0.0953553989529609
0.2912008762359619,0.000234927269048,0.0003696187923196,550.956812,480.270977,12.0,180.0,-42.301559,-85.835487,-0.0,-21.765,-180.0,0.0958881080150604
0.266270250082016,0.0002518943219911,0.0003851858782581,550.956812,480.270977,13.0,180.0,-42.301559,-85.835487,-0.0,-21.765,-180.0,0.0893230065703392
0.2197691351175308,0.0003135607403237,0.0004312950477469,550.956812,480.270977,14.0,180.0,-42.301559,-85.835487,-0.0,-21.765,-180.0,0.0698971003293991
0.3143671452999115,0.0002432729233987,0.0004027032118756,550.956812,480.270977,15.0,180.0,-42.301559,-85.835487,-0.0,-21.765,-180.0,0.1081836223602294
0.2857662141323089,0.0002825033152475,0.0004495608154684,550.956812,480.270977,16.0,180.0,-42.301559,-85.835487,-0.0,-21.765,-180.0,0.0932653918862342
0.3321489691734314,0.0002295131271239,0.0003955280117224,550.956812,480.270977,17.0,180.0,-42.301559,-85.835487,-0.0,-21.765,-180.0,0.1095825135707855
0.2895159125328064,0.0003165312227793,0.0005109086632728,550.956812,480.270977,18.0,180.0,-42.301559,-85.835487,-0.0,-21.765,-180.0,0.0945848003029823
0.2576483786106109,0.0002933847426902,0.0004471126885619,550.956812,480.270977,19.0,180.0,-42.301559,-85.835487,-0.0,-21.765,-180.0,0.0878108441829681
0.2705749273300171,0.0001217336030094,0.0001651109923841,550.956812,480.270977,0.0,180.0,-42.301559,-85.835487,-0.0,-21.614,-180.0,0.0921427607536315
0.2782657444477081,0.0001275976392207,0.0001761621679179,550.956812,480.270977,1.0,180.0,-42.301559,-85.835487,-0.0,-21.614,-180.0,0.0938863530755043
0.2541770339012146,0.0001335990382358,0.0001783646293915,550.956812,480.270977,2.0,180.0,-42.301559,-85.835487,-0.0,-21.614,-180.0,0.0798380002379417
0.1888507455587387,0.0001860880292952,0.0002241976617369,550.956812,480.270977,3.0,180.0,-42.301559,-85.835487,-0.0,-21.614,-180.0,0.0598018169403076
0.2627689838409424,0.000146051577758,0.0001970592857105,550.956812,480.270977,4.0,180.0,-42.301559,-85.835487,-0.0,-21.614,-180.0,0.0823884755373001
0.2412759810686111,0.0001698615233181,0.0002259710599901,550.956812,480.270977,5.0,180.0,-42.301559,-85.835487,-0.0,-21.614,-180.0,0.0801922008395195
0.2447833120822906,0.0001957103668246,0.0002692895068321,550.956812,480.270977,6.0,180.0,-42.301559,-85.835487,-0.0,-21.614,-180.0,0.0920610055327415
0.2313049286603927,0.0001963645045179,0.0002580027794465,550.956812,480.270977,7.0,180.0,-42.301559,-85.835487,-0.0,-21.614,-180.0,0.0748490393161773
0.1883914917707443,0.0002597070415504,0.0003316508664283,550.956812,480.270977,8.0,180.0,-42.301559,-85.835487,-0.0,-21.614,-180.0,0.0676884055137634
0.2393238842487335,0.0002437760267639,0.0003493199474178,550.956812,480.270977,9.0,180.0,-42.301559,-85.835487,-0.0,-21.614,-180.0,0.085750013589859
0.2357958406209945,0.0002576429105829,0.0003715854254551,550.956812,480.270977,10.0,180.0,-42.301559,-85.835487,-0.0,-21.614,-180.0,0.0808592811226844
0.2640452682971954,0.0002461356052663,0.0003698431246448,550.956812,480.270977,11.0,180.0,-42.301559,-85.835487,-0.0,-21.614,-180.0,0.0970822349190712
0.2842021286487579,0.0002372997259953,0.0003737621882464,550.956812,480.270977,12.0,180.0,-42.301559,-85.835487,-0.0,-21.614,-180.0,0.0911663323640823
0.2420275062322616,0.0002692737907636,0.0003853727830573,550.956812,480.270977,13.0,180.0,-42.301559,-85.835487,-0.0,-21.614,-180.0,0.0759817957878112
0.2516756355762481,0.0002918254758697,0.0004366401990409,550.956812,480.270977,14.0,180.0,-42.301559,-85.835487,-0.0,-21.614,-180.0,0.0784655138850212
0.2338862270116806,0.0003111072001047,0.0004529588040895,550.956812,480.270977,15.0,180.0,-42.301559,-85.835487,-0.0,-21.614,-180.0,0.0797598958015441
0.2599728107452392,0.0002951570786535,0.0004533155879471,550.956812,480.270977,16.0,180.0,-42.301559,-85.835487,-0.0,-21.614,-180.0,0.0919185653328895
0.2988902926445007,0.0003274129412602,0.0005453164922073,550.956812,480.270977,17.0,180.0,-42.301559,-85.835487,-0.0,-21.614,-180.0,0.1094090491533279
0.3130906224250793,0.0002664343628566,0.0004513552121352,550.956812,480.270977,18.0,180.0,-42.301559,-85.835487,-0.0,-21.614,-180.0,0.1099574267864227
0.3260804712772369,0.0002271717385156,0.000389548309613,550.956812,480.270977,19.0,180.0,-42.301559,-85.835487,-0.0,-21.614,-180.0,0.1093022599816322
0.2002414315938949,0.0004267754848115,0.0006141423946246,550.956812,480.270977,0.0,180.0,-42.301559,-85.835487,-0.0,-22.43,-93.401,0.0686192885041236
0.2187615185976028,0.0005499484250321,0.0008257898734882,550.956812,480.270977,1.0,180.0,-42.301559,-85.835487,-0.0,-22.43,-93.401,0.0782579556107521
0.2329977452754974,0.0004862888017669,0.0007434748113155,550.956812,480.270977,2.0,180.0,-42.301559,-85.835487,-0.0,-22.43,-93.401,0.0801633298397064
0.1823303997516632,0.0005370043218135,0.0007553851464763,550.956812,480.270977,3.0,180.0,-42.301559,-85.835487,-0.0,-22.43,-93.401,0.0604165457189083
0.186286449432373,0.0006136634037829,0.0008820386719889,550.956812,480.270977,4.0,180.0,-42.301559,-85.835487,-0.0,-22.43,-93.401,0.0551190190017223
0.2195406854152679,0.0006374375661835,0.0009613178553991,550.956812,480.270977,5.0,180.0,-42.301559,-85.835487,-0.0,-22.43,-93.401,0.0714751854538917
0.261608213186264,0.0006486505153588,0.0010334957623854,550.956812,480.270977,6.0,180.0,-42.301559,-85.835487,-0.0,-22.43,-93.401,0.0878241807222366
0.2185216099023819,0.0007216550293378,0.0011005245614796,550.956812,480.270977,7.0,180.0,-42.301559,-85.835487,-0.0,-22.43,-93.401,0.0822454094886779
0.1413157433271408,0.0007839053869247,0.001065682969056,550.956812,480.270977,8.0,180.0,-42.301559,-85.835487,-0.0,-22.43,-93.401,0.0463731288909912
0.1438126862049102,0.0008763735531829,0.0012048918288201,550.956812,480.270977,9.0,180.0,-42.301559,-85.835487,-0.0,-22.43,-93.401,0.044605579227209
0.1812530159950256,0.0009315523784607,0.0013603983679786,550.956812,480.270977,10.0,180.0,-42.301559,-85.835487,-0.0,-22.43,-93.401,0.071628026664257
0.2206221371889114,0.0009428446064703,0.0014535171212628,550.956812,480.270977,11.0,180.0,-42.301559,-85.835487,-0.0,-22.43,-93.401,0.0852321609854698
0.2054685652256012,0.0009669669670984,0.0014710201648995,550.956812,480.270977,12.0,180.0,-42.301559,-85.835487,-0.0,-22.43,-93.401,0.0771338269114494
0.2024596333503723,0.0009002544102258,0.0013514157617464,550.956812,480.270977,13.0,180.0,-42.301559,-85.835487,-0.0,-22.43,-93.401,0.0745418146252632
0.1604427397251129,0.0009055898408405,0.0013050499837845,550.956812,480.270977,14.0,180.0,-42.301559,-85.835487,-0.0,-22.43,-93.401,0.056865144520998
0.1948513090610504,0.0009414084488525,0.0014275081921368,550.956812,480.270977,15.0,180.0,-42.301559,-85.835487,-0.0,-22.43,-93.401,0.0749369412660598
0.1988838165998459,0.0008503437275066,0.0012804828584194,550.956812,480.270977,16.0,180.0,-42.301559,-85.835487,-0.0,-22.43,-93.401,0.0788693353533744
0.1501815915107727,0.0008525945013388,0.0012230847496539,550.956812,480.270977,17.0,180.0,-42.301559,-85.835487,-0.0,-22.43,-93.401,0.0514134988188743
0.2000606507062912,0.0008166059851646,0.0012446562759578,550.956812,480.270977,18.0,180.0,-42.301559,-85.835487,-0.0,-22.43,-93.401,0.0812800303101539
0.2107090055942535,0.0007575515774078,0.0011679787421599,550.956812,480.270977,19.0,180.0,-42.301559,-85.835487,-0.0,-22.43,-93.401,0.0866669118404388
0.2623814046382904,0.0004086796834599,0.0006503069889731,550.956812,480.270977,0.0,180.0,-42.301559,-85.835487,0.0,-22.356,-88.924,0.0921178460121154
0.2421663999557495,0.000459545844933,0.0007149104494601,550.956812,480.270977,1.0,180.0,-42.301559,-85.835487,0.0,-22.356,-88.924,0.085057646036148
0.2324883043766021,0.0005671432591043,0.0008753915899433,550.956812,480.270977,2.0,180.0,-42.301559,-85.835487,0.0,-22.356,-88.924,0.0868266746401786
0.2377655059099197,0.0005277608870528,0.0008181437733583,550.956812,480.270977,3.0,180.0,-42.301559,-85.835487,0.0,-22.356,-88.924,0.0867666453123092
0.1985254138708114,0.0006365091539919,0.000935690710321,550.956812,480.270977,4.0,180.0,-42.301559,-85.835487,0.0,-22.356,-88.924,0.0688415914773941
0.194045752286911,0.0007421243353746,0.0010923898080363,550.956812,480.270977,5.0,180.0,-42.301559,-85.835487,0.0,-22.356,-88.924,0.0726413279771804
0.2119037508964538,0.0006965707289054,0.0010512575972825,550.956812,480.270977,6.0,180.0,-42.301559,-85.835487,0.0,-22.356,-88.924,0.0767817050218582
0.1536950916051864,0.0007892192807048,0.0010959091596305,550.956812,480.270977,7.0,180.0,-42.301559,-85.835487,0.0,-22.356,-88.924,0.0474908389151096
0.2078823894262313,0.00079257262405,0.0012012131046503,550.956812,480.270977,8.0,180.0,-42.301559,-85.835487,0.0,-22.356,-88.924,0.0776438266038894
0.1953385472297668,0.0009117841836996,0.0013622957048937,550.956812,480.270977,9.0,180.0,-42.301559,-85.835487,0.0,-22.356,-88.924,0.0775426179170608
0.211772933602333,0.0009304860141128,0.0014157071709632,550.956812,480.270977,10.0,180.0,-42.301559,-85.835487,0.0,-22.356,-88.924,0.0821765884757042
0.1907563954591751,0.000976571929641,0.0014521175762638,550.956812,480.270977,11.0,180.0,-42.301559,-85.835487,0.0,-22.356,-88.924,0.0750934705138206
0.2063371688127517,0.0008615244878455,0.0013037655735388,550.956812,480.270977,12.0,180.0,-42.301559,-85.835487,0.0,-22.356,-88.924,0.0759452134370803
0.1962518244981765,0.0009593370486982,0.001440915861167,550.956812,480.270977,13.0,180.0,-42.301559,-85.835487,0.0,-22.356,-88.924,0.0764667764306068
0.1694342792034149,0.0009069847874343,0.0013059786288067,550.956812,480.270977,14.0,180.0,-42.301559,-85.835487,0.0,-22.356,-88.924,0.0572012439370155
0.179375872015953,0.0008468043524771,0.0012449679197743,550.956812,480.270977,15.0,180.0,-42.301559,-85.835487,0.0,-22.356,-88.924,0.0631566792726516
0.2099490761756897,0.0008908220333978,0.0013691618805751,550.956812,480.270977,16.0,180.0,-42.301559,-85.835487,0.0,-22.356,-88.924,0.0880496054887771
0.2187587022781372,0.0008560376008972,0.0013338816352188,550.956812,480.270977,17.0,180.0,-42.301559,-85.835487,0.0,-22.356,-88.924,0.0962356477975845
0.1980466395616531,0.000771312857978,0.0011607570340856,550.956812,480.270977,18.0,180.0,-42.301559,-85.835487,0.0,-22.356,-88.924,0.075279988348484
0.2258573323488235,0.0007845897926017,0.0012324542040005,550.956812,480.270977,19.0,180.0,-42.301559,-85.835487,0.0,-22.356,-88.924,0.0994030013680458
0.2112133204936981,0.0006000656867399,0.0008787533733993,550.956812,480.270977,0.0,180.0,-42.301559,-85.835487,0.0,-18.98,32.35,0.0993714928627014
0.2118777483701706,0.0006127754459157,0.000906619708985,550.956812,480.270977,1.0,180.0,-42.301559,-85.835487,0.0,-18.98,32.35,0.0876084119081497
0.1979029029607772,0.0006143880891613,0.0008906042785383,550.956812,480.270977,2.0,180.0,-42.301559,-85.835487,0.0,-18.98,32.35,0.0902956202626228
0.2011231184005737,0.0006298790685832,0.0009172557038255,550.956812,480.270977,3.0,180.0,-42.301559,-85.835487,0.0,-18.98,32.35,0.0941820815205574
0.1977250725030899,0.000592989672441,0.0008572733495384,550.956812,480.270977,4.0,180.0,-42.301559,-85.835487,0.0,-18.98,32.35,0.094232752919197
0.1664887964725494,0.0006483803153969,0.0009039242286235,550.956812,480.270977,5.0,180.0,-42.301559,-85.835487,0.0,-18.98,32.35,0.076352022588253
0.205026626586914,0.0005288217798806,0.0007612654590047,550.956812,480.270977,6.0,180.0,-42.301559,-85.835487,0.0,-18.98,32.35,0.0893187895417213
0.1824692487716674,0.0005450962344184,0.0007682416471652,550.956812,480.270977,7.0,180.0,-42.301559,-85.835487,0.0,-18.98,32.35,0.0678266361355781
0.2174343913793563,0.0004679006815422,0.0006839177221991,550.956812,480.270977,8.0,180.0,-42.301559,-85.835487,0.0,-18.98,32.35,0.0912824422121048
0.2093786597251892,0.0004273810482118,0.0006123542552813,550.956812,480.270977,9.0,180.0,-42.301559,-85.835487,0.0,-18.98,32.35,0.0878592282533645
0.2264605313539505,0.0004576722858473,0.0006725615239702,550.956812,480.270977,10.0,180.0,-42.301559,-85.835487,0.0,-18.98,32.35,0.0977462753653526
0.2344985902309417,0.0003507097135297,0.0005070125334896,550.956812,480.270977,11.0,180.0,-42.301559,-85.835487,0.0,-18.98,32.35,0.0913195982575416
0.2079817056655883,0.0003500123275443,0.000482528557768,550.956812,480.270977,12.0,180.0,-42.301559,-85.835487,0.0,-18.98,32.35,0.0868073776364326
0.1774158328771591,0.0003904949116986,0.0005255741416476,550.956812,480.270977,13.0,180.0,-42.301559,-85.835487,0.0,-18.98,32.35,0.0741543993353843
0.1678279340267181,0.0003687702992465,0.000486572709633,550.956812,480.270977,14.0,180.0,-42.301559,-85.835487,0.0,-18.98,32.35,0.0676567405462265
0.1733806282281875,0.0003432359662838,0.0004442368517629,550.956812,480.270977,15.0,180.0,-42.301559,-85.835487,0.0,-18.98,32.35,0.0739558860659599
0.2033585160970688,0.0002554120146669,0.0003367647586856,550.956812,480.270977,16.0,180.0,-42.301559,-85.835487,0.0,-18.98,32.35,0.0913907214999198
0.269835501909256,0.0001876488386187,0.0002769400598481,550.956812,480.270977,17.0,180.0,-42.301559,-85.835487,0.0,-18.98,32.35,0.1170348450541496
0.2726284265518188,0.0001815062423702,0.0002646591456141,550.956812,480.270977,18.0,180.0,-42.301559,-85.835487,0.0,-18.98,32.35,0.1151383146643638
0.1808222383260727,0.0002392372116446,0.0002984402817673,550.956812,480.270977,19.0,180.0,-42.301559,-85.835487,0.0,-18.98,32.35,0.0711041539907455
0.2113959938287735,0.0007312809466384,0.0011336081661283,550.956812,480.270977,0.0,180.0,-42.301559,-85.835487,-0.0,-19.596,-0.0,0.1012816354632377
0.2030077427625656,0.000766807643231,0.0011695208959281,550.956812,480.270977,1.0,180.0,-42.301559,-85.835487,-0.0,-19.596,-0.0,0.0919064879417419
0.2095341086387634,0.0007200329564511,0.0011050273897126,550.956812,480.270977,2.0,180.0,-42.301559,-85.835487,-0.0,-19.596,-0.0,0.0949372872710228
0.2062910050153732,0.0006968473899178,0.0010608579032123,550.956812,480.270977,3.0,180.0,-42.301559,-85.835487,-0.0,-19.596,-0.0,0.0906322076916694
0.2127483785152435,0.0007139273220673,0.001093617756851,550.956812,480.270977,4.0,180.0,-42.301559,-85.835487,-0.0,-19.596,-0.0,0.0886307507753372
0.2327204495668411,0.000767043675296,0.0012055585393682,550.956812,480.270977,5.0,180.0,-42.301559,-85.835487,-0.0,-19.596,-0.0,0.1045004874467849
0.2410496324300766,0.0006389848422259,0.0010043452493846,550.956812,480.270977,6.0,180.0,-42.301559,-85.835487,-0.0,-19.596,-0.0,0.1108019426465034
0.2131682932376861,0.0006876245024614,0.0010500442003831,550.956812,480.270977,7.0,180.0,-42.301559,-85.835487,-0.0,-19.596,-0.0,0.0967836156487464
0.2459710836410522,0.0007388542871922,0.0011740387417376,550.956812,480.270977,8.0,180.0,-42.301559,-85.835487,-0.0,-19.596,-0.0,0.1195117980241775
0.2255889177322387,0.0006126774824224,0.000945211853832,550.956812,480.270977,9.0,180.0,-42.301559,-85.835487,-0.0,-19.596,-0.0,0.1016941964626312
0.2189204394817352,0.0007023933576419,0.001070300466381,550.956812,480.270977,10.0,180.0,-42.301559,-85.835487,-0.0,-19.596,-0.0,0.1133321374654769
0.2632363140583038,0.0005815587355755,0.0009478359133936,550.956812,480.270977,11.0,180.0,-42.301559,-85.835487,-0.0,-19.596,-0.0,0.1192608252167701
0.2107073962688446,0.0005492325290106,0.0008292339043691,550.956812,480.270977,12.0,180.0,-42.301559,-85.835487,-0.0,-19.596,-0.0,0.0934814810752868
0.1770623326301574,0.0005265990039333,0.0007485410314984,550.956812,480.270977,13.0,180.0,-42.301559,-85.835487,-0.0,-19.596,-0.0,0.0764682739973068
0.2285215705633163,0.0004342617176007,0.0006552533595822,550.956812,480.270977,14.0,180.0,-42.301559,-85.835487,-0.0,-19.596,-0.0,0.102518118917942
0.2244170904159546,0.0004121136735193,0.0006199466297402,550.956812,480.270977,15.0,180.0,-42.301559,-85.835487,-0.0,-19.596,-0.0,0.09981469810009
0.2076897770166397,0.0003586869570426,0.0005275152507238,550.956812,480.270977,16.0,180.0,-42.301559,-85.835487,-0.0,-19.596,-0.0,0.0891100987792015
0.2104491740465164,0.0003243983956053,0.0004791285900864,550.956812,480.270977,17.0,180.0,-42.301559,-85.835487,-0.0,-19.596,-0.0,0.0906255170702934
0.254205971956253,0.0002991765504702,0.000473622669233,550.956812,480.270977,18.0,180.0,-42.301559,-85.835487,-0.0,-19.596,-0.0,0.1111016646027565
0.2239753305912017,0.0002857957151718,0.0004307763883844,550.956812,480.270977,19.0,180.0,-42.301559,-85.835487,-0.0,-19.596,-0.0,0.1061876937747001
0.2403142154216766,0.0007312617381103,0.0011674440465867,550.956812,480.270977,0.0,180.0,-42.301559,-85.835487,-0.0,-19.533,-0.0,0.11863674223423
0.2310185581445694,0.0007485818350687,0.001181841478683,550.956812,480.270977,1.0,180.0,-42.301559,-85.835487,-0.0,-19.533,-0.0,0.1157857701182365
0.2155801355838775,0.0007716582622379,0.0011994631495326,550.956812,480.270977,2.0,180.0,-42.301559,-85.835487,-0.0,-19.533,-0.0,0.0959879755973815
0.2344474345445633,0.0007073082961142,0.0011209519580006,550.956812,480.270977,3.0,180.0,-42.301559,-85.835487,-0.0,-19.533,-0.0,0.1087062805891037
0.2269436717033386,0.0007509801653213,0.0011759406188502,550.956812,480.270977,4.0,180.0,-42.301559,-85.835487,-0.0,-19.533,-0.0,0.0960317775607109
0.2421667128801345,0.0007873909198679,0.0012485845945775,550.956812,480.270977,5.0,180.0,-42.301559,-85.835487,-0.0,-19.533,-0.0,0.1136426702141761
0.2301099747419357,0.0006754977512173,0.0010498967021703,550.956812,480.270977,6.0,180.0,-42.301559,-85.835487,-0.0,-19.533,-0.0,0.0947969257831573
0.2027178257703781,0.0006738603697158,0.0010145595297217,550.956812,480.270977,7.0,180.0,-42.301559,-85.835487,-0.0,-19.533,-0.0,0.0803108587861061
0.2384249567985534,0.000754709704779,0.0011840844526886,550.956812,480.270977,8.0,180.0,-42.301559,-85.835487,-0.0,-19.533,-0.0,0.1071025654673576
0.1741649210453033,0.0005924400757066,0.0008452663314528,550.956812,480.270977,9.0,180.0,-42.301559,-85.835487,-0.0,-19.533,-0.0,0.0724282562732696
0.2244802117347717,0.0006329963216558,0.0009719771333038,550.956812,480.270977,10.0,180.0,-42.301559,-85.835487,-0.0,-19.533,-0.0,0.1054811477661132
0.2225317358970642,0.0005330699495971,0.0008121959981508,550.956812,480.270977,11.0,180.0,-42.301559,-85.835487,-0.0,-19.533,-0.0,0.09612987190485
0.222392201423645,0.0004884945810772,0.0007491806172765,550.956812,480.270977,12.0,180.0,-42.301559,-85.835487,-0.0,-19.533,-0.0,0.0928097516298294
0.2500733733177185,0.0005754759768024,0.0009146317606791,550.956812,480.270977,13.0,180.0,-42.301559,-85.835487,-0.0,-19.533,-0.0,0.1211373731493949
0.2668948173522949,0.0004522438975982,0.0007354229455813,550.956812,480.270977,14.0,180.0,-42.301559,-85.835487,-0.0,-19.533,-0.0,0.1215943545103073
0.2756038904190063,0.0003668402205221,0.0005978835397399,550.956812,480.270977,15.0,180.0,-42.301559,-85.835487,-0.0,-19.533,-0.0,0.1214746981859207
0.2693899869918823,0.0003046409401576,0.0004931120784021,550.956812,480.270977,16.0,180.0,-42.301559,-85.835487,-0.0,-19.533,-0.0,0.122126430273056
0.2545919418334961,0.0003073716652579,0.000488894933369,550.956812,480.270977,17.0,180.0,-42.301559,-85.835487,-0.0,-19.533,-0.0,0.1137602776288986
0.2627700865268707,0.0002910014009103,0.000468730693683,550.956812,480.270977,18.0,180.0,-42.301559,-85.835487,-0.0,-19.533,-0.0,0.1183361262083053
0.2822207808494568,0.0002573084202595,0.0004269179771654,550.956812,480.270977,19.0,180.0,-42.301559,-85.835487,-0.0,-19.533,-0.0,0.1274334192276001
0.2398973703384399,0.0006977370940148,0.0011228257790207,550.956812,480.270977,0.0,180.0,-42.301559,-85.835487,-0.0,-19.477,-0.0,0.1146387085318565
0.2245369553565979,0.0007430645637214,0.0011690843384712,550.956812,480.270977,1.0,180.0,-42.301559,-85.835487,-0.0,-19.477,-0.0,0.1059074401855468
0.2264556437730789,0.0007156787905842,0.0011263129999861,550.956812,480.270977,2.0,180.0,-42.301559,-85.835487,-0.0,-19.477,-0.0,0.1033466309309005
0.225615844130516,0.0007947410922497,0.0012419470585882,550.956812,480.270977,3.0,180.0,-42.301559,-85.835487,-0.0,-19.477,-0.0,0.1033217832446098
0.2250832021236419,0.0008213426335714,0.0012856259709224,550.956812,480.270977,4.0,180.0,-42.301559,-85.835487,-0.0,-19.477,-0.0,0.1058305203914642
0.2121971547603607,0.0007545966072939,0.0011642822064459,550.956812,480.270977,5.0,180.0,-42.301559,-85.835487,-0.0,-19.477,-0.0,0.0958744063973426
0.2223059833049774,0.0007685153395868,0.0011986831668764,550.956812,480.270977,6.0,180.0,-42.301559,-85.835487,-0.0,-19.477,-0.0,0.1056071817874908
0.2309587448835373,0.0007186721195466,0.0011322062928229,550.956812,480.270977,7.0,180.0,-42.301559,-85.835487,-0.0,-19.477,-0.0,0.1107073053717613
0.2305186092853546,0.0007663472206331,0.0012119975872337,550.956812,480.270977,8.0,180.0,-42.301559,-85.835487,-0.0,-19.477,-0.0,0.1104272902011871
0.2153313010931015,0.0007128819124773,0.0010942424414679,550.956812,480.270977,9.0,180.0,-42.301559,-85.835487,-0.0,-19.477,-0.0,0.1028902158141136
0.2075796574354171,0.0005842209793627,0.0008915362413972,550.956812,480.270977,10.0,180.0,-42.301559,-85.835487,-0.0,-19.477,-0.0,0.0944382026791572
0.2042564898729324,0.0005559940473176,0.0008452303009107,550.956812,480.270977,11.0,180.0,-42.301559,-85.835487,-0.0,-19.477,-0.0,0.0960854142904281
0.1980459988117218,0.0005721697816625,0.000851860968396,550.956812,480.270977,12.0,180.0,-42.301559,-85.835487,-0.0,-19.477,-0.0,0.091039091348648
0.2273266166448593,0.0004663231957238,0.0007172165787778,550.956812,480.270977,13.0,180.0,-42.301559,-85.835487,-0.0,-19.477,-0.0,0.1000030934810638
0.2171387076377868,0.0004133561160415,0.0006273811450228,550.956812,480.270977,14.0,180.0,-42.301559,-85.835487,-0.0,-19.477,-0.0,0.1002949252724647
0.2387555837631225,0.0005088607431389,0.0008008904987946,550.956812,480.270977,15.0,180.0,-42.301559,-85.835487,-0.0,-19.477,-0.0,0.1177710890769958
0.260111004114151,0.0003417355474084,0.0005527321482077,550.956812,480.270977,16.0,180.0,-42.301559,-85.835487,-0.0,-19.477,-0.0,0.1168016642332077
0.285504549741745,0.000285613205051,0.0004787988145835,550.956812,480.270977,17.0,180.0,-42.301559,-85.835487,-0.0,-19.477,-0.0,0.1304958164691925
0.3068094253540039,0.0002942495339084,0.0005164725007489,550.956812,480.270977,18.0,180.0,-42.301559,-85.835487,-0.0,-19.477,-0.0,0.1436129063367843
0.2121399343013763,0.0002356486365897,0.0003615587193053,550.956812,480.270977,19.0,180.0,-42.301559,-85.835487,-0.0,-19.477,-0.0,0.0873607471585273
0.2904818058013916,0.0006938524311408,0.0012373965000733,550.956812,480.270977,0.0,180.0,-42.301559,-85.835487,-0.0,-19.409,-0.0,0.1299323439598083
0.2610145509243011,0.000732640910428,0.001244920771569,550.956812,480.270977,1.0,180.0,-42.301559,-85.835487,-0.0,-19.409,-0.0,0.1242109835147857
0.2499405741691589,0.0006865030736662,0.0011372670996934,550.956812,480.270977,2.0,180.0,-42.301559,-85.835487,-0.0,-19.409,-0.0,0.1069450005888938
0.2732017934322357,0.0006451542722061,0.0011130998609587,550.956812,480.270977,3.0,180.0,-42.301559,-85.835487,-0.0,-19.409,-0.0,0.1165606975555419
0.2772665321826935,0.00074972899165,0.0013021182967349,550.956812,480.270977,4.0,180.0,-42.301559,-85.835487,-0.0,-19.409,-0.0,0.130023643374443
0.2672213315963745,0.00074787781341,0.0012763761915266,550.956812,480.270977,5.0,180.0,-42.301559,-85.835487,-0.0,-19.409,-0.0,0.1143819838762283
0.2632580101490021,0.0007215710938908,0.0012072446988895,550.956812,480.270977,6.0,180.0,-42.301559,-85.835487,-0.0,-19.409,-0.0,0.1156905367970466
0.2541120052337646,0.0006737294606864,0.0011117985704913,550.956812,480.270977,7.0,180.0,-42.301559,-85.835487,-0.0,-19.409,-0.0,0.1079230308532714
0.2332831174135208,0.0007427473319694,0.0011856623459607,550.956812,480.270977,8.0,180.0,-42.301559,-85.835487,-0.0,-19.409,-0.0,0.0950098484754562
0.2484517991542816,0.0006061700405552,0.0009888377971947,550.956812,480.270977,9.0,180.0,-42.301559,-85.835487,-0.0,-19.409,-0.0,0.0947920605540275
0.2658478021621704,0.0006180700729601,0.0010476106544956,550.956812,480.270977,10.0,180.0,-42.301559,-85.835487,-0.0,-19.409,-0.0,0.1223861798644065
0.2571431994438171,0.0005459832609631,0.0009133671992458,550.956812,480.270977,11.0,180.0,-42.301559,-85.835487,-0.0,-19.409,-0.0,0.1082872450351715
0.2809637188911438,0.0004669568734243,0.0008025905699469,550.956812,480.270977,12.0,180.0,-42.301559,-85.835487,-0.0,-19.409,-0.0,0.120462067425251
0.2127492278814315,0.0004154167836531,0.0006371812778525,550.956812,480.270977,13.0,180.0,-42.301559,-85.835487,-0.0,-19.409,-0.0,0.0912156328558921
0.2862889766693115,0.0004008470568805,0.0006885735783725,550.956812,480.270977,14.0,180.0,-42.301559,-85.835487,-0.0,-19.409,-0.0,0.1305501908063888
0.258852869272232,0.0003873452660627,0.0006326380535028,550.956812,480.270977,15.0,180.0,-42.301559,-85.835487,-0.0,-19.409,-0.0,0.1145313829183578
0.237538993358612,0.0003591403074096,0.0005733424331992,550.956812,480.270977,16.0,180.0,-42.301559,-85.835487,-0.0,-19.409,-0.0,0.103957824409008
0.2933273017406463,0.0003602034994401,0.0006243862444534,550.956812,480.270977,17.0,180.0,-42.301559,-85.835487,-0.0,-19.409,-0.0,0.1422277688980102
0.2821367383003235,0.0002917396195698,0.0004910267307423,550.956812,480.270977,18.0,180.0,-42.301559,-85.835487,-0.0,-19.409,-0.0,0.1271354556083679
0.3124242722988128,0.0002571769873611,0.0004441676428541,550.956812,480.270977,19.0,180.0,-42.301559,-85.835487,-0.0,-19.409,-0.0,0.1459570825099945
0.2786426544189453,0.0005912153283134,0.0010324011091142,550.956812,480.270977,0.0,180.0,-42.301559,-85.835487,-0.0,-19.367,-0.0,0.1206666082143783
0.2917299270629883,0.0006978131714276,0.001238650875166,550.956812,480.270977,1.0,180.0,-42.301559,-85.835487,-0.0,-19.367,-0.0,0.1341106295585632
0.2930497229099273,0.0006035887636244,0.0010615803766995,550.956812,480.270977,2.0,180.0,-42.301559,-85.835487,-0.0,-19.367,-0.0,0.1216776072978973
0.2986808717250824,0.0006522820913232,0.0011644223704934,550.956812,480.270977,3.0,180.0,-42.301559,-85.835487,-0.0,-19.367,-0.0,0.1301067024469375
0.2872238159179687,0.0006878887070342,0.001205779495649,550.956812,480.270977,4.0,180.0,-42.301559,-85.835487,-0.0,-19.367,-0.0,0.1343146562576294
0.2657365500926971,0.0006922240718267,0.0011768906842917,550.956812,480.270977,5.0,180.0,-42.301559,-85.835487,-0.0,-19.367,-0.0,0.1204829439520835
0.2787110209465027,0.0007324774633161,0.0012756842188537,550.956812,480.270977,6.0,180.0,-42.301559,-85.835487,-0.0,-19.367,-0.0,0.1206184774637222
0.2408512532711029,0.000644275045488,0.0010574753396213,550.956812,480.270977,7.0,180.0,-42.301559,-85.835487,-0.0,-19.367,-0.0,0.1024775728583335
0.2829164266586303,0.0006579286418855,0.001133082085289,550.956812,480.270977,8.0,180.0,-42.301559,-85.835487,-0.0,-19.367,-0.0,0.1285774111747741
0.2548323571681976,0.0006290234741754,0.001040521543473,550.956812,480.270977,9.0,180.0,-42.301559,-85.835487,-0.0,-19.367,-0.0,0.1038204208016395
0.2383785992860794,0.0005556097021326,0.0009024970349855,550.956812,480.270977,10.0,180.0,-42.301559,-85.835487,-0.0,-19.367,-0.0,0.1027953550219535
0.2484890520572662,0.0005344697274267,0.0008701310143806,550.956812,480.270977,11.0,180.0,-42.301559,-85.835487,-0.0,-19.367,-0.0,0.1025991067290306
0.2677434682846069,0.0005591615918092,0.0009316627401858,550.956812,480.270977,12.0,180.0,-42.301559,-85.835487,-0.0,-19.367,-0.0,0.1205011382699012
0.2496833801269531,0.0004982034442946,0.0008160328725352,550.956812,480.270977,13.0,180.0,-42.301559,-85.835487,-0.0,-19.367,-0.0,0.1077878177165985
0.2124160528182983,0.0004400412435643,0.0006630782154388,550.956812,480.270977,14.0,180.0,-42.301559,-85.835487,-0.0,-19.367,-0.0,0.0903839617967605
0.2491825520992279,0.0003976907173637,0.0006378762191161,550.956812,480.270977,15.0,180.0,-42.301559,-85.835487,-0.0,-19.367,-0.0,0.1104053854942321
0.259475827217102,0.0003227591223549,0.0005219604936428,550.956812,480.270977,16.0,180.0,-42.301559,-85.835487,-0.0,-19.367,-0.0,0.1078886613249778
0.2978304624557495,0.0002756104513537,0.000479024805827,550.956812,480.270977,17.0,180.0,-42.301559,-85.835487,-0.0,-19.367,-0.0,0.134172037243843
0.3013074994087219,0.0002574159298092,0.0004500761569943,550.956812,480.270977,18.0,180.0,-42.301559,-85.835487,-0.0,-19.367,-0.0,0.1400982737541198
0.2982577979564667,0.0002543314476497,0.0004363447078503,550.956812,480.270977,19.0,180.0,-42.301559,-85.835487,-0.0,-19.367,-0.0,0.1342758238315582
0.279870867729187,0.0006226050900295,0.0010873309802263,550.956812,480.270977,0.0,180.0,-42.301559,-85.835487,-0.0,-19.333,-0.0,0.1177074462175369
0.287099152803421,0.0007201292319223,0.0012720657978206,550.956812,480.270977,1.0,180.0,-42.301559,-85.835487,-0.0,-19.333,-0.0,0.1317135840654373
0.3009742796421051,0.0006842638831585,0.0012245565885677,550.956812,480.270977,2.0,180.0,-42.301559,-85.835487,-0.0,-19.333,-0.0,0.1427564769983291
0.2837417721748352,0.0007341002929024,0.0012886071344837,550.956812,480.270977,3.0,180.0,-42.301559,-85.835487,-0.0,-19.333,-0.0,0.133843645453453
0.2628778517246246,0.0007331680390052,0.0012474255636334,550.956812,480.270977,4.0,180.0,-42.301559,-85.835487,-0.0,-19.333,-0.0,0.1167950555682182
0.251641184091568,0.0006689244764856,0.0011262405896559,550.956812,480.270977,5.0,180.0,-42.301559,-85.835487,-0.0,-19.333,-0.0,0.0993098095059394
0.2586854696273803,0.0005827749264426,0.0009847660548985,550.956812,480.270977,6.0,180.0,-42.301559,-85.835487,-0.0,-19.333,-0.0,0.1059916689991951
0.2831023633480072,0.0006955423741601,0.0012095515849068,550.956812,480.270977,7.0,180.0,-42.301559,-85.835487,-0.0,-19.333,-0.0,0.1275537759065628
0.2621626853942871,0.0006479655276052,0.0010927272960543,550.956812,480.270977,8.0,180.0,-42.301559,-85.835487,-0.0,-19.333,-0.0,0.1093834787607193
0.2302073240280151,0.0006179699557833,0.0010000086622312,550.956812,480.270977,9.0,180.0,-42.301559,-85.835487,-0.0,-19.333,-0.0,0.0882833376526832
0.2704744637012481,0.0006041537271812,0.0010262500727549,550.956812,480.270977,10.0,180.0,-42.301559,-85.835487,-0.0,-19.333,-0.0,0.1154555305838584
0.2646830379962921,0.0004957091878168,0.0008392576710321,550.956812,480.270977,11.0,180.0,-42.301559,-85.835487,-0.0,-19.333,-0.0,0.1155551150441169
0.2917404472827911,0.0004914628225378,0.000857863924466,550.956812,480.270977,12.0,180.0,-42.301559,-85.835487,-0.0,-19.333,-0.0,0.1304594576358795
0.3015466332435608,0.0005038867238909,0.0008861126261763,550.956812,480.270977,13.0,180.0,-42.301559,-85.835487,-0.0,-19.333,-0.0,0.1400902420282364
0.2776135504245758,0.0004071830189786,0.0006913125398568,550.956812,480.270977,14.0,180.0,-42.301559,-85.835487,-0.0,-19.333,-0.0,0.124148279428482
0.2223048061132431,0.0004199533141218,0.0006464794278144,550.956812,480.270977,15.0,180.0,-42.301559,-85.835487,-0.0,-19.333,-0.0,0.1072934716939926
0.250618040561676,0.0004123223479837,0.0006726224673911,550.956812,480.270977,16.0,180.0,-42.301559,-85.835487,-0.0,-19.333,-0.0,0.1095977574586868
0.2387544065713882,0.0003204017411917,0.0005005996208637,550.956812,480.270977,17.0,180.0,-42.301559,-85.835487,-0.0,-19.333,-0.0,0.1028182581067085
0.2896080315113067,0.0002682658378034,0.0004565852868836,550.956812,480.270977,18.0,180.0,-42.301559,-85.835487,-0.0,-19.333,-0.0,0.125935673713684
0.2882609963417053,0.0002370348956901,0.0003986596711911,550.956812,480.270977,19.0,180.0,-42.301559,-85.835487,-0.0,-19.333,-0.0,0.1287914216518402
0.3044207692146301,0.0006150702247396,0.0011113096261397,550.956812,480.270977,0.0,180.0,-42.301559,-85.835487,-0.0,-19.245,-0.0,0.1390143185853958
0.2943016290664673,0.0006015287945047,0.0010666368762031,550.956812,480.270977,1.0,180.0,-42.301559,-85.835487,-0.0,-19.245,-0.0,0.1197274774312973
0.2842434048652649,0.0007123229443095,0.0012536637950688,550.956812,480.270977,2.0,180.0,-42.301559,-85.835487,-0.0,-19.245,-0.0,0.1319006383419037
0.2807731330394745,0.0007147237192839,0.0012458902783691,550.956812,480.270977,3.0,180.0,-42.301559,-85.835487,-0.0,-19.245,-0.0,0.1187605485320091
0.2929770648479461,0.0007447755197063,0.0013151426101103,550.956812,480.270977,4.0,180.0,-42.301559,-85.835487,-0.0,-19.245,-0.0,0.1339659243822097
0.2729990482330322,0.000692838744726,0.001177005819045,550.956812,480.270977,5.0,180.0,-42.301559,-85.835487,-0.0,-19.245,-0.0,0.1168684884905815
0.2535130381584167,0.0006389442132785,0.0010561700910329,550.956812,480.270977,6.0,180.0,-42.301559,-85.835487,-0.0,-19.245,-0.0,0.0993510708212852
0.2531679570674896,0.00067852914799,0.0011265182401984,550.956812,480.270977,7.0,180.0,-42.301559,-85.835487,-0.0,-19.245,-0.0,0.1069837361574173
0.2389984130859375,0.0006815674714744,0.0011101217241957,550.956812,480.270977,8.0,180.0,-42.301559,-85.835487,-0.0,-19.245,-0.0,0.1017589941620826
0.2718868255615234,0.0007001634221524,0.0011886687716469,550.956812,480.270977,9.0,180.0,-42.301559,-85.835487,-0.0,-19.245,-0.0,0.1255709528923034
0.2777942419052124,0.0005858375807292,0.0010043011279776,550.956812,480.270977,10.0,180.0,-42.301559,-85.835487,-0.0,-19.245,-0.0,0.1203339993953704
0.2787651121616363,0.0005884026759304,0.0010044500231742,550.956812,480.270977,11.0,180.0,-42.301559,-85.835487,-0.0,-19.245,-0.0,0.130895733833313
0.2106480151414871,0.0005234782584011,0.0007855905569158,550.956812,480.270977,12.0,180.0,-42.301559,-85.835487,-0.0,-19.245,-0.0,0.0867341980338096
0.1576655805110931,0.000461221934529,0.0006268228753469,550.956812,480.270977,13.0,180.0,-42.301559,-85.835487,-0.0,-19.245,-0.0,0.0570041574537754
0.2362696975469589,0.0004292501544114,0.0006774491630494,550.956812,480.270977,14.0,180.0,-42.301559,-85.835487,-0.0,-19.245,-0.0,0.0987877249717712
0.2863959074020386,0.0004098551289644,0.00069889560109,550.956812,480.270977,15.0,180.0,-42.301559,-85.835487,-0.0,-19.245,-0.0,0.1241196170449256
0.3027545213699341,0.0003517754666972,0.0006139430915936,550.956812,480.270977,16.0,180.0,-42.301559,-85.835487,-0.0,-19.245,-0.0,0.1303619444370269
0.266006588935852,0.0002816504857037,0.0004612723423633,550.956812,480.270977,17.0,180.0,-42.301559,-85.835487,-0.0,-19.245,-0.0,0.1154352203011512
0.3123221695423126,0.0002806429984048,0.0004896760219708,550.956812,480.270977,18.0,180.0,-42.301559,-85.835487,-0.0,-19.245,-0.0,0.14787158370018
0.317205548286438,0.0002202290488639,0.0003878724819514,550.956812,480.270977,19.0,180.0,-42.301559,-85.835487,-0.0,-19.245,-0.0,0.1366229206323623
0.2953700721263885,0.0006674909382127,0.0011982202995568,550.956812,480.270977,0.0,180.0,-42.301559,-85.835487,-0.0,-19.255,-0.0,0.1308104544878006
0.2931711673736572,0.0006796093075536,0.001203020918183,550.956812,480.270977,1.0,180.0,-42.301559,-85.835487,-0.0,-19.255,-0.0,0.1345003098249435
0.2733530104160309,0.0006482249591499,0.0011245015775784,550.956812,480.270977,2.0,180.0,-42.301559,-85.835487,-0.0,-19.255,-0.0,0.1151008233428001
0.2937529683113098,0.0006617311155423,0.0011738588800653,550.956812,480.270977,3.0,180.0,-42.301559,-85.835487,-0.0,-19.255,-0.0,0.125296413898468
0.2740541100502014,0.0006608135881833,0.0011328489053994,550.956812,480.270977,4.0,180.0,-42.301559,-85.835487,-0.0,-19.255,-0.0,0.1183121651411056
0.2080981433391571,0.0006474320543929,0.0010122841922566,550.956812,480.270977,5.0,180.0,-42.301559,-85.835487,-0.0,-19.255,-0.0,0.0815814137458801
0.2803668081760406,0.0006051340023986,0.0010455723386257,550.956812,480.270977,6.0,180.0,-42.301559,-85.835487,-0.0,-19.255,-0.0,0.1187178865075111
0.2748189866542816,0.0006743357516825,0.0011497008381411,550.956812,480.270977,7.0,180.0,-42.301559,-85.835487,-0.0,-19.255,-0.0,0.1280283331871032
0.2688752114772796,0.0006807798054069,0.0011433967156335,550.956812,480.270977,8.0,180.0,-42.301559,-85.835487,-0.0,-19.255,-0.0,0.1167650446295738
0.1654071360826492,0.0006789125036448,0.0009691131999716,550.956812,480.270977,9.0,180.0,-42.301559,-85.835487,-0.0,-19.255,-0.0,0.0585844330489635
0.2519759237766266,0.0006531372782774,0.0010819574818015,550.956812,480.270977,10.0,180.0,-42.301559,-85.835487,-0.0,-19.255,-0.0,0.1123197749257087
0.2531926333904266,0.0005561279249377,0.0009279050864279,550.956812,480.270977,11.0,180.0,-42.301559,-85.835487,-0.0,-19.255,-0.0,0.1002766713500022
0.2255560308694839,0.000516461499501,0.0008117511752061,550.956812,480.270977,12.0,180.0,-42.301559,-85.835487,-0.0,-19.255,-0.0,0.0988227277994155
0.2637378573417663,0.0004663300642278,0.000770840793848,550.956812,480.270977,13.0,180.0,-42.301559,-85.835487,-0.0,-19.255,-0.0,0.1085740029811859
0.268632709980011,0.0004598978266585,0.0007660268456675,550.956812,480.270977,14.0,180.0,-42.301559,-85.835487,-0.0,-19.255,-0.0,0.1193660199642181
0.2504266798496246,0.0004187363083474,0.0006795602967031,550.956812,480.270977,15.0,180.0,-42.301559,-85.835487,-0.0,-19.255,-0.0,0.1099642738699913
0.2490464448928833,0.000328923924826,0.0005216444842517,550.956812,480.270977,16.0,180.0,-42.301559,-85.835487,-0.0,-19.255,-0.0,0.1070277616381645
0.2448228001594543,0.0003918799047823,0.0006336654769256,550.956812,480.270977,17.0,180.0,-42.301559,-85.835487,-0.0,-19.255,-0.0,0.1132090017199516
0.2777511477470398,0.0002614828117657,0.000435228459537,550.956812,480.270977,18.0,180.0,-42.301559,-85.835487,-0.0,-19.255,-0.0,0.1283421814441681
0.3280597627162933,0.0002186508500017,0.000395872601075,550.956812,480.270977,19.0,180.0,-42.301559,-85.835487,-0.0,-19.255,-0.0,0.150206908583641
0.2949238121509552,0.0006907470524311,0.0012340790126472,550.956812,480.270977,0.0,180.0,-42.301559,-85.835487,-0.0,-19.259,-0.0,0.1306891590356826
0.2526675462722778,0.0006561776972375,0.0011082511628046,550.956812,480.270977,1.0,180.0,-42.301559,-85.835487,-0.0,-19.259,-0.0,0.1173402965068817
0.2629113793373108,0.0006991322152316,0.0011959151597693,550.956812,480.270977,2.0,180.0,-42.301559,-85.835487,-0.0,-19.259,-0.0,0.1162533387541771
0.2947155237197876,0.0006308996817097,0.0011175918625667,550.956812,480.270977,3.0,180.0,-42.301559,-85.835487,-0.0,-19.259,-0.0,0.1308575123548507
0.2599212527275085,0.0007648399332538,0.0013083933154121,550.956812,480.270977,4.0,180.0,-42.301559,-85.835487,-0.0,-19.259,-0.0,0.1149933263659477
0.2288807034492492,0.0006808100733906,0.0011069243773818,550.956812,480.270977,5.0,180.0,-42.301559,-85.835487,-0.0,-19.259,-0.0,0.094257928431034
0.2682372629642486,0.0005856045172549,0.0010004715295508,550.956812,480.270977,6.0,180.0,-42.301559,-85.835487,-0.0,-19.259,-0.0,0.1133850663900375
0.2248690277338028,0.0006355832447297,0.0010346281342208,550.956812,480.270977,7.0,180.0,-42.301559,-85.835487,-0.0,-19.259,-0.0,0.0871028527617454
0.2805376052856445,0.0006249401485547,0.0010855696164071,550.956812,480.270977,8.0,180.0,-42.301559,-85.835487,-0.0,-19.259,-0.0,0.1175671741366386
0.2658331394195556,0.0005887162988074,0.0009939719457179,550.956812,480.270977,9.0,180.0,-42.301559,-85.835487,-0.0,-19.259,-0.0,0.1199368834495544
0.2428509891033172,0.0006878536660224,0.0011292152339592,550.956812,480.270977,10.0,180.0,-42.301559,-85.835487,-0.0,-19.259,-0.0,0.1077173799276351
0.2527180910110473,0.0005368450074456,0.0008948597242124,550.956812,480.270977,11.0,180.0,-42.301559,-85.835487,-0.0,-19.259,-0.0,0.1026320233941078
0.2701235711574554,0.0004732062807306,0.0008029112941585,550.956812,480.270977,12.0,180.0,-42.301559,-85.835487,-0.0,-19.259,-0.0,0.1222166419029235
0.2739279866218567,0.0004353323602117,0.0007444074726663,550.956812,480.270977,13.0,180.0,-42.301559,-85.835487,-0.0,-19.259,-0.0,0.1273797452449798
0.2896880209445953,0.0003817562828771,0.0006707023130729,550.956812,480.270977,14.0,180.0,-42.301559,-85.835487,-0.0,-19.259,-0.0,0.1301300078630447
0.1667740643024444,0.0003599811752792,0.0005080287228338,550.956812,480.270977,15.0,180.0,-42.301559,-85.835487,-0.0,-19.259,-0.0,0.0789220109581947
0.2673414945602417,0.0003437765990383,0.000573105236981,550.956812,480.270977,16.0,180.0,-42.301559,-85.835487,-0.0,-19.259,-0.0,0.121144950389862
0.2492302060127258,0.0002856968785636,0.0004605784197337,550.956812,480.270977,17.0,180.0,-42.301559,-85.835487,-0.0,-19.259,-0.0,0.1121803224086761
0.26797616481781,0.0003400002315174,0.0005638907896354,550.956812,480.270977,18.0,180.0,-42.301559,-85.835487,-0.0,-19.259,-0.0,0.129339262843132
0.3127810657024383,0.0002578887797426,0.0004540724330581,550.956812,480.270977,19.0,180.0,-42.301559,-85.835487,-0.0,-19.259,-0.0,0.1465931236743927
0.287837952375412,0.0006422623991966,0.0011332706781104,550.956812,480.270977,0.0,180.0,-42.301559,-85.835487,-0.0,-19.151,-0.0,0.1250098496675491
0.2613889575004577,0.0006628224509768,0.0011296300217509,550.956812,480.270977,1.0,180.0,-42.301559,-85.835487,-0.0,-19.151,-0.0,0.112501747906208
0.2774013578891754,0.0007020642515271,0.0012267237761989,550.956812,480.270977,2.0,180.0,-42.301559,-85.835487,-0.0,-19.151,-0.0,0.1231585517525672
0.289848268032074,0.000739989511203,0.001307426369749,550.956812,480.270977,3.0,180.0,-42.301559,-85.835487,-0.0,-19.151,-0.0,0.138952687382698
0.2687619924545288,0.0007696598768234,0.0013187703443691,550.956812,480.270977,4.0,180.0,-42.301559,-85.835487,-0.0,-19.151,-0.0,0.1223742738366127
0.2214424461126327,0.000709097541403,0.0011275165015831,550.956812,480.270977,5.0,180.0,-42.301559,-85.835487,-0.0,-19.151,-0.0,0.0919966921210289
0.2245562672615051,0.0006961271865293,0.0011063100537285,550.956812,480.270977,6.0,180.0,-42.301559,-85.835487,-0.0,-19.151,-0.0,0.0916678011417388
0.2733004689216614,0.0006567511009052,0.0011285033542662,550.956812,480.270977,7.0,180.0,-42.301559,-85.835487,-0.0,-19.151,-0.0,0.1217712610960006
0.2702838778495788,0.0006573298596777,0.001118478947319,550.956812,480.270977,8.0,180.0,-42.301559,-85.835487,-0.0,-19.151,-0.0,0.1211019158363342
0.2635569274425506,0.0006679967045783,0.0011207010829821,550.956812,480.270977,9.0,180.0,-42.301559,-85.835487,-0.0,-19.151,-0.0,0.1079130917787551
0.2700730562210083,0.0006202351069077,0.0010480995988473,550.956812,480.270977,10.0,180.0,-42.301559,-85.835487,-0.0,-19.151,-0.0,0.1270221471786499
0.2468994259834289,0.0005674577550962,0.0009379463735967,550.956812,480.270977,11.0,180.0,-42.301559,-85.835487,-0.0,-19.151,-0.0,0.1057629883289337
0.2620790004730224,0.0004850513359997,0.0008017212385311,550.956812,480.270977,12.0,180.0,-42.301559,-85.835487,-0.0,-19.151,-0.0,0.1021136492490768
0.2367516309022903,0.00041300378507,0.0006663638632744,550.956812,480.270977,13.0,180.0,-42.301559,-85.835487,-0.0,-19.151,-0.0,0.0866839215159416
0.2511909008026123,0.0003413281519897,0.0005594277172349,550.956812,480.270977,14.0,180.0,-42.301559,-85.835487,-0.0,-19.151,-0.0,0.1125455796718597
0.2939625084400177,0.0005008854786865,0.0008725625229999,550.956812,480.270977,15.0,180.0,-42.301559,-85.835487,-0.0,-19.151,-0.0,0.1478530913591385
0.2419785261154174,0.0003562491328921,0.0005629704683087,550.956812,480.270977,16.0,180.0,-42.301559,-85.835487,-0.0,-19.151,-0.0,0.1050076484680175
0.267797589302063,0.0003200785722583,0.0005311231943778,550.956812,480.270977,17.0,180.0,-42.301559,-85.835487,-0.0,-19.151,-0.0,0.1258946806192398
0.293921023607254,0.0002928735048044,0.0005098905530758,550.956812,480.270977,18.0,180.0,-42.301559,-85.835487,-0.0,-19.151,-0.0,0.1330808699131012
0.2864169776439667,0.0002389679139014,0.0003986989031545,550.956812,480.270977,19.0,180.0,-42.301559,-85.835487,-0.0,-19.151,-0.0,0.1303346753120422
0.2674218714237213,0.0006433297530747,0.001100231311284,550.956812,480.270977,0.0,180.0,-42.301559,-85.835487,0.0,-19.198,-0.0,0.119351603090763
0.2897984981536865,0.0006956686265766,0.0012267743004485,550.956812,480.270977,1.0,180.0,-42.301559,-85.835487,0.0,-19.198,-0.0,0.123883306980133
0.272348552942276,0.0006786811281926,0.0011615570401772,550.956812,480.270977,2.0,180.0,-42.301559,-85.835487,0.0,-19.198,-0.0,0.1092716306447982
0.2375879138708114,0.000728057755623,0.0012040387373417,550.956812,480.270977,3.0,180.0,-42.301559,-85.835487,0.0,-19.198,-0.0,0.1020926982164383
0.2757906317710876,0.0006550340913236,0.0011318678734824,550.956812,480.270977,4.0,180.0,-42.301559,-85.835487,0.0,-19.198,-0.0,0.1183420717716217
0.279744952917099,0.0006816650857217,0.001174290664494,550.956812,480.270977,5.0,180.0,-42.301559,-85.835487,0.0,-19.198,-0.0,0.1243121996521949
0.2771681547164917,0.0006751744658686,0.001153519260697,550.956812,480.270977,6.0,180.0,-42.301559,-85.835487,0.0,-19.198,-0.0,0.1273441165685653
0.2619527578353882,0.0007065944955684,0.0011896040523424,550.956812,480.270977,7.0,180.0,-42.301559,-85.835487,0.0,-19.198,-0.0,0.1193221062421798
0.1820820271968841,0.0006073579424992,0.000896108278539,550.956812,480.270977,8.0,180.0,-42.301559,-85.835487,0.0,-19.198,-0.0,0.075338564813137
0.2171768546104431,0.0005478329258039,0.00084898120258,550.956812,480.270977,9.0,180.0,-42.301559,-85.835487,0.0,-19.198,-0.0,0.0714879408478736
0.2474470138549804,0.0005216935533098,0.000857115839608,550.956812,480.270977,10.0,180.0,-42.301559,-85.835487,0.0,-19.198,-0.0,0.1050023585557937
0.2601621150970459,0.0005377522320486,0.0008915888611227,550.956812,480.270977,11.0,180.0,-42.301559,-85.835487,0.0,-19.198,-0.0,0.1085551530122757
0.2754429578781128,0.0005627808859571,0.0009561941260471,550.956812,480.270977,12.0,180.0,-42.301559,-85.835487,0.0,-19.198,-0.0,0.1240032166242599
0.2625449895858764,0.0004257690161466,0.0007022062200121,550.956812,480.270977,13.0,180.0,-42.301559,-85.835487,0.0,-19.198,-0.0,0.1194912493228912
0.279174655675888,0.0003974917635787,0.0006720408564433,550.956812,480.270977,14.0,180.0,-42.301559,-85.835487,0.0,-19.198,-0.0,0.1197869777679443
0.2669729590415954,0.0003941545146517,0.0006560407346114,550.956812,480.270977,15.0,180.0,-42.301559,-85.835487,0.0,-19.198,-0.0,0.1131875589489936
0.1684090197086334,0.0003416425606701,0.0004741025040857,550.956812,480.270977,16.0,180.0,-42.301559,-85.835487,0.0,-19.198,-0.0,0.0648632794618606
0.2458469271659851,0.0003196586330886,0.0005082725547254,550.956812,480.270977,17.0,180.0,-42.301559,-85.835487,0.0,-19.198,-0.0,0.1083967685699462
0.3199269771575928,0.0002692684938665,0.0004839081375394,550.956812,480.270977,18.0,180.0,-42.301559,-85.835487,0.0,-19.198,-0.0,0.1444167643785476
0.2984633147716522,0.000276275066426,0.0004777902504429,550.956812,480.270977,19.0,180.0,-42.301559,-85.835487,0.0,-19.198,-0.0,0.140537217259407
0.2726146280765533,0.0006333044730126,0.0010742443846538,550.956812,480.270977,0.0,180.0,-42.301559,-85.835487,-0.0,-19.149,-0.0,0.1253653466701507
0.2753117084503174,0.0006804622826166,0.0011613612296059,550.956812,480.270977,1.0,180.0,-42.301559,-85.835487,-0.0,-19.149,-0.0,0.1263306140899658
0.249052882194519,0.0006739688687957,0.0011161039583384,550.956812,480.270977,2.0,180.0,-42.301559,-85.835487,-0.0,-19.149,-0.0,0.1078516170382499
0.2563976943492889,0.000715147878509,0.0011941286502406,550.956812,480.270977,3.0,180.0,-42.301559,-85.835487,-0.0,-19.149,-0.0,0.1052028238773346
0.2683269381523132,0.0007188089657574,0.0012103309854865,550.956812,480.270977,4.0,180.0,-42.301559,-85.835487,-0.0,-19.149,-0.0,0.1242363005876541
0.2243056893348693,0.0006609270931221,0.0010433088755235,550.956812,480.270977,5.0,180.0,-42.301559,-85.835487,-0.0,-19.149,-0.0,0.0890728756785392
0.24728824198246,0.0007434387225657,0.0012246613623574,550.956812,480.270977,6.0,180.0,-42.301559,-85.835487,-0.0,-19.149,-0.0,0.1117249876260757
0.2650562822818756,0.0007240258273668,0.0012052565580233,550.956812,480.270977,7.0,180.0,-42.301559,-85.835487,-0.0,-19.149,-0.0,0.1262679994106292
0.2640644311904907,0.0006451556109823,0.0010731606744229,550.956812,480.270977,8.0,180.0,-42.301559,-85.835487,-0.0,-19.149,-0.0,0.1144830286502838
0.2376369833946228,0.0006489389343187,0.0010389717062935,550.956812,480.270977,9.0,180.0,-42.301559,-85.835487,-0.0,-19.149,-0.0,0.1098597720265388
0.2476840168237686,0.0005759909981861,0.0009274791227653,550.956812,480.270977,10.0,180.0,-42.301559,-85.835487,-0.0,-19.149,-0.0,0.1131012365221977
0.2391799390316009,0.000595893478021,0.0009457746637053,550.956812,480.270977,11.0,180.0,-42.301559,-85.835487,-0.0,-19.149,-0.0,0.1036072671413421
0.2317411750555038,0.0005585941835306,0.0008806692203506,550.956812,480.270977,12.0,180.0,-42.301559,-85.835487,-0.0,-19.149,-0.0,0.106631688773632
0.251324862241745,0.0005013463669456,0.0008080031257122,550.956812,480.270977,13.0,180.0,-42.301559,-85.835487,-0.0,-19.149,-0.0,0.111710287630558
0.27023646235466,0.0004449473926797,0.0007316887495107,550.956812,480.270977,14.0,180.0,-42.301559,-85.835487,-0.0,-19.149,-0.0,0.1165845096111297
0.2763336598873138,0.0004391195543576,0.000737810798455,550.956812,480.270977,15.0,180.0,-42.301559,-85.835487,-0.0,-19.149,-0.0,0.1185872927308082
0.2545550167560577,0.0003131005796603,0.0004958500503562,550.956812,480.270977,16.0,180.0,-42.301559,-85.835487,-0.0,-19.149,-0.0,0.1125167533755302
0.2880009710788727,0.0002776636101771,0.0004678012337535,550.956812,480.270977,17.0,180.0,-42.301559,-85.835487,-0.0,-19.149,-0.0,0.1273466348648071
0.2622539103031158,0.0002614805125631,0.0004221890994813,550.956812,480.270977,18.0,180.0,-42.301559,-85.835487,-0.0,-19.149,-0.0,0.1167259886860847
0.2697802484035492,0.0002373318711761,0.0003890853840857,550.956812,480.270977,19.0,180.0,-42.301559,-85.835487,-0.0,-19.149,-0.0,0.11741603910923
0.233531653881073,0.0007644820143468,0.0012024178868159,550.956812,480.270977,0.0,180.0,-42.301559,-85.835487,-0.0,-19.094,-0.0,0.1190354377031326
0.2387236654758453,0.0007312864181585,0.0011514072539284,550.956812,480.270977,1.0,180.0,-42.301559,-85.835487,-0.0,-19.094,-0.0,0.1181187406182289
0.2381166070699691,0.0007906251121312,0.0012419358827173,550.956812,480.270977,2.0,180.0,-42.301559,-85.835487,-0.0,-19.094,-0.0,0.1225298717617988
0.2335013449192047,0.0007227704627439,0.0011283599305897,550.956812,480.270977,3.0,180.0,-42.301559,-85.835487,-0.0,-19.094,-0.0,0.117397554218769
0.2017320990562439,0.0008219794835895,0.0012322415132075,550.956812,480.270977,4.0,180.0,-42.301559,-85.835487,-0.0,-19.094,-0.0,0.0934028625488281
0.2310356199741363,0.0008157400880008,0.0012682517990469,550.956812,480.270977,5.0,180.0,-42.301559,-85.835487,-0.0,-19.094,-0.0,0.1144342198967933
0.2274673879146576,0.0007094736211001,0.0010966472327709,550.956812,480.270977,6.0,180.0,-42.301559,-85.835487,-0.0,-19.094,-0.0,0.1090755835175514
0.2436811774969101,0.0006894226535223,0.0010810155654326,550.956812,480.270977,7.0,180.0,-42.301559,-85.835487,-0.0,-19.094,-0.0,0.1144047752022743
0.2221653312444687,0.0007988449651747,0.001227059517987,550.956812,480.270977,8.0,180.0,-42.301559,-85.835487,-0.0,-19.094,-0.0,0.1111529171466827
0.1310662478208542,0.000672624388244,0.000904043787159,550.956812,480.270977,9.0,180.0,-42.301559,-85.835487,-0.0,-19.094,-0.0,0.0436238870024681
0.2131952494382858,0.0006098795565776,0.0009165288647636,550.956812,480.270977,10.0,180.0,-42.301559,-85.835487,-0.0,-19.094,-0.0,0.0944104120135307
0.2163437455892563,0.0005329076084308,0.0008065254078246,550.956812,480.270977,11.0,180.0,-42.301559,-85.835487,-0.0,-19.094,-0.0,0.0912583470344543
0.2085736095905304,0.0005243571940809,0.000777430308517,550.956812,480.270977,12.0,180.0,-42.301559,-85.835487,-0.0,-19.094,-0.0,0.0863171741366386
0.2115146666765213,0.0005441685207188,0.0008195074042305,550.956812,480.270977,13.0,180.0,-42.301559,-85.835487,-0.0,-19.094,-0.0,0.096566803753376
0.2437439709901809,0.0004147453582845,0.0006455289549194,550.956812,480.270977,14.0,180.0,-42.301559,-85.835487,-0.0,-19.094,-0.0,0.1132814586162567
0.2296323776245117,0.0003835322568193,0.0005832858150824,550.956812,480.270977,15.0,180.0,-42.301559,-85.835487,-0.0,-19.094,-0.0,0.105943277478218
0.2259029000997543,0.0003979973553214,0.0006052002427168,550.956812,480.270977,16.0,180.0,-42.301559,-85.835487,-0.0,-19.094,-0.0,0.1041888743638992
0.2162840217351913,0.0003366530581843,0.0005011348403058,550.956812,480.270977,17.0,180.0,-42.301559,-85.835487,-0.0,-19.094,-0.0,0.094834454357624
0.2708019614219665,0.0002927003370132,0.000481892901007,550.956812,480.270977,18.0,180.0,-42.301559,-85.835487,-0.0,-19.094,-0.0,0.1206678748130798
0.3072913289070129,0.0001938271743711,0.0003378038236405,550.956812,480.270977,19.0,180.0,-42.301559,-85.835487,-0.0,-19.094,-0.0,0.1378559619188308
0.238237977027893,0.0006822033319622,0.0010824662167578,550.956812,480.270977,0.0,180.0,-42.301559,-85.835487,-0.0,-19.06,-0.0,0.1226978525519371
0.2348131984472274,0.0007275771931745,0.0011435836786404,550.956812,480.270977,1.0,180.0,-42.301559,-85.835487,-0.0,-19.06,-0.0,0.1210400983691215
0.2210065275430679,0.000789365323726,0.0012216613395139,550.956812,480.270977,2.0,180.0,-42.301559,-85.835487,-0.0,-19.06,-0.0,0.1099910512566566
0.2198733538389206,0.0008082896238192,0.0012419937411323,550.956812,480.270977,3.0,180.0,-42.301559,-85.835487,-0.0,-19.06,-0.0,0.1096511632204055
0.2237027883529663,0.0007948920247144,0.0012248273706063,550.956812,480.270977,4.0,180.0,-42.301559,-85.835487,-0.0,-19.06,-0.0,0.1105238497257232
0.2195780575275421,0.0007932183216325,0.0012100317981094,550.956812,480.270977,5.0,180.0,-42.301559,-85.835487,-0.0,-19.06,-0.0,0.1024522557854652
0.2443822622299194,0.0007159406086429,0.001123349647969,550.956812,480.270977,6.0,180.0,-42.301559,-85.835487,-0.0,-19.06,-0.0,0.1201271265745163
0.2027104943990707,0.0007629233878105,0.0011407396523281,550.956812,480.270977,7.0,180.0,-42.301559,-85.835487,-0.0,-19.06,-0.0,0.101088598370552
0.1825384944677353,0.0007020581397227,0.0010213459609076,550.956812,480.270977,8.0,180.0,-42.301559,-85.835487,-0.0,-19.06,-0.0,0.0815140157938003
0.1866294890642166,0.0006881835870444,0.0010146420681849,550.956812,480.270977,9.0,180.0,-42.301559,-85.835487,-0.0,-19.06,-0.0,0.0813742354512214
0.2129803895950317,0.0005613359971903,0.0008440583478659,550.956812,480.270977,10.0,180.0,-42.301559,-85.835487,-0.0,-19.06,-0.0,0.091775968670845
0.1968662440776825,0.0005481093539856,0.00081491866149,550.956812,480.270977,11.0,180.0,-42.301559,-85.835487,-0.0,-19.06,-0.0,0.0874345228075981
0.1934651881456375,0.0005302585195749,0.0007715728715993,550.956812,480.270977,12.0,180.0,-42.301559,-85.835487,-0.0,-19.06,-0.0,0.0824471116065979
0.2160271108150482,0.0005460610846057,0.0008250825922004,550.956812,480.270977,13.0,180.0,-42.301559,-85.835487,-0.0,-19.06,-0.0,0.1040877550840377
0.2036116421222686,0.0004730861692223,0.0006999602192081,550.956812,480.270977,14.0,180.0,-42.301559,-85.835487,-0.0,-19.06,-0.0,0.0943919718265533
0.2325638234615326,0.0004073703894391,0.0006168489926494,550.956812,480.270977,15.0,180.0,-42.301559,-85.835487,-0.0,-19.06,-0.0,0.1047095134854316
0.1845090985298156,0.0003866564074996,0.0005506119923666,550.956812,480.270977,16.0,180.0,-42.301559,-85.835487,-0.0,-19.06,-0.0,0.0829832479357719
0.1800243705511093,0.0003692862810567,0.0005254264106042,550.956812,480.270977,17.0,180.0,-42.301559,-85.835487,-0.0,-19.06,-0.0,0.0786484479904174
0.2006283700466156,0.0003162286884617,0.0004665171436499,550.956812,480.270977,18.0,180.0,-42.301559,-85.835487,-0.0,-19.06,-0.0,0.0950117111206054
0.2782496809959411,0.0003294514899607,0.0005599781288765,550.956812,480.270977,19.0,180.0,-42.301559,-85.835487,-0.0,-19.06,-0.0,0.1351261883974075
0.2926236689090729,0.0006164931692183,0.0010919285705313,550.956812,480.270977,0.0,180.0,-42.301559,-85.835487,-0.0,-19.042,-0.0,0.127694621682167
0.2837908565998077,0.0006337565137073,0.0011159544810652,550.956812,480.270977,1.0,180.0,-42.301559,-85.835487,-0.0,-19.042,-0.0,0.1223299503326416
0.2701579928398132,0.000740458490327,0.0012691072188317,550.956812,480.270977,2.0,180.0,-42.301559,-85.835487,-0.0,-19.042,-0.0,0.1208545193076133
0.2789227366447449,0.0007297396659851,0.0012664729729294,550.956812,480.270977,3.0,180.0,-42.301559,-85.835487,-0.0,-19.042,-0.0,0.1256265789270401
0.2695592641830444,0.000735331850592,0.0012641884386539,550.956812,480.270977,4.0,180.0,-42.301559,-85.835487,-0.0,-19.042,-0.0,0.1206123530864715
0.2896694242954254,0.0006763617857359,0.0011864977423101,550.956812,480.270977,5.0,180.0,-42.301559,-85.835487,-0.0,-19.042,-0.0,0.1312630474567413
0.2533928155899048,0.0006941731553524,0.0011557107791304,550.956812,480.270977,6.0,180.0,-42.301559,-85.835487,-0.0,-19.042,-0.0,0.1048591881990432
0.2585136890411377,0.000660145713482,0.0011055001523345,550.956812,480.270977,7.0,180.0,-42.301559,-85.835487,-0.0,-19.042,-0.0,0.1140058413147926
0.28684002161026,0.0006419408600777,0.0011178270215168,550.956812,480.270977,8.0,180.0,-42.301559,-85.835487,-0.0,-19.042,-0.0,0.1249903663992881
0.293622225522995,0.0006218655616976,0.0010764107573777,550.956812,480.270977,9.0,180.0,-42.301559,-85.835487,-0.0,-19.042,-0.0,0.1303303837776184
0.2661830186843872,0.0005254902062006,0.0008712549461051,550.956812,480.270977,10.0,180.0,-42.301559,-85.835487,-0.0,-19.042,-0.0,0.1138204410672187
0.2280365824699401,0.000612300587818,0.0009675960172899,550.956812,480.270977,11.0,180.0,-42.301559,-85.835487,-0.0,-19.042,-0.0,0.1051222309470176
0.2187158167362213,0.0005330776330083,0.0008287892560474,550.956812,480.270977,12.0,180.0,-42.301559,-85.835487,-0.0,-19.042,-0.0,0.090110644698143
0.2541304528713226,0.0004628063761629,0.0007579929661005,550.956812,480.270977,13.0,180.0,-42.301559,-85.835487,-0.0,-19.042,-0.0,0.1138624250888824
0.1943102329969406,0.0004340065352153,0.0006377532845363,550.956812,480.270977,14.0,180.0,-42.301559,-85.835487,-0.0,-19.042,-0.0,0.0839286521077156
0.2721406519412994,0.0004196584341116,0.0007177163497544,550.956812,480.270977,15.0,180.0,-42.301559,-85.835487,-0.0,-19.042,-0.0,0.1227945312857627
0.2707014977931976,0.0003164628287777,0.0005289377295412,550.956812,480.270977,16.0,180.0,-42.301559,-85.835487,-0.0,-19.042,-0.0,0.113209456205368
0.2710190713405609,0.0002663006016518,0.0004414946597535,550.956812,480.270977,17.0,180.0,-42.301559,-85.835487,-0.0,-19.042,-0.0,0.1223332285881042
0.2851392328739166,0.0002332404692424,0.0003973269485868,550.956812,480.270977,18.0,180.0,-42.301559,-85.835487,-0.0,-19.042,-0.0,0.1282847076654434
0.3098209500312805,0.0002324074011994,0.0004092505550943,550.956812,480.270977,19.0,180.0,-42.301559,-85.835487,-0.0,-19.042,-0.0,0.1393892616033554
0.2886812686920166,0.0005761239444836,0.0010148527799174,550.956812,480.270977,0.0,180.0,-42.301559,-85.835487,-0.0,-19.048,-0.0,0.1295437663793563
0.2913877367973327,0.0006791742052882,0.0012061517918482,550.956812,480.270977,1.0,180.0,-42.301559,-85.835487,-0.0,-19.048,-0.0,0.1364057511091232
0.3104003667831421,0.0006550411926582,0.0011864345287904,550.956812,480.270977,2.0,180.0,-42.301559,-85.835487,-0.0,-19.048,-0.0,0.1470323503017425
0.2924297451972961,0.0006820455309934,0.0012076764833182,550.956812,480.270977,3.0,180.0,-42.301559,-85.835487,-0.0,-19.048,-0.0,0.1404356360435485
0.2967416048049927,0.0007090579019859,0.0012539522722363,550.956812,480.270977,4.0,180.0,-42.301559,-85.835487,-0.0,-19.048,-0.0,0.140739768743515
0.2842757105827331,0.0007457765750586,0.001296637696214,550.956812,480.270977,5.0,180.0,-42.301559,-85.835487,-0.0,-19.048,-0.0,0.1316344290971756
0.2823455035686493,0.0006545649375766,0.0011354753514751,550.956812,480.270977,6.0,180.0,-42.301559,-85.835487,-0.0,-19.048,-0.0,0.1244477182626724
0.2485403418540954,0.0006248870631679,0.0010360380401834,550.956812,480.270977,7.0,180.0,-42.301559,-85.835487,-0.0,-19.048,-0.0,0.0970890596508979
0.2701810300350189,0.0006653137388639,0.0011354640591889,550.956812,480.270977,8.0,180.0,-42.301559,-85.835487,-0.0,-19.048,-0.0,0.1097368225455284
0.2777816355228424,0.0006237672059796,0.0010687246685847,550.956812,480.270977,9.0,180.0,-42.301559,-85.835487,-0.0,-19.048,-0.0,0.1216980144381523
0.2723753154277801,0.0006075596902519,0.0010405111825093,550.956812,480.270977,10.0,180.0,-42.301559,-85.835487,-0.0,-19.048,-0.0,0.1225730702280998
0.2802517414093017,0.0006023342721164,0.0010388635564595,550.956812,480.270977,11.0,180.0,-42.301559,-85.835487,-0.0,-19.048,-0.0,0.1276445537805557
0.2737976312637329,0.0005146301118656,0.0008736941381357,550.956812,480.270977,12.0,180.0,-42.301559,-85.835487,-0.0,-19.048,-0.0,0.1234719008207321
0.3064799606800079,0.000451967382105,0.0008005042909644,550.956812,480.270977,13.0,180.0,-42.301559,-85.835487,-0.0,-19.048,-0.0,0.1408043950796127
0.2938359081745147,0.000387331994716,0.0006658034981228,550.956812,480.270977,14.0,180.0,-42.301559,-85.835487,-0.0,-19.048,-0.0,0.1317605078220367
0.2890982329845428,0.0004088676651008,0.0006966904038563,550.956812,480.270977,15.0,180.0,-42.301559,-85.835487,-0.0,-19.048,-0.0,0.1287536770105362
0.2403371036052703,0.0003270967281423,0.0005222694599069,550.956812,480.270977,16.0,180.0,-42.301559,-85.835487,-0.0,-19.048,-0.0,0.1009140983223915
0.2587443590164184,0.0003096652799285,0.0005016604554839,550.956812,480.270977,17.0,180.0,-42.301559,-85.835487,-0.0,-19.048,-0.0,0.1166954785585403
0.2751260697841644,0.0003026096383109,0.0005107299075461,550.956812,480.270977,18.0,180.0,-42.301559,-85.835487,-0.0,-19.048,-0.0,0.1250100284814834
0.3195474147796631,0.0002147407503798,0.000383748934837,550.956812,480.270977,19.0,180.0,-42.301559,-85.835487,-0.0,-19.048,-0.0,0.1424167603254318
0.223512515425682,0.0007485551177524,0.0011444337433204,550.956812,480.270977,0.0,180.0,-42.301559,-85.835487,-0.0,-19.029,-0.0,0.1242469400167465
0.209551602602005,0.0008208054350689,0.001232051406987,550.956812,480.270977,1.0,180.0,-42.301559,-85.835487,-0.0,-19.029,-0.0,0.1156563013792038
0.1974254995584488,0.0008381552179343,0.0012357519008219,550.956812,480.270977,2.0,180.0,-42.301559,-85.835487,-0.0,-19.029,-0.0,0.1013677343726158
0.1962442547082901,0.0007801009924151,0.0011438579531386,550.956812,480.270977,3.0,180.0,-42.301559,-85.835487,-0.0,-19.029,-0.0,0.0953413024544715
0.1989991068840026,0.0008239716407842,0.0012176679447293,550.956812,480.270977,4.0,180.0,-42.301559,-85.835487,-0.0,-19.029,-0.0,0.1030038073658943
0.1960257291793823,0.0008782339282333,0.00128448929172,550.956812,480.270977,5.0,180.0,-42.301559,-85.835487,-0.0,-19.029,-0.0,0.0942841321229934
0.1854560524225235,0.0008014385239221,0.0011567452456802,550.956812,480.270977,6.0,180.0,-42.301559,-85.835487,-0.0,-19.029,-0.0,0.0923348143696785
0.2042144387960434,0.0008159626740962,0.0012066941708326,550.956812,480.270977,7.0,180.0,-42.301559,-85.835487,-0.0,-19.029,-0.0,0.1062056347727775
0.1852111369371414,0.0008323532529175,0.0012051729718223,550.956812,480.270977,8.0,180.0,-42.301559,-85.835487,-0.0,-19.029,-0.0,0.0984937250614166
0.1862736195325851,0.0007598469965159,0.0010882257483899,550.956812,480.270977,9.0,180.0,-42.301559,-85.835487,-0.0,-19.029,-0.0,0.0840139389038086
0.1835846751928329,0.0006177462637424,0.000883430999238,550.956812,480.270977,10.0,180.0,-42.301559,-85.835487,-0.0,-19.029,-0.0,0.0872518941760063
0.2091196477413177,0.0006033685058355,0.0008935781661421,550.956812,480.270977,11.0,180.0,-42.301559,-85.835487,-0.0,-19.029,-0.0,0.0996977165341377
0.2138254940509796,0.0005523487343452,0.0008230839739553,550.956812,480.270977,12.0,180.0,-42.301559,-85.835487,-0.0,-19.029,-0.0,0.1005635261535644
0.2141368985176086,0.0004998354706913,0.0007400831091217,550.956812,480.270977,13.0,180.0,-42.301559,-85.835487,-0.0,-19.029,-0.0,0.1002304852008819
0.1696714013814926,0.0004971006419509,0.0006804862641729,550.956812,480.270977,14.0,180.0,-42.301559,-85.835487,-0.0,-19.029,-0.0,0.0826405137777328
0.1420556604862213,0.0004298916319385,0.0005662432522512,550.956812,480.270977,15.0,180.0,-42.301559,-85.835487,-0.0,-19.029,-0.0,0.0631226524710655
0.1143744438886642,0.000438645860413,0.0005615015979856,550.956812,480.270977,16.0,180.0,-42.301559,-85.835487,-0.0,-19.029,-0.0,0.0440343767404556
0.2080251723527908,0.0003535400319378,0.0005168222705833,550.956812,480.270977,17.0,180.0,-42.301559,-85.835487,-0.0,-19.029,-0.0,0.1006707921624183
0.2460976243019104,0.0002830306766554,0.0004472020373214,550.956812,480.270977,18.0,180.0,-42.301559,-85.835487,-0.0,-19.029,-0.0,0.1092198193073272
0.2942555546760559,0.0002303024375578,0.0003829172928817,550.956812,480.270977,19.0,180.0,-42.301559,-85.835487,-0.0,-19.029,-0.0,0.1382529139518737
0.2080038040876388,0.0008486834121868,0.0012745959684252,550.956812,480.270977,0.0,180.0,-42.301559,-85.835487,-0.0,-19.029,-0.0,0.1137577593326568
0.1999115943908691,0.0007497839396819,0.0011003888212144,550.956812,480.270977,1.0,180.0,-42.301559,-85.835487,-0.0,-19.029,-0.0,0.0971625074744224
0.1857324838638305,0.0007976032211445,0.001151293166913,550.956812,480.270977,2.0,180.0,-42.301559,-85.835487,-0.0,-19.029,-0.0,0.0853149965405464
0.1987514942884445,0.0008065626025199,0.0011841878294944,550.956812,480.270977,3.0,180.0,-42.301559,-85.835487,-0.0,-19.029,-0.0,0.0981984138488769
0.1800735592842102,0.0007867869571782,0.0011288695968687,550.956812,480.270977,4.0,180.0,-42.301559,-85.835487,-0.0,-19.029,-0.0,0.0856321901082992
0.2038799822330474,0.000703704659827,0.0010382443433627,550.956812,480.270977,5.0,180.0,-42.301559,-85.835487,-0.0,-19.029,-0.0,0.0985679998993873
0.187378391623497,0.0007731206715106,0.0011233749100938,550.956812,480.270977,6.0,180.0,-42.301559,-85.835487,-0.0,-19.029,-0.0,0.0848012566566467
0.2037341296672821,0.000730063766241,0.00107461377047,550.956812,480.270977,7.0,180.0,-42.301559,-85.835487,-0.0,-19.029,-0.0,0.1007992848753929
0.181759774684906,0.0007367648067884,0.0010534087195992,550.956812,480.270977,8.0,180.0,-42.301559,-85.835487,-0.0,-19.029,-0.0,0.0832662209868431
0.1775445789098739,0.000736346526537,0.0010478990152478,550.956812,480.270977,9.0,180.0,-42.301559,-85.835487,-0.0,-19.029,-0.0,0.0769371390342712
0.2083407193422317,0.0006846782634966,0.0010116761550307,550.956812,480.270977,10.0,180.0,-42.301559,-85.835487,-0.0,-19.029,-0.0,0.0996631905436515
0.2386137396097183,0.0006185183883644,0.0009412882500328,550.956812,480.270977,11.0,180.0,-42.301559,-85.835487,-0.0,-19.029,-0.0,0.1151046752929687
0.1906104832887649,0.0004910052521154,0.0006969994283281,550.956812,480.270977,12.0,180.0,-42.301559,-85.835487,-0.0,-19.029,-0.0,0.0830437093973159
0.2086317390203476,0.0005468914750963,0.0007992315804585,550.956812,480.270977,13.0,180.0,-42.301559,-85.835487,-0.0,-19.029,-0.0,0.098618134856224
0.2166694104671478,0.0005110947531647,0.0007585326093249,550.956812,480.270977,14.0,180.0,-42.301559,-85.835487,-0.0,-19.029,-0.0,0.0984145626425743
0.1840697526931762,0.0004253268998581,0.0005964588490314,550.956812,480.270977,15.0,180.0,-42.301559,-85.835487,-0.0,-19.029,-0.0,0.0867098495364189
0.2290246337652206,0.0004402522754389,0.000662641657982,550.956812,480.270977,16.0,180.0,-42.301559,-85.835487,-0.0,-19.029,-0.0,0.10895936191082
0.2389898300170898,0.0003454739344306,0.0005266783409751,550.956812,480.270977,17.0,180.0,-42.301559,-85.835487,-0.0,-19.029,-0.0,0.1065404117107391
0.2584753930568695,0.0002877231745515,0.0004606657894328,550.956812,480.270977,18.0,180.0,-42.301559,-85.835487,-0.0,-19.029,-0.0,0.1251624822616577
0.2948209047317505,0.0002534184895921,0.0004276010149624,550.956812,480.270977,19.0,180.0,-42.301559,-85.835487,-0.0,-19.029,-0.0,0.1325182467699051
0.2293427586555481,0.00070002512075,0.0010724101448431,550.956812,480.270977,0.0,180.0,-42.301559,-85.835487,-0.0,-19.029,-0.0,0.1189734861254692
0.2146995365619659,0.0008139322744682,0.0012277440400794,550.956812,480.270977,1.0,180.0,-42.301559,-85.835487,-0.0,-19.029,-0.0,0.1232752203941345
0.1965265721082687,0.0007801433093845,0.0011435364140197,550.956812,480.270977,2.0,180.0,-42.301559,-85.835487,-0.0,-19.029,-0.0,0.1003468260169029
0.1986936032772064,0.0008313460857607,0.0012222891673445,550.956812,480.270977,3.0,180.0,-42.301559,-85.835487,-0.0,-19.029,-0.0,0.1010338962078094
0.1902130097150802,0.0007909663836471,0.0011564483866095,550.956812,480.270977,4.0,180.0,-42.301559,-85.835487,-0.0,-19.029,-0.0,0.0948745757341384
0.1959772109985351,0.0008434993796981,0.0012395774247124,550.956812,480.270977,5.0,180.0,-42.301559,-85.835487,-0.0,-19.029,-0.0,0.0961096361279487
0.2007452845573425,0.000906849571038,0.0013441368937492,550.956812,480.270977,6.0,180.0,-42.301559,-85.835487,-0.0,-19.029,-0.0,0.1031768769025802
0.203196719288826,0.0007322680903598,0.0010855169966816,550.956812,480.270977,7.0,180.0,-42.301559,-85.835487,-0.0,-19.029,-0.0,0.1062478646636009
0.1671180129051208,0.0007283370941877,0.0010252837091684,550.956812,480.270977,8.0,180.0,-42.301559,-85.835487,-0.0,-19.029,-0.0,0.0776595324277877
0.1568357348442077,0.0006831914652138,0.0009366332669742,550.956812,480.270977,9.0,180.0,-42.301559,-85.835487,-0.0,-19.029,-0.0,0.0722662284970283
0.1349087506532669,0.0006483256584033,0.0008551491773687,550.956812,480.270977,10.0,180.0,-42.301559,-85.835487,-0.0,-19.029,-0.0,0.054773636162281
0.1687951683998108,0.0005819078651256,0.0008130639907903,550.956812,480.270977,11.0,180.0,-42.301559,-85.835487,-0.0,-19.029,-0.0,0.0665297508239746
0.2307560741901397,0.0005838499055244,0.0008870970923453,550.956812,480.270977,12.0,180.0,-42.301559,-85.835487,-0.0,-19.029,-0.0,0.1143604442477226
0.1652659177780151,0.000557632301934,0.0007726018084213,550.956812,480.270977,13.0,180.0,-42.301559,-85.835487,-0.0,-19.029,-0.0,0.0786067023873329
0.193924143910408,0.0005180168082006,0.0007483570370823,550.956812,480.270977,14.0,180.0,-42.301559,-85.835487,-0.0,-19.029,-0.0,0.0912373140454292
0.2325131446123123,0.0004602327826432,0.0006960810860618,550.956812,480.270977,15.0,180.0,-42.301559,-85.835487,-0.0,-19.029,-0.0,0.1122271418571472
0.2140194773674011,0.0003865905164275,0.0005699859466403,550.956812,480.270977,16.0,180.0,-42.301559,-85.835487,-0.0,-19.029,-0.0,0.1054243445396423
0.2649641335010528,0.0003451261727605,0.0005343515076674,550.956812,480.270977,17.0,180.0,-42.301559,-85.835487,-0.0,-19.029,-0.0,0.1228825822472572
0.2365391552448272,0.0003233522584196,0.0004924237146042,550.956812,480.270977,18.0,180.0,-42.301559,-85.835487,-0.0,-19.029,-0.0,0.1069502457976341
0.2464187294244766,0.0002628485963214,0.0004045586683787,550.956812,480.270977,19.0,180.0,-42.301559,-85.835487,-0.0,-19.029,-0.0,0.1124354526400566
0.2375939041376114,0.0007050196873024,0.0011252503609284,550.956812,480.270977,0.0,180.0,-42.301559,-85.835487,-0.0,-18.959,-0.0,0.1111745908856391
0.229327455163002,0.0007019445765763,0.0011126903118565,550.956812,480.270977,1.0,180.0,-42.301559,-85.835487,-0.0,-18.959,-0.0,0.1111485287547111
0.1943643242120742,0.0008331055869348,0.0012504779733717,550.956812,480.270977,2.0,180.0,-42.301559,-85.835487,-0.0,-18.959,-0.0,0.0813321843743324
0.1913314461708068,0.0007590430905111,0.0011191001394763,550.956812,480.270977,3.0,180.0,-42.301559,-85.835487,-0.0,-18.959,-0.0,0.0849679186940193
0.2238677740097046,0.0007504148525185,0.0011600869474932,550.956812,480.270977,4.0,180.0,-42.301559,-85.835487,-0.0,-18.959,-0.0,0.1015992909669876
0.2029505521059036,0.0006926676142029,0.0010509924031794,550.956812,480.270977,5.0,180.0,-42.301559,-85.835487,-0.0,-18.959,-0.0,0.0839577615261077
0.209369882941246,0.0006822198047302,0.0010533344466239,550.956812,480.270977,6.0,180.0,-42.301559,-85.835487,-0.0,-18.959,-0.0,0.0930120050907135
0.2293117493391037,0.0006717296200804,0.001041586510837,550.956812,480.270977,7.0,180.0,-42.301559,-85.835487,-0.0,-18.959,-0.0,0.1010021045804023
0.2037248164415359,0.0008254198473878,0.0012503087054938,550.956812,480.270977,8.0,180.0,-42.301559,-85.835487,-0.0,-18.959,-0.0,0.1004873737692833
0.1594565063714981,0.0007107749697752,0.0010120975784957,550.956812,480.270977,9.0,180.0,-42.301559,-85.835487,-0.0,-18.959,-0.0,0.0697275921702385
0.2226152420043945,0.0006783130811527,0.0010470268316566,550.956812,480.270977,10.0,180.0,-42.301559,-85.835487,-0.0,-18.959,-0.0,0.1101873964071273
0.2025637626647949,0.0006091273389756,0.0009062008466571,550.956812,480.270977,11.0,180.0,-42.301559,-85.835487,-0.0,-18.959,-0.0,0.0898531600832939
0.2082013189792633,0.0005669880774803,0.0008491386543028,550.956812,480.270977,12.0,180.0,-42.301559,-85.835487,-0.0,-18.959,-0.0,0.0946345552802085
0.2581367194652557,0.0004915698082186,0.0007804711349308,550.956812,480.270977,13.0,180.0,-42.301559,-85.835487,-0.0,-18.959,-0.0,0.1216610744595527
0.2039117068052292,0.000461607647594,0.0006861797883175,550.956812,480.270977,14.0,180.0,-42.301559,-85.835487,-0.0,-18.959,-0.0,0.0949162766337394
0.232369840145111,0.0004064746317453,0.0006259291549213,550.956812,480.270977,15.0,180.0,-42.301559,-85.835487,-0.0,-18.959,-0.0,0.1063657701015472
0.2339505702257156,0.0004333578108344,0.0006578989559784,550.956812,480.270977,16.0,180.0,-42.301559,-85.835487,-0.0,-18.959,-0.0,0.1135688573122024
0.2438216805458068,0.000427204882726,0.0006522244075313,550.956812,480.270977,17.0,180.0,-42.301559,-85.835487,-0.0,-18.959,-0.0,0.1251012980937957
0.2192708402872085,0.0003403791051823,0.0005137529224157,550.956812,480.270977,18.0,180.0,-42.301559,-85.835487,-0.0,-18.959,-0.0,0.1000205427408218
0.2301430702209472,0.000258318206761,0.0003908506769221,550.956812,480.270977,19.0,180.0,-42.301559,-85.835487,-0.0,-18.959,-0.0,0.108416274189949
0.2751778364181518,0.0007063067168928,0.0012144758366048,550.956812,480.270977,0.0,180.0,-42.301559,-85.835487,-0.0,-19.028,-0.0,0.1308967918157577
0.251682311296463,0.0007526039844378,0.001247712643817,550.956812,480.270977,1.0,180.0,-42.301559,-85.835487,-0.0,-19.028,-0.0,0.1175033971667289
0.2244491577148437,0.0007196650840342,0.0011435409542173,550.956812,480.270977,2.0,180.0,-42.301559,-85.835487,-0.0,-19.028,-0.0,0.1010541543364524
0.2697441279888153,0.0006903734756633,0.0011608669301494,550.956812,480.270977,3.0,180.0,-42.301559,-85.835487,-0.0,-19.028,-0.0,0.1220110729336738
0.2263852506875991,0.0007077126065269,0.0011223156470805,550.956812,480.270977,4.0,180.0,-42.301559,-85.835487,-0.0,-19.028,-0.0,0.0990741029381752
0.2489608377218246,0.0007896806346252,0.0012952435063198,550.956812,480.270977,5.0,180.0,-42.301559,-85.835487,-0.0,-19.028,-0.0,0.1146216765046119
0.2574776709079742,0.0006575195002369,0.0010703257285058,550.956812,480.270977,6.0,180.0,-42.301559,-85.835487,-0.0,-19.028,-0.0,0.10731902718544
0.2312754094600677,0.0006842245347797,0.0010960225481539,550.956812,480.270977,7.0,180.0,-42.301559,-85.835487,-0.0,-19.028,-0.0,0.1120226457715034
0.2210057824850082,0.0006226293626241,0.0009634015150368,550.956812,480.270977,8.0,180.0,-42.301559,-85.835487,-0.0,-19.028,-0.0,0.0894280895590782
0.2546830475330353,0.000671271700412,0.0010912740835919,550.956812,480.270977,9.0,180.0,-42.301559,-85.835487,-0.0,-19.028,-0.0,0.116535872220993
0.2305531352758407,0.000565234280657,0.0008922340930439,550.956812,480.270977,10.0,180.0,-42.301559,-85.835487,-0.0,-19.028,-0.0,0.1089747622609138
0.2304009646177292,0.0006010923534631,0.0009483014000579,550.956812,480.270977,11.0,180.0,-42.301559,-85.835487,-0.0,-19.028,-0.0,0.1028594225645065
0.2037025690078735,0.0005207318463362,0.0007846459629945,550.956812,480.270977,12.0,180.0,-42.301559,-85.835487,-0.0,-19.028,-0.0,0.0782154351472854
0.2067973911762237,0.0004921009531244,0.00075387081597,550.956812,480.270977,13.0,180.0,-42.301559,-85.835487,-0.0,-19.028,-0.0,0.0953992307186126
0.2347376048564911,0.0003940053575206,0.000616900913883,550.956812,480.270977,14.0,180.0,-42.301559,-85.835487,-0.0,-19.028,-0.0,0.0947480276226997
0.2862310111522674,0.0003849705972243,0.000648831424769,550.956812,480.270977,15.0,180.0,-42.301559,-85.835487,-0.0,-19.028,-0.0,0.1363412886857986
0.2931356430053711,0.000351187220076,0.0006005624309182,550.956812,480.270977,16.0,180.0,-42.301559,-85.835487,-0.0,-19.028,-0.0,0.1295081377029419
0.2781660854816437,0.0003340208786539,0.0005507814930751,550.956812,480.270977,17.0,180.0,-42.301559,-85.835487,-0.0,-19.028,-0.0,0.1245990023016929
0.2337060570716858,0.0003378370893187,0.0005140851717442,550.956812,480.270977,18.0,180.0,-42.301559,-85.835487,-0.0,-19.028,-0.0,0.1125948503613472
0.2752206325531006,0.0002503216674085,0.0004050977877341,550.956812,480.270977,19.0,180.0,-42.301559,-85.835487,-0.0,-19.028,-0.0,0.1364853382110595
0.2511005401611328,0.0006682712119072,0.0010903439251706,550.956812,480.270977,0.0,180.0,-42.301559,-85.835487,-0.0,-18.91,-0.0,0.1138850674033165
0.2556742131710052,0.0007873550057411,0.0012967635411769,550.956812,480.270977,1.0,180.0,-42.301559,-85.835487,-0.0,-18.91,-0.0,0.131113588809967
0.2404448091983795,0.0007259777048602,0.0011639742879197,550.956812,480.270977,2.0,180.0,-42.301559,-85.835487,-0.0,-18.91,-0.0,0.1017888635396957
0.2532197833061218,0.000775110325776,0.0012615823652595,550.956812,480.270977,3.0,180.0,-42.301559,-85.835487,-0.0,-18.91,-0.0,0.1181984916329383
0.2260117679834365,0.0008234837441705,0.0012984899803996,550.956812,480.270977,4.0,180.0,-42.301559,-85.835487,-0.0,-18.91,-0.0,0.1136704608798027
0.2138702571392059,0.0007370390230789,0.0011395991314202,550.956812,480.270977,5.0,180.0,-42.301559,-85.835487,-0.0,-18.91,-0.0,0.0913458466529846
0.2354141026735305,0.0007029736298136,0.0011179749853909,550.956812,480.270977,6.0,180.0,-42.301559,-85.835487,-0.0,-18.91,-0.0,0.1085597723722457
0.2465652078390121,0.0006697930512018,0.0010747605701908,550.956812,480.270977,7.0,180.0,-42.301559,-85.835487,-0.0,-18.91,-0.0,0.1113902553915977
0.2358269840478897,0.0006281869718804,0.0010005561634898,550.956812,480.270977,8.0,180.0,-42.301559,-85.835487,-0.0,-18.91,-0.0,0.1059761047363281
0.2331519722938537,0.0006997639429755,0.0011008726432919,550.956812,480.270977,9.0,180.0,-42.301559,-85.835487,-0.0,-18.91,-0.0,0.109928585588932
0.2260146141052246,0.0006922227330505,0.0010776071576401,550.956812,480.270977,10.0,180.0,-42.301559,-85.835487,-0.0,-18.91,-0.0,0.1013503670692443
0.2451698184013366,0.0006065774941816,0.0009711919701658,550.956812,480.270977,11.0,180.0,-42.301559,-85.835487,-0.0,-18.91,-0.0,0.1131320297718048
0.2208588719367981,0.0004843259521294,0.0007417763699777,550.956812,480.270977,12.0,180.0,-42.301559,-85.835487,-0.0,-18.91,-0.0,0.1005440354347229
0.2395183742046356,0.0005030931788496,0.0007911777356639,550.956812,480.270977,13.0,180.0,-42.301559,-85.835487,-0.0,-18.91,-0.0,0.1129897758364677
0.2413112521171569,0.0004941764636896,0.0007801520987413,550.956812,480.270977,14.0,180.0,-42.301559,-85.835487,-0.0,-18.91,-0.0,0.106543481349945
0.2488911747932434,0.0003749061434064,0.0005957638495601,550.956812,480.270977,15.0,180.0,-42.301559,-85.835487,-0.0,-18.91,-0.0,0.1158333793282508
0.2103664278984069,0.0004050710122101,0.0006089101079851,550.956812,480.270977,16.0,180.0,-42.301559,-85.835487,-0.0,-18.91,-0.0,0.1022228896617889
0.2595227062702179,0.0003932573017664,0.0006331420736387,550.956812,480.270977,17.0,180.0,-42.301559,-85.835487,-0.0,-18.91,-0.0,0.1163652837276458
0.2014985829591751,0.0002923041465692,0.0004228911129757,550.956812,480.270977,18.0,180.0,-42.301559,-85.835487,-0.0,-18.91,-0.0,0.0928832218050956
0.2316758036613464,0.0002449008461553,0.0003732519689947,550.956812,480.270977,19.0,180.0,-42.301559,-85.835487,-0.0,-18.91,-0.0,0.1130176559090614
0.2530604600906372,0.0004732219094876,0.0007480559288524,550.956812,480.270977,0.0,180.0,-42.301559,-85.835487,0.0,-21.379,-85.327,0.0852695629000663
0.2793871164321899,0.0004951528972014,0.0008089968468993,550.956812,480.270977,1.0,180.0,-42.301559,-85.835487,0.0,-21.379,-85.327,0.1006427928805351
0.2971689105033874,0.0004627346934285,0.0007709267665632,550.956812,480.270977,2.0,180.0,-42.301559,-85.835487,0.0,-21.379,-85.327,0.0959029197692871
0.2828201949596405,0.0004993382026441,0.0008175175171345,550.956812,480.270977,3.0,180.0,-42.301559,-85.835487,0.0,-21.379,-85.327,0.1000742688775062
0.2253825217485427,0.0007015736191533,0.0010821359464898,550.956812,480.270977,4.0,180.0,-42.301559,-85.835487,0.0,-21.379,-85.327,0.0794526115059852
0.247401624917984,0.0006648977287113,0.0010585804702714,550.956812,480.270977,5.0,180.0,-42.301559,-85.835487,0.0,-21.379,-85.327,0.0932310670614242
0.2374956905841827,0.0007043850491754,0.0010943750385195,550.956812,480.270977,6.0,180.0,-42.301559,-85.835487,0.0,-21.379,-85.327,0.0807138532400131
0.1961069107055664,0.0008116223616525,0.0012174702715128,550.956812,480.270977,7.0,180.0,-42.301559,-85.835487,0.0,-21.379,-85.327,0.0610114857554435
0.2226488143205642,0.0008467033039778,0.0013146689161658,550.956812,480.270977,8.0,180.0,-42.301559,-85.835487,0.0,-21.379,-85.327,0.0775327458977699
0.2056724578142166,0.0008511876803822,0.0012904197210446,550.956812,480.270977,9.0,180.0,-42.301559,-85.835487,0.0,-21.379,-85.327,0.0702218785881996
0.1833901852369308,0.0009131210972554,0.0013609285233542,550.956812,480.270977,10.0,180.0,-42.301559,-85.835487,0.0,-21.379,-85.327,0.0585739985108375
0.2095184326171875,0.0010042549110949,0.0015552415279671,550.956812,480.270977,11.0,180.0,-42.301559,-85.835487,0.0,-21.379,-85.327,0.0800962820649147
0.131282553076744,0.000939859310165,0.0013042049249634,550.956812,480.270977,12.0,180.0,-42.301559,-85.835487,0.0,-21.379,-85.327,0.0447359830141067
0.1741608083248138,0.0009050403605215,0.0013342165620997,550.956812,480.270977,13.0,180.0,-42.301559,-85.835487,0.0,-21.379,-85.327,0.0492833144962787
0.2406612038612365,0.0009986972436308,0.0015977609436959,550.956812,480.270977,14.0,180.0,-42.301559,-85.835487,0.0,-21.379,-85.327,0.097471609711647
0.1869235187768936,0.0009446723270229,0.0014222720637917,550.956812,480.270977,15.0,180.0,-42.301559,-85.835487,0.0,-21.379,-85.327,0.0706336498260498
0.1616313308477401,0.0008434353512711,0.0012417235411703,550.956812,480.270977,16.0,180.0,-42.301559,-85.835487,0.0,-21.379,-85.327,0.0644917786121368
0.1763603538274765,0.0007534838514402,0.0011290612164884,550.956812,480.270977,17.0,180.0,-42.301559,-85.835487,0.0,-21.379,-85.327,0.0595649443566799
0.1963683068752288,0.0007184938876889,0.0011100927367806,550.956812,480.270977,18.0,180.0,-42.301559,-85.835487,0.0,-21.379,-85.327,0.0869305506348609
0.2154495865106582,0.0007494659512303,0.0011747773969545,550.956812,480.270977,19.0,180.0,-42.301559,-85.835487,0.0,-21.379,-85.327,0.0847723856568336
0.2090509384870529,0.0004733045352622,0.0006962532061152,550.956812,480.270977,0.0,180.0,-42.301559,-85.835487,0.0,-21.539,-90.658,0.0750904008746147
0.1617885082960128,0.0005258054588921,0.0007172072073444,550.956812,480.270977,1.0,180.0,-42.301559,-85.835487,0.0,-21.539,-90.658,0.0534353740513324
0.191949725151062,0.0005403949180617,0.0007577631040476,550.956812,480.270977,2.0,180.0,-42.301559,-85.835487,0.0,-21.539,-90.658,0.0720744952559471
0.2139580845832824,0.0005659525631926,0.0008302601636387,550.956812,480.270977,3.0,180.0,-42.301559,-85.835487,0.0,-21.539,-90.658,0.0821621865034103
0.2072225511074066,0.0006056068814359,0.000885612796992,550.956812,480.270977,4.0,180.0,-42.301559,-85.835487,0.0,-21.539,-90.658,0.0787343010306358
0.2098605334758758,0.0006495682755485,0.0009496036218479,550.956812,480.270977,5.0,180.0,-42.301559,-85.835487,0.0,-21.539,-90.658,0.0820125192403793
0.1522143483161926,0.0007238238467834,0.000983162317425,550.956812,480.270977,6.0,180.0,-42.301559,-85.835487,0.0,-21.539,-90.658,0.0563945062458515
0.1647955328226089,0.0008718894678167,0.0012165553634986,550.956812,480.270977,7.0,180.0,-42.301559,-85.835487,0.0,-21.539,-90.658,0.0655035898089408
0.2041068226099014,0.0008524949662387,0.0012545514618977,550.956812,480.270977,8.0,180.0,-42.301559,-85.835487,0.0,-21.539,-90.658,0.0953263491392135
0.2006265819072723,0.0008919939864426,0.001294559566304,550.956812,480.270977,9.0,180.0,-42.301559,-85.835487,0.0,-21.539,-90.658,0.0792429000139236
0.1808755844831466,0.0009134156280197,0.0013073006412014,550.956812,480.270977,10.0,180.0,-42.301559,-85.835487,0.0,-21.539,-90.658,0.0676739364862442
0.1714450418949127,0.0009517087601125,0.0013621256221085,550.956812,480.270977,11.0,180.0,-42.301559,-85.835487,0.0,-21.539,-90.658,0.0624749362468719
0.186826005578041,0.0008459704113192,0.0012280669761821,550.956812,480.270977,12.0,180.0,-42.301559,-85.835487,0.0,-21.539,-90.658,0.068905085325241
0.1935307681560516,0.0009168434189632,0.0013513141311705,550.956812,480.270977,13.0,180.0,-42.301559,-85.835487,0.0,-21.539,-90.658,0.0755616202950477
0.1973060220479965,0.0009751725010573,0.0014396092155948,550.956812,480.270977,14.0,180.0,-42.301559,-85.835487,0.0,-21.539,-90.658,0.0885310545563697
0.1733155250549316,0.0009645648533478,0.0013904439983889,550.956812,480.270977,15.0,180.0,-42.301559,-85.835487,0.0,-21.539,-90.658,0.073770098388195
0.1570885926485061,0.000833251979202,0.0011785188689827,550.956812,480.270977,16.0,180.0,-42.301559,-85.835487,0.0,-21.539,-90.658,0.0574735924601554
0.2000592201948166,0.0009108518715947,0.0013626191066578,550.956812,480.270977,17.0,180.0,-42.301559,-85.835487,0.0,-21.539,-90.658,0.094114638864994
0.2003148645162582,0.0008357090991921,0.0012533605331555,550.956812,480.270977,18.0,180.0,-42.301559,-85.835487,0.0,-21.539,-90.658,0.0914927423000335
0.2245969772338867,0.0008023745031096,0.0012352806515991,550.956812,480.270977,19.0,180.0,-42.301559,-85.835487,0.0,-21.539,-90.658,0.115719735622406
0.221598669886589,0.0002086459426209,0.0002842506510205,550.956812,480.270977,0.0,180.0,-42.301559,-85.835487,-0.0,-22.657,-163.449,0.0867388918995857
0.1963934302330017,0.0002298589242855,0.0003036395064555,550.956812,480.270977,1.0,180.0,-42.301559,-85.835487,-0.0,-22.657,-163.449,0.0758061930537223
0.262048065662384,0.0002082053979393,0.0003017940325662,550.956812,480.270977,2.0,180.0,-42.301559,-85.835487,-0.0,-22.657,-163.449,0.0933248698711395
0.2632477283477783,0.0002065507142106,0.000312308431603,550.956812,480.270977,3.0,180.0,-42.301559,-85.835487,-0.0,-22.657,-163.449,0.1059916689991951
0.3044123649597168,0.0001785043568816,0.0002836069907061,550.956812,480.270977,4.0,180.0,-42.301559,-85.835487,-0.0,-22.657,-163.449,0.1079652309417724
0.2157137989997863,0.000275938946288,0.0003816658863797,550.956812,480.270977,5.0,180.0,-42.301559,-85.835487,-0.0,-22.657,-163.449,0.0827121511101722
0.1976685672998428,0.0003428720228839,0.0004718851996585,550.956812,480.270977,6.0,180.0,-42.301559,-85.835487,-0.0,-22.657,-163.449,0.0798578336834907
0.2203132212162017,0.0003268927393946,0.0004565763520076,550.956812,480.270977,7.0,180.0,-42.301559,-85.835487,-0.0,-22.657,-163.449,0.0867679342627525
0.2440806925296783,0.0003209615824744,0.0004605329886544,550.956812,480.270977,8.0,180.0,-42.301559,-85.835487,-0.0,-22.657,-163.449,0.0871998965740203
0.1885972172021865,0.000343812367646,0.0004491077270358,550.956812,480.270977,9.0,180.0,-42.301559,-85.835487,-0.0,-22.657,-163.449,0.0679457634687423
0.1595929265022277,0.0003794060612563,0.0004675892996601,550.956812,480.270977,10.0,180.0,-42.301559,-85.835487,-0.0,-22.657,-163.449,0.0568189583718776
0.1798694431781768,0.0004423987993504,0.000591273244936,550.956812,480.270977,11.0,180.0,-42.301559,-85.835487,-0.0,-22.657,-163.449,0.0752642974257469
0.2027548998594284,0.0004476196772884,0.000618677411694,550.956812,480.270977,12.0,180.0,-42.301559,-85.835487,-0.0,-22.657,-163.449,0.0817135050892829
0.2055088281631469,0.000530784309376,0.0007390837999992,550.956812,480.270977,13.0,180.0,-42.301559,-85.835487,-0.0,-22.657,-163.449,0.0818464457988739
0.2167025804519653,0.0004681004502344,0.0006700511439703,550.956812,480.270977,14.0,180.0,-42.301559,-85.835487,-0.0,-22.657,-163.449,0.088162824511528
0.1722830981016159,0.0005093764630146,0.0006859804852865,550.956812,480.270977,15.0,180.0,-42.301559,-85.835487,-0.0,-22.657,-163.449,0.0707386881113052
0.1983578652143478,0.0005192754324525,0.0007278589182533,550.956812,480.270977,16.0,180.0,-42.301559,-85.835487,-0.0,-22.657,-163.449,0.0808462351560592
0.1983138471841812,0.0005261828191578,0.0007388038211502,550.956812,480.270977,17.0,180.0,-42.301559,-85.835487,-0.0,-22.657,-163.449,0.0809196755290031
0.1821263879537582,0.000488678459078,0.0006694723851978,550.956812,480.270977,18.0,180.0,-42.301559,-85.835487,-0.0,-22.657,-163.449,0.0708340853452682
0.1998920440673828,0.0004966458654962,0.0007020274060778,550.956812,480.270977,19.0,180.0,-42.301559,-85.835487,-0.0,-22.657,-163.449,0.0832026749849319
0.1906742453575134,0.0001588041777722,0.0001917652843985,550.956812,480.270977,0.0,180.0,-42.301559,-85.835487,-0.0,-22.499,-180.0,0.077882319688797
0.2311989068984985,0.0001482578663853,0.0001896332396427,550.956812,480.270977,1.0,180.0,-42.301559,-85.835487,-0.0,-22.499,-180.0,0.0865767002105712
0.2460004836320877,0.0001523884275229,0.000216435350012,550.956812,480.270977,2.0,180.0,-42.301559,-85.835487,-0.0,-22.499,-180.0,0.105252705514431
0.2914593815803528,0.0001475723256589,0.000229154509725,550.956812,480.270977,3.0,180.0,-42.301559,-85.835487,-0.0,-22.499,-180.0,0.1198923513293266
0.3239402770996094,0.0001071714796125,0.0001785204949555,550.956812,480.270977,4.0,180.0,-42.301559,-85.835487,-0.0,-22.499,-180.0,0.114324003458023
0.2086725980043411,0.000208893456147,0.0002782425144687,550.956812,480.270977,5.0,180.0,-42.301559,-85.835487,-0.0,-22.499,-180.0,0.0714195817708969
0.266838937997818,0.0001687608310021,0.0002491837367415,550.956812,480.270977,6.0,180.0,-42.301559,-85.835487,-0.0,-22.499,-180.0,0.0941453874111175
0.2680981755256653,0.0002094317169394,0.0003131714474875,550.956812,480.270977,7.0,180.0,-42.301559,-85.835487,-0.0,-22.499,-180.0,0.0975211709737777
0.2388163357973098,0.0002344606764381,0.0003295503556728,550.956812,480.270977,8.0,180.0,-42.301559,-85.835487,-0.0,-22.499,-180.0,0.091496393084526
0.2079934328794479,0.0002778907364699,0.0003701815730892,550.956812,480.270977,9.0,180.0,-42.301559,-85.835487,-0.0,-22.499,-180.0,0.0686453431844711
0.2588309645652771,0.0002521813730709,0.0003759391547646,550.956812,480.270977,10.0,180.0,-42.301559,-85.835487,-0.0,-22.499,-180.0,0.0926309898495674
0.2964206337928772,0.0002275777806062,0.0003592652792576,550.956812,480.270977,11.0,180.0,-42.301559,-85.835487,-0.0,-22.499,-180.0,0.101047858595848
0.3090269267559051,0.0002713332360144,0.0004487765545491,550.956812,480.270977,12.0,180.0,-42.301559,-85.835487,-0.0,-22.499,-180.0,0.1118906810879707
0.3484265804290771,0.0002101667778333,0.0003759910177905,550.956812,480.270977,13.0,180.0,-42.301559,-85.835487,-0.0,-22.499,-180.0,0.1123647913336753
0.3177242875099182,0.0002679166209418,0.0004581464745569,550.956812,480.270977,14.0,180.0,-42.301559,-85.835487,-0.0,-22.499,-180.0,0.1069872379302978
0.3256563246250152,0.0002231927210232,0.0003865156322717,550.956812,480.270977,15.0,180.0,-42.301559,-85.835487,-0.0,-22.499,-180.0,0.0996161773800849
0.2401908487081527,0.0002633797121234,0.0003962734481319,550.956812,480.270977,16.0,180.0,-42.301559,-85.835487,-0.0,-22.499,-180.0,0.0750645473599433
0.3357106745243072,0.0002367484266869,0.000424328376539,550.956812,480.270977,17.0,180.0,-42.301559,-85.835487,-0.0,-22.499,-180.0,0.1097836717963218
0.3176195323467254,0.0002572231460362,0.0004394271236378,550.956812,480.270977,18.0,180.0,-42.301559,-85.835487,-0.0,-22.499,-180.0,0.1019171401858329
0.3067072927951813,0.0002542827860452,0.0004282766312826,550.956812,480.270977,19.0,180.0,-42.301559,-85.835487,-0.0,-22.499,-180.0,0.1027542501688003
0.3081709146499634,9.060926822712644e-05,0.000132889705128,550.956812,480.270977,0.0,180.0,-42.301559,-85.835487,-0.0,-22.496,-180.0,0.1019179224967956
0.2387878596782684,0.0001364391646347,0.0001799327437765,550.956812,480.270977,1.0,180.0,-42.301559,-85.835487,-0.0,-22.496,-180.0,0.0894592478871345
0.2693637907505035,0.0001416130689904,0.0002002954424824,550.956812,480.270977,2.0,180.0,-42.301559,-85.835487,-0.0,-22.496,-180.0,0.1029670014977455
0.2759906649589538,0.0001482850348111,0.000213847219129,550.956812,480.270977,3.0,180.0,-42.301559,-85.835487,-0.0,-22.496,-180.0,0.1047485917806625
0.3025508821010589,0.0001124448317568,0.000170920844539,550.956812,480.270977,4.0,180.0,-42.301559,-85.835487,-0.0,-22.496,-180.0,0.0991308987140655
0.2738057672977447,0.0001633333740755,0.0002375722542637,550.956812,480.270977,5.0,180.0,-42.301559,-85.835487,-0.0,-22.496,-180.0,0.0979425981640815
0.2671458423137665,0.0001735721161821,0.0002470129402354,550.956812,480.270977,6.0,180.0,-42.301559,-85.835487,-0.0,-22.496,-180.0,0.0895514711737632
0.2653789818286896,0.000257055129623,0.0003693367470987,550.956812,480.270977,7.0,180.0,-42.301559,-85.835487,-0.0,-22.496,-180.0,0.0955868437886238
0.2792043387889862,0.0001936166372615,0.0002828659780789,550.956812,480.270977,8.0,180.0,-42.301559,-85.835487,-0.0,-22.496,-180.0,0.0932399332523346
0.1837058216333389,0.0002870367025025,0.0003663351526483,550.956812,480.270977,9.0,180.0,-42.301559,-85.835487,-0.0,-22.496,-180.0,0.0606139004230499
0.1648137122392654,0.0003200716455467,0.0003985202347394,550.956812,480.270977,10.0,180.0,-42.301559,-85.835487,-0.0,-22.496,-180.0,0.0616379454731941
0.248622715473175,0.0002848749281838,0.0004088748246431,550.956812,480.270977,11.0,180.0,-42.301559,-85.835487,-0.0,-22.496,-180.0,0.093868963420391
0.27500981092453,0.0002693340065889,0.0004068049020133,550.956812,480.270977,12.0,180.0,-42.301559,-85.835487,-0.0,-22.496,-180.0,0.0957369208335876
0.2812091708183288,0.000292808166705,0.0004472295986488,550.956812,480.270977,13.0,180.0,-42.301559,-85.835487,-0.0,-22.496,-180.0,0.1001840606331825
0.2901660501956939,0.0002280670014442,0.000351277005393,550.956812,480.270977,14.0,180.0,-42.301559,-85.835487,-0.0,-22.496,-180.0,0.0964433252811431
0.288492888212204,0.0002586895134299,0.0004046545946039,550.956812,480.270977,15.0,180.0,-42.301559,-85.835487,-0.0,-22.496,-180.0,0.1001141369342804
0.2773644924163818,0.0003182784712407,0.0004921047366224,550.956812,480.270977,16.0,180.0,-42.301559,-85.835487,-0.0,-22.496,-180.0,0.0972862541675567
0.3034172058105469,0.000248031981755,0.0003970164107158,550.956812,480.270977,17.0,180.0,-42.301559,-85.835487,-0.0,-22.496,-180.0,0.1037201657891273
0.2864154875278473,0.0003395096573513,0.000536716717761,550.956812,480.270977,18.0,180.0,-42.301559,-85.835487,-0.0,-22.496,-180.0,0.1044629290699958
0.294296532869339,0.0002845988201443,0.0004495269095059,550.956812,480.270977,19.0,180.0,-42.301559,-85.835487,-0.0,-22.496,-180.0,0.1070489510893821
0.2440187782049179,0.0001283723977394,0.000167258476722,550.956812,480.270977,0.0,180.0,-42.301559,-85.835487,-0.0,-22.417,-180.0,0.0810346379876136
0.2361599504947662,0.0001514491159468,0.0002012328041018,550.956812,480.270977,1.0,180.0,-42.301559,-85.835487,-0.0,-22.417,-180.0,0.0973494723439216
0.256836473941803,0.0001510528236394,0.0002090863854391,550.956812,480.270977,2.0,180.0,-42.301559,-85.835487,-0.0,-22.417,-180.0,0.0990944281220436
0.1848997473716735,0.0002113556838594,0.0002564261376392,550.956812,480.270977,3.0,180.0,-42.301559,-85.835487,-0.0,-22.417,-180.0,0.0631069839000701
0.2049492448568344,0.0002145455800928,0.0002644250635057,550.956812,480.270977,4.0,180.0,-42.301559,-85.835487,-0.0,-22.417,-180.0,0.0718938186764717
0.2378498911857605,0.0001849554828368,0.0002467521408107,550.956812,480.270977,5.0,180.0,-42.301559,-85.835487,-0.0,-22.417,-180.0,0.0819271057844162
0.2253044843673706,0.0002154576795874,0.000288431358058,550.956812,480.270977,6.0,180.0,-42.301559,-85.835487,-0.0,-22.417,-180.0,0.0775790587067604
0.2011734396219253,0.000250733050052,0.0003254097828175,550.956812,480.270977,7.0,180.0,-42.301559,-85.835487,-0.0,-22.417,-180.0,0.0709224492311477
0.1791208982467651,0.0002792646118905,0.0003530709946062,550.956812,480.270977,8.0,180.0,-42.301559,-85.835487,-0.0,-22.417,-180.0,0.0625599846243858
0.2486138194799423,0.0001928826968651,0.0002734545560088,550.956812,480.270977,9.0,180.0,-42.301559,-85.835487,-0.0,-22.417,-180.0,0.0884981527924537
0.2798618674278259,0.0002086121821776,0.0003138572792522,550.956812,480.270977,10.0,180.0,-42.301559,-85.835487,-0.0,-22.417,-180.0,0.0964967235922813
0.2914210855960846,0.0002519478730391,0.000387592066545,550.956812,480.270977,11.0,180.0,-42.301559,-85.835487,-0.0,-22.417,-180.0,0.0991287231445312
0.2184055745601654,0.0003349282487761,0.00046817571274,550.956812,480.270977,12.0,180.0,-42.301559,-85.835487,-0.0,-22.417,-180.0,0.0753172785043716
0.2336616367101669,0.0002779447531793,0.0003964110801462,550.956812,480.270977,13.0,180.0,-42.301559,-85.835487,-0.0,-22.417,-180.0,0.0759349092841148
0.2113319337368011,0.0003153785946778,0.0004395730793476,550.956812,480.270977,14.0,180.0,-42.301559,-85.835487,-0.0,-22.417,-180.0,0.0802342668175697
0.3111133575439453,0.0002501516719348,0.0004063628148287,550.956812,480.270977,15.0,180.0,-42.301559,-85.835487,-0.0,-22.417,-180.0,0.1028879061341285
0.2578313052654266,0.0003486608038656,0.0005229955422692,550.956812,480.270977,16.0,180.0,-42.301559,-85.835487,-0.0,-22.417,-180.0,0.0915378034114837
0.2487127482891082,0.0002806017291732,0.0004155143396928,550.956812,480.270977,17.0,180.0,-42.301559,-85.835487,-0.0,-22.417,-180.0,0.0876345410943031
0.2519575953483581,0.0002861553803086,0.0004223703581374,550.956812,480.270977,18.0,180.0,-42.301559,-85.835487,-0.0,-22.417,-180.0,0.0877614468336105
0.2267387360334396,0.0003580834018066,0.0005222877371124,550.956812,480.270977,19.0,180.0,-42.301559,-85.835487,-0.0,-22.417,-180.0,0.0847693979740142
0.3309618234634399,0.0001051476210705,0.0001667054020799,550.956812,480.270977,0.0,180.0,-42.301559,-85.835487,-0.0,-22.364,-180.0,0.1354837566614151
0.2970728576183319,0.0001114098195102,0.0001679895212873,550.956812,480.270977,1.0,180.0,-42.301559,-85.835487,-0.0,-22.364,-180.0,0.1202688589692115
0.2978869676589966,0.000133330016979,0.000209713645745,550.956812,480.270977,2.0,180.0,-42.301559,-85.835487,-0.0,-22.364,-180.0,0.1199721843004226
0.3132681250572204,0.0001464109809603,0.0002382856473559,550.956812,480.270977,3.0,180.0,-42.301559,-85.835487,-0.0,-22.364,-180.0,0.1244191825389862
0.2749269008636474,0.0001620565162738,0.0002480459515936,550.956812,480.270977,4.0,180.0,-42.301559,-85.835487,-0.0,-22.364,-180.0,0.0998142436146736
0.3313365876674652,0.0001521211088402,0.0002599899307824,550.956812,480.270977,5.0,180.0,-42.301559,-85.835487,-0.0,-22.364,-180.0,0.1252555251121521
0.2599251270294189,0.0002007204602705,0.0002966672473121,550.956812,480.270977,6.0,180.0,-42.301559,-85.835487,-0.0,-22.364,-180.0,0.087233193218708
0.2977831363677978,0.0001825646613724,0.0002895151556003,550.956812,480.270977,7.0,180.0,-42.301559,-85.835487,-0.0,-22.364,-180.0,0.1133647188544273
0.3202507495880127,0.0001532073656562,0.0002533285878598,550.956812,480.270977,8.0,180.0,-42.301559,-85.835487,-0.0,-22.364,-180.0,0.1147135198116302
0.2411217093467712,0.0002607810602057,0.0003725392452906,550.956812,480.270977,9.0,180.0,-42.301559,-85.835487,-0.0,-22.364,-180.0,0.0834938436746597
0.2621325552463531,0.0002577113336883,0.0003839083074126,550.956812,480.270977,10.0,180.0,-42.301559,-85.835487,-0.0,-22.364,-180.0,0.0967141538858413
0.300351083278656,0.0002004005364142,0.0003193826996721,550.956812,480.270977,11.0,180.0,-42.301559,-85.835487,-0.0,-22.364,-180.0,0.0963561832904815
0.3123875856399536,0.0002168258215533,0.0003597311733756,550.956812,480.270977,12.0,180.0,-42.301559,-85.835487,-0.0,-22.364,-180.0,0.1035170629620552
0.347909152507782,0.0002374199102632,0.0004281853907741,550.956812,480.270977,13.0,180.0,-42.301559,-85.835487,-0.0,-22.364,-180.0,0.1166995987296104
0.3600445091724396,0.0002558626292739,0.000473571853945,550.956812,480.270977,14.0,180.0,-42.301559,-85.835487,-0.0,-22.364,-180.0,0.1150735840201377
0.3050066828727722,0.0002530398487579,0.0004225326993037,550.956812,480.270977,15.0,180.0,-42.301559,-85.835487,-0.0,-22.364,-180.0,0.0919329822063446
0.3499568104743957,0.0002649632515385,0.0004854493308812,550.956812,480.270977,16.0,180.0,-42.301559,-85.835487,-0.0,-22.364,-180.0,0.116936482489109
0.356270432472229,0.0002833730250131,0.0005319152842275,550.956812,480.270977,17.0,180.0,-42.301559,-85.835487,-0.0,-22.364,-180.0,0.1147528365254402
0.3339478969573974,0.0002388938883086,0.0004260785644873,550.956812,480.270977,18.0,180.0,-42.301559,-85.835487,-0.0,-22.364,-180.0,0.098048485815525
0.291706383228302,0.000275693135336,0.0004610695177689,550.956812,480.270977,19.0,180.0,-42.301559,-85.835487,-0.0,-22.364,-180.0,0.0896111503243446
0.2840734720230102,0.0001224610750796,0.0001817580341594,550.956812,480.270977,0.0,180.0,-42.301559,-85.835487,-0.0,-22.43,-180.0,0.1297815293073654
0.2898642420768738,0.000141522672493,0.0002165162877645,550.956812,480.270977,1.0,180.0,-42.301559,-85.835487,-0.0,-22.43,-180.0,0.1217710301280021
0.2487954646348953,0.0001682252041064,0.0002400006778771,550.956812,480.270977,2.0,180.0,-42.301559,-85.835487,-0.0,-22.43,-180.0,0.1126195266842842
0.311968982219696,0.0001581064861966,0.0002583023160696,550.956812,480.270977,3.0,180.0,-42.301559,-85.835487,-0.0,-22.43,-180.0,0.1305853128433227
0.3156317770481109,0.000106284947833,0.0001698618143564,550.956812,480.270977,4.0,180.0,-42.301559,-85.835487,-0.0,-22.43,-180.0,0.1119700148701667
0.3406187891960144,0.0001402126799803,0.0002426611026749,550.956812,480.270977,5.0,180.0,-42.301559,-85.835487,-0.0,-22.43,-180.0,0.1257220804691314
0.3195749521255493,0.0001261830911971,0.0002103970036841,550.956812,480.270977,6.0,180.0,-42.301559,-85.835487,-0.0,-22.43,-180.0,0.1141354590654373
0.2594843804836273,0.0001767318171914,0.0002585659676697,550.956812,480.270977,7.0,180.0,-42.301559,-85.835487,-0.0,-22.43,-180.0,0.0917387306690216
0.2929728627204895,0.0001647173048695,0.000257272447925,550.956812,480.270977,8.0,180.0,-42.301559,-85.835487,-0.0,-22.43,-180.0,0.0922407880425453
0.2640146017074585,0.0002300604828633,0.0003455803671386,550.956812,480.270977,9.0,180.0,-42.301559,-85.835487,-0.0,-22.43,-180.0,0.084680788218975
0.2876359522342682,0.0001905614626593,0.0002987538755405,550.956812,480.270977,10.0,180.0,-42.301559,-85.835487,-0.0,-22.43,-180.0,0.0974032208323478
0.2954362034797668,0.0001990203600144,0.0003181157226208,550.956812,480.270977,11.0,180.0,-42.301559,-85.835487,-0.0,-22.43,-180.0,0.0949572548270225
0.2940929532051086,0.0001990169257624,0.0003226496628485,550.956812,480.270977,12.0,180.0,-42.301559,-85.835487,-0.0,-22.43,-180.0,0.091035671532154
0.2640193998813629,0.0002740200725384,0.0004321625747252,550.956812,480.270977,13.0,180.0,-42.301559,-85.835487,-0.0,-22.43,-180.0,0.0808407366275787
0.2716436684131622,0.0002639066660776,0.0004140832170378,550.956812,480.270977,14.0,180.0,-42.301559,-85.835487,-0.0,-22.43,-180.0,0.0912208184599876
0.3689271211624145,0.0001752352545736,0.0003295282658655,550.956812,480.270977,15.0,180.0,-42.301559,-85.835487,-0.0,-22.43,-180.0,0.1060297563672065
0.3316406309604645,0.0002744992962107,0.0004886889946646,550.956812,480.270977,16.0,180.0,-42.301559,-85.835487,-0.0,-22.43,-180.0,0.1023854538798332
0.3386790156364441,0.0002476003719493,0.0004493771120905,550.956812,480.270977,17.0,180.0,-42.301559,-85.835487,-0.0,-22.43,-180.0,0.1043462380766868
0.3223443329334259,0.0002718128380365,0.0004819152527488,550.956812,480.270977,18.0,180.0,-42.301559,-85.835487,-0.0,-22.43,-180.0,0.0988990813493728
0.3047602474689483,0.0002842581016011,0.0004937463090755,550.956812,480.270977,19.0,180.0,-42.301559,-85.835487,-0.0,-22.43,-180.0,0.095765046775341
0.2780690789222717,0.0001242232829099,0.0001807161024771,550.956812,480.270977,0.0,180.0,-42.301559,-85.835487,-0.0,-22.382,-180.0,0.1133918762207031
0.2349100261926651,0.0001655449887039,0.0002270996192237,550.956812,480.270977,1.0,180.0,-42.301559,-85.835487,-0.0,-22.382,-180.0,0.0981162041425705
0.2517231106758117,0.0001410730765201,0.0001949243742274,550.956812,480.270977,2.0,180.0,-42.301559,-85.835487,-0.0,-22.382,-180.0,0.097362071275711
0.2681421637535095,0.0001311766827711,0.0001887321268441,550.956812,480.270977,3.0,180.0,-42.301559,-85.835487,-0.0,-22.382,-180.0,0.0965362191200256
0.2469492852687835,0.0001519075303804,0.0002141361183021,550.956812,480.270977,4.0,180.0,-42.301559,-85.835487,-0.0,-22.382,-180.0,0.0832925215363502
0.2664175033569336,0.0001785079366527,0.0002661877661012,550.956812,480.270977,5.0,180.0,-42.301559,-85.835487,-0.0,-22.382,-180.0,0.0969696715474128
0.2642717659473419,0.0001765542838256,0.0002627428912092,550.956812,480.270977,6.0,180.0,-42.301559,-85.835487,-0.0,-22.382,-180.0,0.0931635499000549
0.2818903923034668,0.0001598785020178,0.0002417248178971,550.956812,480.270977,7.0,180.0,-42.301559,-85.835487,-0.0,-22.382,-180.0,0.0941326692700386
0.2922770380973816,0.0001746204798109,0.0002800792572088,550.956812,480.270977,8.0,180.0,-42.301559,-85.835487,-0.0,-22.382,-180.0,0.0986586883664131
0.2673861086368561,0.000222841539653,0.0003457314451225,550.956812,480.270977,9.0,180.0,-42.301559,-85.835487,-0.0,-22.382,-180.0,0.0901185423135757
0.24285688996315,0.0002449299499858,0.0003553967981133,550.956812,480.270977,10.0,180.0,-42.301559,-85.835487,-0.0,-22.382,-180.0,0.0778890401124954
0.2122124880552292,0.0002583427121862,0.0003562105412129,550.956812,480.270977,11.0,180.0,-42.301559,-85.835487,-0.0,-22.382,-180.0,0.0804019346833229
0.2824772894382477,0.0002290713600814,0.0003559914184734,550.956812,480.270977,12.0,180.0,-42.301559,-85.835487,-0.0,-22.382,-180.0,0.0961207225918769
0.3088678419589996,0.000278313353192,0.0004676624375861,550.956812,480.270977,13.0,180.0,-42.301559,-85.835487,-0.0,-22.382,-180.0,0.1073760539293289
0.3165997862815857,0.000256925006397,0.0004334714903961,550.956812,480.270977,14.0,180.0,-42.301559,-85.835487,-0.0,-22.382,-180.0,0.1050111353397369
0.3004350662231445,0.0002374753676122,0.0003893433604389,550.956812,480.270977,15.0,180.0,-42.301559,-85.835487,-0.0,-22.382,-180.0,0.0922005623579025
0.3012228608131408,0.0002655682619661,0.000450829626061,550.956812,480.270977,16.0,180.0,-42.301559,-85.835487,-0.0,-22.382,-180.0,0.0923284441232681
0.3220729827880859,0.0002635100390762,0.0004639575490728,550.956812,480.270977,17.0,180.0,-42.301559,-85.835487,-0.0,-22.382,-180.0,0.1040871813893318
0.2437373399734497,0.000311338546453,0.0004840713227167,550.956812,480.270977,18.0,180.0,-42.301559,-85.835487,-0.0,-22.382,-180.0,0.0770273432135582
0.3144658803939819,0.0002933436189778,0.0005096484092064,550.956812,480.270977,19.0,180.0,-42.301559,-85.835487,-0.0,-22.382,-180.0,0.106068417429924
0.2437690794467926,0.0001239670236827,0.0001663983566686,550.956812,480.270977,0.0,180.0,-42.301559,-85.835487,-0.0,-22.402,-180.0,0.0931386724114418
0.2622605860233307,0.0001127332434407,0.0001569292508065,550.956812,480.270977,1.0,180.0,-42.301559,-85.835487,-0.0,-22.402,-180.0,0.1018460690975189
0.2937990427017212,0.0001186060908366,0.0001751855888869,550.956812,480.270977,2.0,180.0,-42.301559,-85.835487,-0.0,-22.402,-180.0,0.1159302443265914
0.262249082326889,0.0001399125321768,0.0001910666323965,550.956812,480.270977,3.0,180.0,-42.301559,-85.835487,-0.0,-22.402,-180.0,0.091085135936737
0.2367896437644958,0.0001740130392136,0.0002361446386203,550.956812,480.270977,4.0,180.0,-42.301559,-85.835487,-0.0,-22.402,-180.0,0.0893309190869331
0.2448722422122955,0.0002174045657739,0.0003145584196317,550.956812,480.270977,5.0,180.0,-42.301559,-85.835487,-0.0,-22.402,-180.0,0.0943229496479034
0.2905719578266144,0.0001502025406807,0.0002301481872564,550.956812,480.270977,6.0,180.0,-42.301559,-85.835487,-0.0,-22.402,-180.0,0.1040379926562309
0.2641339004039764,0.0001998268126044,0.0002874784986488,550.956812,480.270977,7.0,180.0,-42.301559,-85.835487,-0.0,-22.402,-180.0,0.0905487984418869
0.3209198117256164,0.000168617858435,0.0002783556410577,550.956812,480.270977,8.0,180.0,-42.301559,-85.835487,-0.0,-22.402,-180.0,0.1164271607995033
0.2493500560522079,0.0002010021853493,0.0002870388561859,550.956812,480.270977,9.0,180.0,-42.301559,-85.835487,-0.0,-22.402,-180.0,0.0802110135555267
0.3143826425075531,0.0001822710037231,0.0003015223483089,550.956812,480.270977,10.0,180.0,-42.301559,-85.835487,-0.0,-22.402,-180.0,0.0978341847658157
0.2571680247783661,0.0002262975031044,0.0003343462303746,550.956812,480.270977,11.0,180.0,-42.301559,-85.835487,-0.0,-22.402,-180.0,0.0785911530256271
0.2512070536613464,0.0003129146352875,0.000475195061881,550.956812,480.270977,12.0,180.0,-42.301559,-85.835487,-0.0,-22.402,-180.0,0.0869489386677742
0.2748530507087707,0.0002788802667055,0.0004335766716394,550.956812,480.270977,13.0,180.0,-42.301559,-85.835487,-0.0,-22.402,-180.0,0.0874318480491638
0.2623375356197357,0.0003118747845292,0.0004842633788939,550.956812,480.270977,14.0,180.0,-42.301559,-85.835487,-0.0,-22.402,-180.0,0.0939327254891395
0.3212148249149322,0.0002511608181521,0.0004332525422796,550.956812,480.270977,15.0,180.0,-42.301559,-85.835487,-0.0,-22.402,-180.0,0.100979745388031
0.2464575916528701,0.0003294047783128,0.0005028067389503,550.956812,480.270977,16.0,180.0,-42.301559,-85.835487,-0.0,-22.402,-180.0,0.0776904299855232
0.318511426448822,0.0002682715130504,0.0004592906043399,550.956812,480.270977,17.0,180.0,-42.301559,-85.835487,-0.0,-22.402,-180.0,0.1038859188556671
0.3459378480911255,0.0002314877638127,0.000422594777774,550.956812,480.270977,18.0,180.0,-42.301559,-85.835487,-0.0,-22.402,-180.0,0.1082918718457222
0.2721008360385895,0.0003281137323938,0.0005400238442234,550.956812,480.270977,19.0,180.0,-42.301559,-85.835487,-0.0,-22.402,-180.0,0.0863624215126037
0.2882061004638672,0.0001037329420796,0.0001513122551841,550.956812,480.270977,0.0,180.0,-42.301559,-85.835487,-0.0,-22.39,-180.0,0.1159140169620513
0.2887572348117828,0.0001272832450922,0.0001929809513967,550.956812,480.270977,1.0,180.0,-42.301559,-85.835487,-0.0,-22.39,-180.0,0.1189774125814437
0.3152967691421509,0.0001032022264553,0.0001664791197981,550.956812,480.270977,2.0,180.0,-42.301559,-85.835487,-0.0,-22.39,-180.0,0.1248355507850647
0.2438137829303741,0.0001599494717083,0.0002140696160495,550.956812,480.270977,3.0,180.0,-42.301559,-85.835487,-0.0,-22.39,-180.0,0.085804596543312
0.2463552504777908,0.0001620664988877,0.0002178272989112,550.956812,480.270977,4.0,180.0,-42.301559,-85.835487,-0.0,-22.39,-180.0,0.0942097827792167
0.2926658391952514,0.0001611905172467,0.0002535115636419,550.956812,480.270977,5.0,180.0,-42.301559,-85.835487,-0.0,-22.39,-180.0,0.1055689230561256
0.302363783121109,0.000161754185683,0.000258857558947,550.956812,480.270977,6.0,180.0,-42.301559,-85.835487,-0.0,-22.39,-180.0,0.1098294630646705
0.3326558768749237,0.0001604514400241,0.0002729231782723,550.956812,480.270977,7.0,180.0,-42.301559,-85.835487,-0.0,-22.39,-180.0,0.1100386902689933
0.2130932658910751,0.0002703941136132,0.0003675615298561,550.956812,480.270977,8.0,180.0,-42.301559,-85.835487,-0.0,-22.39,-180.0,0.0715938508510589
0.2231903970241546,0.0002644482592586,0.0003639180504251,550.956812,480.270977,9.0,180.0,-42.301559,-85.835487,-0.0,-22.39,-180.0,0.0807827413082122
0.3016266524791717,0.0002183395554311,0.00035876018228,550.956812,480.270977,10.0,180.0,-42.301559,-85.835487,-0.0,-22.39,-180.0,0.1054014861583709
0.354945033788681,0.0001913316227728,0.0003460595326032,550.956812,480.270977,11.0,180.0,-42.301559,-85.835487,-0.0,-22.39,-180.0,0.1082527339458465
0.244639590382576,0.0002561024739407,0.0003795227676164,550.956812,480.270977,12.0,180.0,-42.301559,-85.835487,-0.0,-22.39,-180.0,0.074115015566349
0.315727949142456,0.0002492396743036,0.0004265051102265,550.956812,480.270977,13.0,180.0,-42.301559,-85.835487,-0.0,-22.39,-180.0,0.1057108491659164
0.2882097959518432,0.0002833732869476,0.0004659828555304,550.956812,480.270977,14.0,180.0,-42.301559,-85.835487,-0.0,-22.39,-180.0,0.0825752541422844
0.3070553839206695,0.0002795645268633,0.000474411615869,550.956812,480.270977,15.0,180.0,-42.301559,-85.835487,-0.0,-22.39,-180.0,0.0955736935138702
0.2884310483932495,0.000260027940385,0.0004293812671676,550.956812,480.270977,16.0,180.0,-42.301559,-85.835487,-0.0,-22.39,-180.0,0.0981371626257896
0.3514116704463959,0.0002626991190481,0.0004852797137573,550.956812,480.270977,17.0,180.0,-42.301559,-85.835487,-0.0,-22.39,-180.0,0.109951838850975
0.3538810014724731,0.0002635311102494,0.000492863880936,550.956812,480.270977,18.0,180.0,-42.301559,-85.835487,-0.0,-22.39,-180.0,0.1119595691561698
0.3178049921989441,0.0002633597468957,0.0004617353552021,550.956812,480.270977,19.0,180.0,-42.301559,-85.835487,-0.0,-22.39,-180.0,0.1084667593240737
0.2837872207164764,0.0001111068049794,0.000159265808179,550.956812,480.270977,0.0,180.0,-42.301559,-85.835487,-0.0,-22.397,-180.0,0.1059923768043518
0.2683751285076141,0.0001107170974137,0.0001530271983938,550.956812,480.270977,1.0,180.0,-42.301559,-85.835487,-0.0,-22.397,-180.0,0.0822969451546669
0.2685130834579468,0.0001160790488938,0.0001555741764605,550.956812,480.270977,2.0,180.0,-42.301559,-85.835487,-0.0,-22.397,-180.0,0.0808071792125701
0.2049488425254821,0.0001602892007213,0.0001938927889568,550.956812,480.270977,3.0,180.0,-42.301559,-85.835487,-0.0,-22.397,-180.0,0.0720623955130577
0.2643483579158783,0.0001339337177341,0.0001845026563387,550.956812,480.270977,4.0,180.0,-42.301559,-85.835487,-0.0,-22.397,-180.0,0.0901831686496734
0.2276287078857422,0.0001717776758596,0.0002252205886179,550.956812,480.270977,5.0,180.0,-42.301559,-85.835487,-0.0,-22.397,-180.0,0.081613503396511
0.202372744679451,0.0002044559078058,0.0002593678655102,550.956812,480.270977,6.0,180.0,-42.301559,-85.835487,-0.0,-22.397,-180.0,0.0636603832244873
0.1775432378053665,0.000258876447333,0.0003077549044974,550.956812,480.270977,7.0,180.0,-42.301559,-85.835487,-0.0,-22.397,-180.0,0.0566439144313335
0.2592157125473022,0.000202564522624,0.0002853843325283,550.956812,480.270977,8.0,180.0,-42.301559,-85.835487,-0.0,-22.397,-180.0,0.0812217146158218
0.1923759281635284,0.0002677800948731,0.0003459347062744,550.956812,480.270977,9.0,180.0,-42.301559,-85.835487,-0.0,-22.397,-180.0,0.0661007240414619
0.2164147198200225,0.0002136315597454,0.0002810227451846,550.956812,480.270977,10.0,180.0,-42.301559,-85.835487,-0.0,-22.397,-180.0,0.0677837207913398
0.2644338607788086,0.0002223578485427,0.0003272113972343,550.956812,480.270977,11.0,180.0,-42.301559,-85.835487,-0.0,-22.397,-180.0,0.081546202301979
0.1751099973917007,0.0002921670093201,0.0003679105720948,550.956812,480.270977,12.0,180.0,-42.301559,-85.835487,-0.0,-22.397,-180.0,0.0630865320563316
0.2402751594781875,0.0002576609840616,0.000368749606423,550.956812,480.270977,13.0,180.0,-42.301559,-85.835487,-0.0,-22.397,-180.0,0.0791429877281189
0.2534772753715515,0.0002901828265748,0.0004256531246937,550.956812,480.270977,14.0,180.0,-42.301559,-85.835487,-0.0,-22.397,-180.0,0.0882299169898033
0.263815701007843,0.0002956552198156,0.0004468681290745,550.956812,480.270977,15.0,180.0,-42.301559,-85.835487,-0.0,-22.397,-180.0,0.0913553982973098
0.248083159327507,0.00030031229835,0.0004497609916143,550.956812,480.270977,16.0,180.0,-42.301559,-85.835487,-0.0,-22.397,-180.0,0.0855242162942886
0.2758831083774566,0.0002738457988016,0.0004104637482669,550.956812,480.270977,17.0,180.0,-42.301559,-85.835487,-0.0,-22.397,-180.0,0.0964846611022949
0.2092127799987793,0.0003563568461686,0.0004962636739946,550.956812,480.270977,18.0,180.0,-42.301559,-85.835487,-0.0,-22.397,-180.0,0.0814319774508476
0.2190562635660171,0.000319659593515,0.0004371208779048,550.956812,480.270977,19.0,180.0,-42.301559,-85.835487,-0.0,-22.397,-180.0,0.0837073922157287
0.2055871188640594,0.0001391209079883,0.0001600847608642,550.956812,480.270977,0.0,180.0,-42.301559,-85.835487,-0.0,-22.357,-180.0,0.0593295581638813
0.2368138134479522,0.000132643879624,0.0001642066636122,550.956812,480.270977,1.0,180.0,-42.301559,-85.835487,-0.0,-22.357,-180.0,0.0685350596904754
0.2143729329109192,0.0001374794956063,0.0001605461293365,550.956812,480.270977,2.0,180.0,-42.301559,-85.835487,-0.0,-22.357,-180.0,0.0583442226052284
0.195007175207138,0.0001730734511511,0.0002017912484006,550.956812,480.270977,3.0,180.0,-42.301559,-85.835487,-0.0,-22.357,-180.0,0.05441465228796
0.2242058217525482,0.0001337664143647,0.0001609599712537,550.956812,480.270977,4.0,180.0,-42.301559,-85.835487,-0.0,-22.357,-180.0,0.0617699921131134
0.2277657389640808,0.0001864640362327,0.0002312798460479,550.956812,480.270977,5.0,180.0,-42.301559,-85.835487,-0.0,-22.357,-180.0,0.072342611849308
0.2110138535499572,0.0001875599846243,0.0002298877952853,550.956812,480.270977,6.0,180.0,-42.301559,-85.835487,-0.0,-22.357,-180.0,0.0628066807985305
0.2354888170957565,0.0001856267772382,0.0002318019105587,550.956812,480.270977,7.0,180.0,-42.301559,-85.835487,-0.0,-22.357,-180.0,0.0708630830049514
0.1878739893436432,0.0002393504983047,0.0002861370739992,550.956812,480.270977,8.0,180.0,-42.301559,-85.835487,-0.0,-22.357,-180.0,0.0592426285147666
0.1353265792131424,0.000314889330184,0.000348415080225,550.956812,480.270977,9.0,180.0,-42.301559,-85.835487,-0.0,-22.357,-180.0,0.047877512872219
0.1845960468053817,0.0002703050267882,0.0003236709453631,550.956812,480.270977,10.0,180.0,-42.301559,-85.835487,-0.0,-22.357,-180.0,0.0645550712943077
0.2084181159734726,0.000224376344704,0.0002763456432148,550.956812,480.270977,11.0,180.0,-42.301559,-85.835487,-0.0,-22.357,-180.0,0.0675754994153976
0.2132269740104675,0.0002226345241069,0.0002740679774433,550.956812,480.270977,12.0,180.0,-42.301559,-85.835487,-0.0,-22.357,-180.0,0.071784883737564
0.1575145870447158,0.0003046602651011,0.0003535356372594,550.956812,480.270977,13.0,180.0,-42.301559,-85.835487,-0.0,-22.357,-180.0,0.0567898452281951
0.1396310776472091,0.0003425463801249,0.0003922143077943,550.956812,480.270977,14.0,180.0,-42.301559,-85.835487,-0.0,-22.357,-180.0,0.0546161383390426
0.1321020126342773,0.0004016323655378,0.000465111574158,550.956812,480.270977,15.0,180.0,-42.301559,-85.835487,-0.0,-22.357,-180.0,0.0580495707690715
0.1716530621051788,0.000349425303284,0.0004209456674288,550.956812,480.270977,16.0,180.0,-42.301559,-85.835487,-0.0,-22.357,-180.0,0.0700046345591545
0.1852196455001831,0.0003534723073244,0.0004425178922247,550.956812,480.270977,17.0,180.0,-42.301559,-85.835487,-0.0,-22.357,-180.0,0.0841366574168205
0.1796074360609054,0.0003434843674767,0.0004232868668623,550.956812,480.270977,18.0,180.0,-42.301559,-85.835487,-0.0,-22.357,-180.0,0.0843126103281974
0.1537077873945236,0.0003509621601551,0.0004190907638985,550.956812,480.270977,19.0,180.0,-42.301559,-85.835487,-0.0,-22.357,-180.0,0.0746417567133903
0.2728089988231659,0.0001197970559587,0.0001629460457479,550.956812,480.270977,0.0,180.0,-42.301559,-85.835487,-0.0,-22.264,-180.0,0.0896884053945541
0.230290025472641,0.0001284667523577,0.0001597837399458,550.956812,480.270977,1.0,180.0,-42.301559,-85.835487,-0.0,-22.264,-180.0,0.0714310184121131
0.2587073445320129,0.0001102856476791,0.0001437520259059,550.956812,480.270977,2.0,180.0,-42.301559,-85.835487,-0.0,-22.264,-180.0,0.0763567984104156
0.2178242802619934,0.0001803104241844,0.0002216928842244,550.956812,480.270977,3.0,180.0,-42.301559,-85.835487,-0.0,-22.264,-180.0,0.0695345029234886
0.2310210466384887,0.0001748929498717,0.0002264032518723,550.956812,480.270977,4.0,180.0,-42.301559,-85.835487,-0.0,-22.264,-180.0,0.0803511217236518
0.2391947209835052,0.0001620991533854,0.0002107087202602,550.956812,480.270977,5.0,180.0,-42.301559,-85.835487,-0.0,-22.264,-180.0,0.0760768800973892
0.2183156460523605,0.0002042841952061,0.0002601222076918,550.956812,480.270977,6.0,180.0,-42.301559,-85.835487,-0.0,-22.264,-180.0,0.0735140591859817
0.2514685094356537,0.0002046957961283,0.0002770992578007,550.956812,480.270977,7.0,180.0,-42.301559,-85.835487,-0.0,-22.264,-180.0,0.0838899239897728
0.1651034206151962,0.0002702985657379,0.0003281160024926,550.956812,480.270977,8.0,180.0,-42.301559,-85.835487,-0.0,-22.264,-180.0,0.0549452789127826
0.1676089912652969,0.0002758641494438,0.0003396029351279,550.956812,480.270977,9.0,180.0,-42.301559,-85.835487,-0.0,-22.264,-180.0,0.0630975216627121
0.1774666160345077,0.0002946864406112,0.0003637361805886,550.956812,480.270977,10.0,180.0,-42.301559,-85.835487,-0.0,-22.264,-180.0,0.0673698633909225
0.2183857709169387,0.000276430073427,0.0003660188231151,550.956812,480.270977,11.0,180.0,-42.301559,-85.835487,-0.0,-22.264,-180.0,0.0809236913919448
0.1573070585727691,0.0003354255168233,0.0004123409744352,550.956812,480.270977,12.0,180.0,-42.301559,-85.835487,-0.0,-22.264,-180.0,0.058326818048954
0.2042566537857055,0.0002996503317262,0.000390886911191,550.956812,480.270977,13.0,180.0,-42.301559,-85.835487,-0.0,-22.264,-180.0,0.0751746073365211
0.2139049470424652,0.0002723548095673,0.0003578111645765,550.956812,480.270977,14.0,180.0,-42.301559,-85.835487,-0.0,-22.264,-180.0,0.0745037198066711
0.2143806219100952,0.0002816398919094,0.0003742072731256,550.956812,480.270977,15.0,180.0,-42.301559,-85.835487,-0.0,-22.264,-180.0,0.0809276476502418
0.187216505408287,0.0003564307116903,0.000462733733002,550.956812,480.270977,16.0,180.0,-42.301559,-85.835487,-0.0,-22.264,-180.0,0.077723354101181
0.209456592798233,0.0002997407573275,0.000398536096327,550.956812,480.270977,17.0,180.0,-42.301559,-85.835487,-0.0,-22.264,-180.0,0.0795770436525344
0.1873053014278412,0.0002850415476132,0.000366560765542,550.956812,480.270977,18.0,180.0,-42.301559,-85.835487,-0.0,-22.264,-180.0,0.070013590157032
0.1991787552833557,0.000332600728143,0.0004404722421895,550.956812,480.270977,19.0,180.0,-42.301559,-85.835487,-0.0,-22.264,-180.0,0.080775536596775
0.2696482539176941,0.0001069973586709,0.0001393579004798,550.956812,480.270977,0.0,180.0,-42.301559,-85.835487,-0.0,-22.282,-180.0,0.0864474326372146
0.259588211774826,0.0001166462534456,0.000147820872371,550.956812,480.270977,1.0,180.0,-42.301559,-85.835487,-0.0,-22.282,-180.0,0.0754384547472
0.2609287202358246,0.0001131043027271,0.0001471575233153,550.956812,480.270977,2.0,180.0,-42.301559,-85.835487,-0.0,-22.282,-180.0,0.0782763510942459
0.1952394098043441,0.0001944843243109,0.0002357490302529,550.956812,480.270977,3.0,180.0,-42.301559,-85.835487,-0.0,-22.282,-180.0,0.0684497356414794
0.2039403319358825,0.0001925320539157,0.0002348069538129,550.956812,480.270977,4.0,180.0,-42.301559,-85.835487,-0.0,-22.282,-180.0,0.0677467510104179
0.222625270485878,0.0001796716969693,0.0002259277389384,550.956812,480.270977,5.0,180.0,-42.301559,-85.835487,-0.0,-22.282,-180.0,0.0731976702809333
0.2461391687393188,0.0001770208036759,0.0002318083425052,550.956812,480.270977,6.0,180.0,-42.301559,-85.835487,-0.0,-22.282,-180.0,0.0801223665475845
0.1855885833501815,0.0002025891444645,0.0002411202731309,550.956812,480.270977,7.0,180.0,-42.301559,-85.835487,-0.0,-22.282,-180.0,0.0557169169187545
0.1902805268764495,0.0002381854865234,0.0002844360133167,550.956812,480.270977,8.0,180.0,-42.301559,-85.835487,-0.0,-22.282,-180.0,0.0586256980895996
0.1431305557489395,0.0002720357151702,0.0003058301517739,550.956812,480.270977,9.0,180.0,-42.301559,-85.835487,-0.0,-22.282,-180.0,0.044707678258419
0.1465284675359726,0.0003173478180542,0.000356119533535,550.956812,480.270977,10.0,180.0,-42.301559,-85.835487,-0.0,-22.282,-180.0,0.0517840348184108
0.232462003827095,0.0002429401502013,0.0003159653278999,550.956812,480.270977,11.0,180.0,-42.301559,-85.835487,-0.0,-22.282,-180.0,0.0782997906208038
0.2216924875974655,0.000282057269942,0.0003669487778097,550.956812,480.270977,12.0,180.0,-42.301559,-85.835487,-0.0,-22.282,-180.0,0.077653631567955
0.2353751808404922,0.0002553248777985,0.0003417192492634,550.956812,480.270977,13.0,180.0,-42.301559,-85.835487,-0.0,-22.282,-180.0,0.0845794677734375
0.2286978214979171,0.0002472331107128,0.0003327141748741,550.956812,480.270977,14.0,180.0,-42.301559,-85.835487,-0.0,-22.282,-180.0,0.0852760672569274
0.2280584722757339,0.0002870944153983,0.0003887915227096,550.956812,480.270977,15.0,180.0,-42.301559,-85.835487,-0.0,-22.282,-180.0,0.08527073264122
0.2180656790733337,0.0003449135983828,0.0004642302519641,550.956812,480.270977,16.0,180.0,-42.301559,-85.835487,-0.0,-22.282,-180.0,0.0874849110841751
0.1995054185390472,0.0002934495278168,0.0003818692930508,550.956812,480.270977,17.0,180.0,-42.301559,-85.835487,-0.0,-22.282,-180.0,0.0769926831126213
0.1908558011054992,0.0003152410790789,0.00040779664414,550.956812,480.270977,18.0,180.0,-42.301559,-85.835487,-0.0,-22.282,-180.0,0.0742798596620559
0.1856981664896011,0.0003329313476569,0.0004315805563237,550.956812,480.270977,19.0,180.0,-42.301559,-85.835487,-0.0,-22.282,-180.0,0.0781178846955299
0.2823635041713714,0.0001165256107924,0.0001702066947473,550.956812,480.270977,0.0,180.0,-42.301559,-85.835487,-0.0,-22.355,-180.0,0.1148758307099342
0.2990133166313171,0.0001166718793683,0.0001797302247723,550.956812,480.270977,1.0,180.0,-42.301559,-85.835487,-0.0,-22.355,-180.0,0.1165032312273979
0.2864688038825989,0.000117662588309,0.0001755769480951,550.956812,480.270977,2.0,180.0,-42.301559,-85.835487,-0.0,-22.355,-180.0,0.1114714369177818
0.2257470339536667,0.0001932329323608,0.0002606070192996,550.956812,480.270977,3.0,180.0,-42.301559,-85.835487,-0.0,-22.355,-180.0,0.0959716215729713
0.2646767497062683,0.0001653476938372,0.0002463521377649,550.956812,480.270977,4.0,180.0,-42.301559,-85.835487,-0.0,-22.355,-180.0,0.0998988449573516
0.2575986385345459,0.0001799012388801,0.0002651387476362,550.956812,480.270977,5.0,180.0,-42.301559,-85.835487,-0.0,-22.355,-180.0,0.0973740220069885
0.309637039899826,0.0001536437921458,0.0002543660521041,550.956812,480.270977,6.0,180.0,-42.301559,-85.835487,-0.0,-22.355,-180.0,0.1065135896205902
0.2985629439353943,0.0001689955970505,0.0002697926829569,550.956812,480.270977,7.0,180.0,-42.301559,-85.835487,-0.0,-22.355,-180.0,0.1039920970797538
0.2586834728717804,0.0001696942199487,0.0002410899469396,550.956812,480.270977,8.0,180.0,-42.301559,-85.835487,-0.0,-22.355,-180.0,0.0809694305062294
0.2779488265514374,0.0002444912388455,0.0003814323281403,550.956812,480.270977,9.0,180.0,-42.301559,-85.835487,-0.0,-22.355,-180.0,0.0931071192026138
0.2162054628133773,0.0002900300605688,0.0003947319055441,550.956812,480.270977,10.0,180.0,-42.301559,-85.835487,-0.0,-22.355,-180.0,0.0791589096188545
0.299219012260437,0.0002157400158466,0.0003506516804918,550.956812,480.270977,11.0,180.0,-42.301559,-85.835487,-0.0,-22.355,-180.0,0.0947530046105384
0.307933896780014,0.000248952943366,0.0004169569874648,550.956812,480.270977,12.0,180.0,-42.301559,-85.835487,-0.0,-22.355,-180.0,0.099111184477806
0.2992472350597381,0.0002538664848543,0.0004142815014347,550.956812,480.270977,13.0,180.0,-42.301559,-85.835487,-0.0,-22.355,-180.0,0.0893727764487266
0.2536550462245941,0.0003034290566574,0.0004670274211093,550.956812,480.270977,14.0,180.0,-42.301559,-85.835487,-0.0,-22.355,-180.0,0.0785735249519348
0.2975809276103973,0.0002552532532718,0.0004243443545419,550.956812,480.270977,15.0,180.0,-42.301559,-85.835487,-0.0,-22.355,-180.0,0.1024568453431129
0.3329763114452362,0.0002417431824142,0.0004314715915825,550.956812,480.270977,16.0,180.0,-42.301559,-85.835487,-0.0,-22.355,-180.0,0.1033751890063285
0.3092795312404632,0.0002573071978986,0.0004398764576762,550.956812,480.270977,17.0,180.0,-42.301559,-85.835487,-0.0,-22.355,-180.0,0.0986735224723815
0.3110573291778564,0.000294176308671,0.0005090587656013,550.956812,480.270977,18.0,180.0,-42.301559,-85.835487,-0.0,-22.355,-180.0,0.104044534265995
0.3358635604381561,0.0002584754547569,0.0004717187548521,550.956812,480.270977,19.0,180.0,-42.301559,-85.835487,-0.0,-22.355,-180.0,0.1092220693826675
0.2597203850746155,0.0001200094993691,0.0001658098044572,550.956812,480.270977,0.0,180.0,-42.301559,-85.835487,-0.0,-22.276,-180.0,0.1146820858120918
0.2660654783248901,0.0001245652674697,0.0001734958059387,550.956812,480.270977,1.0,180.0,-42.301559,-85.835487,-0.0,-22.276,-180.0,0.1100963428616523
0.3348624110221863,9.363357094116508e-05,0.0001602802803972,550.956812,480.270977,2.0,180.0,-42.301559,-85.835487,-0.0,-22.276,-180.0,0.1351484507322311
0.3413242399692535,0.0001099435976357,0.0001916423498187,550.956812,480.270977,3.0,180.0,-42.301559,-85.835487,-0.0,-22.276,-180.0,0.1278416663408279
0.3154585361480713,0.0001140538079198,0.0001923386007547,550.956812,480.270977,4.0,180.0,-42.301559,-85.835487,-0.0,-22.276,-180.0,0.1083284020423889
0.310049831867218,0.0001455355231883,0.000239791770582,550.956812,480.270977,5.0,180.0,-42.301559,-85.835487,-0.0,-22.276,-180.0,0.1192817911505699
0.3164727687835693,0.0001745714107528,0.0002919926482718,550.956812,480.270977,6.0,180.0,-42.301559,-85.835487,-0.0,-22.276,-180.0,0.1232189163565635
0.3048015832901001,0.0001722443703329,0.0002838508517015,550.956812,480.270977,7.0,180.0,-42.301559,-85.835487,-0.0,-22.276,-180.0,0.1157728508114814
0.2929495573043823,0.0002078882534988,0.0003307562728878,550.956812,480.270977,8.0,180.0,-42.301559,-85.835487,-0.0,-22.276,-180.0,0.1058352664113044
0.2375262379646301,0.0002771076106,0.0003985600778833,550.956812,480.270977,9.0,180.0,-42.301559,-85.835487,-0.0,-22.276,-180.0,0.0826302915811538
0.3050273656845093,0.0002077408280456,0.0003392392827663,550.956812,480.270977,10.0,180.0,-42.301559,-85.835487,-0.0,-22.276,-180.0,0.1068731322884559
0.2849018275737762,0.0002595750265754,0.0004180874675512,550.956812,480.270977,11.0,180.0,-42.301559,-85.835487,-0.0,-22.276,-180.0,0.1005820110440254
0.2993693649768829,0.0002526100724935,0.0004216980887576,550.956812,480.270977,12.0,180.0,-42.301559,-85.835487,-0.0,-22.276,-180.0,0.106455385684967
0.3305588960647583,0.0002532722137402,0.0004486543184611,550.956812,480.270977,13.0,180.0,-42.301559,-85.835487,-0.0,-22.276,-180.0,0.1099140718579292
0.301601767539978,0.0002375259937252,0.0003958680608775,550.956812,480.270977,14.0,180.0,-42.301559,-85.835487,-0.0,-22.276,-180.0,0.1009588316082954
0.3245898485183716,0.0002514306979719,0.0004440288757905,550.956812,480.270977,15.0,180.0,-42.301559,-85.835487,-0.0,-22.276,-180.0,0.1065649762749672
0.2603335976600647,0.0003030132211279,0.0004742384771816,550.956812,480.270977,16.0,180.0,-42.301559,-85.835487,-0.0,-22.276,-180.0,0.0848798751831054
0.3477231562137604,0.0002523833827581,0.0004599123203661,550.956812,480.270977,17.0,180.0,-42.301559,-85.835487,-0.0,-22.276,-180.0,0.1099455654621124
0.3719387948513031,0.0002597277925815,0.0004998734802938,550.956812,480.270977,18.0,180.0,-42.301559,-85.835487,-0.0,-22.276,-180.0,0.1113813892006874
0.3108549416065216,0.0002655980933923,0.000461183313746,550.956812,480.270977,19.0,180.0,-42.301559,-85.835487,-0.0,-22.276,-180.0,0.0935892462730407
0.263904869556427,0.0001185318615171,0.0001619782997295,550.956812,480.270977,0.0,180.0,-42.301559,-85.835487,-0.0,-22.205,-180.0,0.1021678373217582
0.2513076364994049,0.0001356507418677,0.0001758851431077,550.956812,480.270977,1.0,180.0,-42.301559,-85.835487,-0.0,-22.205,-180.0,0.0969437435269355
0.2721759080886841,0.0001478953636251,0.0002169623039662,550.956812,480.270977,2.0,180.0,-42.301559,-85.835487,-0.0,-22.205,-180.0,0.109021283686161
0.2667417228221893,0.0001427960960427,0.0002067633031401,550.956812,480.270977,3.0,180.0,-42.301559,-85.835487,-0.0,-22.205,-180.0,0.1085526719689369
0.2797721624374389,0.0001645312440814,0.0002494907239452,550.956812,480.270977,4.0,180.0,-42.301559,-85.835487,-0.0,-22.205,-180.0,0.1040617004036903
0.2783081233501434,0.0001539844088256,0.0002319537597941,550.956812,480.270977,5.0,180.0,-42.301559,-85.835487,-0.0,-22.205,-180.0,0.1048780083656311
0.2206148207187652,0.0002447447041049,0.000321231666021,550.956812,480.270977,6.0,180.0,-42.301559,-85.835487,-0.0,-22.205,-180.0,0.0738651007413864
0.1831520497798919,0.0002775739412754,0.0003499764134176,550.956812,480.270977,7.0,180.0,-42.301559,-85.835487,-0.0,-22.205,-180.0,0.0618014223873615
0.2498653084039688,0.0002346174733247,0.0003338415990583,550.956812,480.270977,8.0,180.0,-42.301559,-85.835487,-0.0,-22.205,-180.0,0.0944146886467933
0.2829156517982483,0.0001959281071322,0.0002939124242402,550.956812,480.270977,9.0,180.0,-42.301559,-85.835487,-0.0,-22.205,-180.0,0.0880139097571373
0.2884046137332916,0.0002228594239568,0.0003419200365897,550.956812,480.270977,10.0,180.0,-42.301559,-85.835487,-0.0,-22.205,-180.0,0.0986888781189918
0.2910788059234619,0.0002129290951415,0.0003298493393231,550.956812,480.270977,11.0,180.0,-42.301559,-85.835487,-0.0,-22.205,-180.0,0.0890937596559524
0.3214393556118011,0.0002430604945402,0.0004187774611636,550.956812,480.270977,12.0,180.0,-42.301559,-85.835487,-0.0,-22.205,-180.0,0.1113258898258209
0.3383200764656067,0.0002463854325469,0.0004296138067729,550.956812,480.270977,13.0,180.0,-42.301559,-85.835487,-0.0,-22.205,-180.0,0.1149543598294258
0.3540838360786438,0.0002302029897691,0.0004157075309194,550.956812,480.270977,14.0,180.0,-42.301559,-85.835487,-0.0,-22.205,-180.0,0.1100366786122322
0.3196810483932495,0.000248205527896,0.0004230134072713,550.956812,480.270977,15.0,180.0,-42.301559,-85.835487,-0.0,-22.205,-180.0,0.1084517687559127
0.3400264680385589,0.0002405921986792,0.0004363489570096,550.956812,480.270977,16.0,180.0,-42.301559,-85.835487,-0.0,-22.205,-180.0,0.1040363609790802
0.3552201986312866,0.0002536178508307,0.0004691010108217,550.956812,480.270977,17.0,180.0,-42.301559,-85.835487,-0.0,-22.205,-180.0,0.1122692599892616
0.3347970843315124,0.0002987597254104,0.0005328606930561,550.956812,480.270977,18.0,180.0,-42.301559,-85.835487,-0.0,-22.205,-180.0,0.1126997768878936
0.340677946805954,0.0002291990385856,0.0004184401477687,550.956812,480.270977,19.0,180.0,-42.301559,-85.835487,-0.0,-22.205,-180.0,0.1080283671617508
0.3069821298122406,8.440922829322517e-05,0.0001322726602666,550.956812,480.270977,0.0,180.0,-42.301559,-85.835487,-0.0,-22.28,-180.0,0.1189821660518646
0.2832455933094024,0.0001041411451296,0.0001569057203596,550.956812,480.270977,1.0,180.0,-42.301559,-85.835487,-0.0,-22.28,-180.0,0.1086745634675026
0.2992704510688782,0.0001159626117441,0.0001767572393873,550.956812,480.270977,2.0,180.0,-42.301559,-85.835487,-0.0,-22.28,-180.0,0.1161175370216369
0.2747196853160858,0.000143910467159,0.0002229437959613,550.956812,480.270977,3.0,180.0,-42.301559,-85.835487,-0.0,-22.28,-180.0,0.1123146414756774
0.2749299705028534,0.0001374110142933,0.0002062318526441,550.956812,480.270977,4.0,180.0,-42.301559,-85.835487,-0.0,-22.28,-180.0,0.0959346368908882
0.2273119390010833,0.0002117247931892,0.0002848746371455,550.956812,480.270977,5.0,180.0,-42.301559,-85.835487,-0.0,-22.28,-180.0,0.0780012160539627
0.2642813622951507,0.0001800732716219,0.0002591225493233,550.956812,480.270977,6.0,180.0,-42.301559,-85.835487,-0.0,-22.28,-180.0,0.0907503440976142
0.2239912748336792,0.0002194827102357,0.0002933464711531,550.956812,480.270977,7.0,180.0,-42.301559,-85.835487,-0.0,-22.28,-180.0,0.0759257152676582
0.2861959934234619,0.0001887906400952,0.000290493509965,550.956812,480.270977,8.0,180.0,-42.301559,-85.835487,-0.0,-22.28,-180.0,0.1039953976869583
0.3038439154624939,0.0002002679393626,0.0003339642425999,550.956812,480.270977,9.0,180.0,-42.301559,-85.835487,-0.0,-22.28,-180.0,0.1026358678936958
0.2813555002212524,0.0002191922976635,0.0003490936069283,550.956812,480.270977,10.0,180.0,-42.301559,-85.835487,-0.0,-22.28,-180.0,0.0932766646146774
0.2662050127983093,0.0002386778942309,0.0003652584855444,550.956812,480.270977,11.0,180.0,-42.301559,-85.835487,-0.0,-22.28,-180.0,0.0820546373724937
0.2873699367046356,0.0002193575928686,0.0003493195108603,550.956812,480.270977,12.0,180.0,-42.301559,-85.835487,-0.0,-22.28,-180.0,0.0872731804847717
0.2890687584877014,0.0002764102828223,0.0004472538130357,550.956812,480.270977,13.0,180.0,-42.301559,-85.835487,-0.0,-22.28,-180.0,0.0896562784910202
0.2426856607198715,0.0003153327852487,0.0004798864538315,550.956812,480.270977,14.0,180.0,-42.301559,-85.835487,-0.0,-22.28,-180.0,0.0863051861524581
0.3471978306770324,0.0002302686334587,0.0004222195711918,550.956812,480.270977,15.0,180.0,-42.301559,-85.835487,-0.0,-22.28,-180.0,0.115039974451065
0.303287535905838,0.0002657624718267,0.0004516057961154,550.956812,480.270977,16.0,180.0,-42.301559,-85.835487,-0.0,-22.28,-180.0,0.0893288105726242
0.3176132142543793,0.000287973700324,0.0005019349046051,550.956812,480.270977,17.0,180.0,-42.301559,-85.835487,-0.0,-22.28,-180.0,0.1034489423036575
0.3462274968624115,0.000268688192591,0.0004970210138708,550.956812,480.270977,18.0,180.0,-42.301559,-85.835487,-0.0,-22.28,-180.0,0.1196799352765083
0.3253740072250366,0.0002729151165112,0.0004951364826411,550.956812,480.270977,19.0,180.0,-42.301559,-85.835487,-0.0,-22.28,-180.0,0.099097616970539
0.2929898500442505,0.0001065339674823,0.0001627571764402,550.956812,480.270977,0.0,180.0,-42.301559,-85.835487,-0.0,-22.166,-180.0,0.1156250983476638
0.3178304433822632,8.412194438278675e-05,0.0001328951620962,550.956812,480.270977,1.0,180.0,-42.301559,-85.835487,-0.0,-22.166,-180.0,0.1123506128787994
0.3252142369747162,9.128912643063812e-05,0.0001449183037038,550.956812,480.270977,2.0,180.0,-42.301559,-85.835487,-0.0,-22.166,-180.0,0.1130827888846397
0.2519350945949554,0.000140120537253,0.0001978701911866,550.956812,480.270977,3.0,180.0,-42.301559,-85.835487,-0.0,-22.166,-180.0,0.0899846851825714
0.3090342879295349,0.0001293954119319,0.000206012147828,550.956812,480.270977,4.0,180.0,-42.301559,-85.835487,-0.0,-22.166,-180.0,0.1048421412706375
0.257648766040802,0.0001686438481556,0.0002397677890257,550.956812,480.270977,5.0,180.0,-42.301559,-85.835487,-0.0,-22.166,-180.0,0.0883841887116432
0.279756635427475,0.0001628818426979,0.0002523683069739,550.956812,480.270977,6.0,180.0,-42.301559,-85.835487,-0.0,-22.166,-180.0,0.1001072153449058
0.2636738717556,0.0001944280229508,0.0002846897696144,550.956812,480.270977,7.0,180.0,-42.301559,-85.835487,-0.0,-22.166,-180.0,0.0944331958889961
0.2691274881362915,0.0002344967797398,0.0003600101626943,550.956812,480.270977,8.0,180.0,-42.301559,-85.835487,-0.0,-22.166,-180.0,0.1019294336438179
0.3508123159408569,0.0001620847324375,0.0002849479496944,550.956812,480.270977,9.0,180.0,-42.301559,-85.835487,-0.0,-22.166,-180.0,0.1164472848176956
0.2989424467086792,0.0002048498572548,0.0003310215543024,550.956812,480.270977,10.0,180.0,-42.301559,-85.835487,-0.0,-22.166,-180.0,0.098579466342926
0.3631055355072021,0.0001844249636633,0.0003361759299878,550.956812,480.270977,11.0,180.0,-42.301559,-85.835487,-0.0,-22.166,-180.0,0.1188604161143302
0.3050413429737091,0.0002683935454115,0.0004485872632358,550.956812,480.270977,12.0,180.0,-42.301559,-85.835487,-0.0,-22.166,-180.0,0.103385791182518
0.3254193961620331,0.0001879929914139,0.0003193123557139,550.956812,480.270977,13.0,180.0,-42.301559,-85.835487,-0.0,-22.166,-180.0,0.1052302196621894
0.3012528121471405,0.0002484506403561,0.0004151648317929,550.956812,480.270977,14.0,180.0,-42.301559,-85.835487,-0.0,-22.166,-180.0,0.1001068949699401
0.3365280628204345,0.0002519644913263,0.0004466137907002,550.956812,480.270977,15.0,180.0,-42.301559,-85.835487,-0.0,-22.166,-180.0,0.113365039229393
0.3385050296783447,0.0002389816945651,0.000426711019827,550.956812,480.270977,16.0,180.0,-42.301559,-85.835487,-0.0,-22.166,-180.0,0.1074456721544265
0.3333274126052856,0.0003163729561492,0.0005610962980426,550.956812,480.270977,17.0,180.0,-42.301559,-85.835487,-0.0,-22.166,-180.0,0.1145465373992919
0.3162517845630646,0.000274001591606,0.0004759813891723,550.956812,480.270977,18.0,180.0,-42.301559,-85.835487,-0.0,-22.166,-180.0,0.103894904255867
0.31259885430336,0.0002552478399593,0.0004418593016453,550.956812,480.270977,19.0,180.0,-42.301559,-85.835487,-0.0,-22.166,-180.0,0.0987160876393318
0.2914160788059234,0.000117919553304,0.0001797201839508,550.956812,480.270977,0.0,180.0,-42.301559,-85.835487,-0.0,-22.14,-180.0,0.1117252558469772
0.2874886393547058,9.944656630977988e-05,0.0001467923866584,550.956812,480.270977,1.0,180.0,-42.301559,-85.835487,-0.0,-22.14,-180.0,0.1064274981617927
0.2456344664096832,0.0001343853655271,0.0001839448523242,550.956812,480.270977,2.0,180.0,-42.301559,-85.835487,-0.0,-22.14,-180.0,0.084604799747467
0.260132223367691,0.0001432395656593,0.0002032178454101,550.956812,480.270977,3.0,180.0,-42.301559,-85.835487,-0.0,-22.14,-180.0,0.1002870574593544
0.2388024926185608,0.0001526626438135,0.0002060844417428,550.956812,480.270977,4.0,180.0,-42.301559,-85.835487,-0.0,-22.14,-180.0,0.0837126523256301
0.2012175768613815,0.0002233143022749,0.0002887971932068,550.956812,480.270977,5.0,180.0,-42.301559,-85.835487,-0.0,-22.14,-180.0,0.0725891217589378
0.3042901754379272,0.0001970968733076,0.0003190756833646,550.956812,480.270977,6.0,180.0,-42.301559,-85.835487,-0.0,-22.14,-180.0,0.1099397465586662
0.3215773105621338,0.0001354176492895,0.000224420800805,550.956812,480.270977,7.0,180.0,-42.301559,-85.835487,-0.0,-22.14,-180.0,0.1207611486315727
0.2859350442886352,0.0001833331625675,0.0002841059758793,550.956812,480.270977,8.0,180.0,-42.301559,-85.835487,-0.0,-22.14,-180.0,0.0914391353726387
0.2236307114362716,0.0002546493196859,0.0003572968998923,550.956812,480.270977,9.0,180.0,-42.301559,-85.835487,-0.0,-22.14,-180.0,0.0733448192477226
0.2760350108146667,0.000236999898334,0.0003655619220808,550.956812,480.270977,10.0,180.0,-42.301559,-85.835487,-0.0,-22.14,-180.0,0.09784597158432
0.3017314076423645,0.000200349764782,0.0003226406115572,550.956812,480.270977,11.0,180.0,-42.301559,-85.835487,-0.0,-22.14,-180.0,0.0955032706260681
0.261187881231308,0.0002675164141692,0.0004060840583406,550.956812,480.270977,12.0,180.0,-42.301559,-85.835487,-0.0,-22.14,-180.0,0.0845170766115188
0.2658895254135132,0.0002717450261116,0.0004100360965821,550.956812,480.270977,13.0,180.0,-42.301559,-85.835487,-0.0,-22.14,-180.0,0.0861971825361251
0.2371171563863754,0.0002886966976802,0.0004187105514574,550.956812,480.270977,14.0,180.0,-42.301559,-85.835487,-0.0,-22.14,-180.0,0.0772389099001884
0.3118711709976196,0.0002964113082271,0.0005014422349631,550.956812,480.270977,15.0,180.0,-42.301559,-85.835487,-0.0,-22.14,-180.0,0.1046226099133491
0.3074896335601806,0.000291506468784,0.0004858814645558,550.956812,480.270977,16.0,180.0,-42.301559,-85.835487,-0.0,-22.14,-180.0,0.0995900705456733
0.3165256977081299,0.0002678424061741,0.0004599098756443,550.956812,480.270977,17.0,180.0,-42.301559,-85.835487,-0.0,-22.14,-180.0,0.1008693873882293
0.3178306519985199,0.0002696571173146,0.0004598338564392,550.956812,480.270977,18.0,180.0,-42.301559,-85.835487,-0.0,-22.14,-180.0,0.1023237407207489
0.2828750908374786,0.0002716041053645,0.000449056708021,550.956812,480.270977,19.0,180.0,-42.301559,-85.835487,-0.0,-22.14,-180.0,0.0953451916575431
0.2173558622598648,0.0001365902426186,0.0001716144033707,550.956812,480.270977,0.0,180.0,-42.301559,-85.835487,-0.0,-22.055,-180.0,0.0806663483381271
0.2507348954677582,0.0001375639985781,0.0001868876133812,550.956812,480.270977,1.0,180.0,-42.301559,-85.835487,-0.0,-22.055,-180.0,0.099794864654541
0.3197528719902038,0.0001008809267659,0.0001616845838725,550.956812,480.270977,2.0,180.0,-42.301559,-85.835487,-0.0,-22.055,-180.0,0.1183651387691497
0.2423738837242126,0.0001521766243968,0.0002115124661941,550.956812,480.270977,3.0,180.0,-42.301559,-85.835487,-0.0,-22.055,-180.0,0.0826492309570312
0.2499053925275802,0.000160544848768,0.0002296530874446,550.956812,480.270977,4.0,180.0,-42.301559,-85.835487,-0.0,-22.055,-180.0,0.0883616283535957
0.2264400124549865,0.0002034852514043,0.0002669919631443,550.956812,480.270977,5.0,180.0,-42.301559,-85.835487,-0.0,-22.055,-180.0,0.0843308642506599
0.2773324847221374,0.0001638272224226,0.0002437301009194,550.956812,480.270977,6.0,180.0,-42.301559,-85.835487,-0.0,-22.055,-180.0,0.0915223136544227
0.3180196285247803,0.000152857042849,0.0002489164762664,550.956812,480.270977,7.0,180.0,-42.301559,-85.835487,-0.0,-22.055,-180.0,0.1094662472605705
0.2439133077859878,0.0001926147233461,0.0002736992028076,550.956812,480.270977,8.0,180.0,-42.301559,-85.835487,-0.0,-22.055,-180.0,0.0818655416369438
0.2908270359039306,0.0001959269866347,0.0003091190010309,550.956812,480.270977,9.0,180.0,-42.301559,-85.835487,-0.0,-22.055,-180.0,0.0963441878557205
0.214752122759819,0.0002745394886005,0.0003738206869456,550.956812,480.270977,10.0,180.0,-42.301559,-85.835487,-0.0,-22.055,-180.0,0.0787124410271644
0.3052318096160888,0.0002505210286471,0.0004062097577843,550.956812,480.270977,11.0,180.0,-42.301559,-85.835487,-0.0,-22.055,-180.0,0.1074320822954177
0.3050855696201324,0.0002164307952625,0.0003538782766554,550.956812,480.270977,12.0,180.0,-42.301559,-85.835487,-0.0,-22.055,-180.0,0.095633789896965
0.2906004786491394,0.0002530088240746,0.0004013401921838,550.956812,480.270977,13.0,180.0,-42.301559,-85.835487,-0.0,-22.055,-180.0,0.0967728048563003
0.3061544299125671,0.0002517657412681,0.000420643860707,550.956812,480.270977,14.0,180.0,-42.301559,-85.835487,-0.0,-22.055,-180.0,0.0971461683511734
0.2926336228847503,0.0002990014036186,0.0004863084468524,550.956812,480.270977,15.0,180.0,-42.301559,-85.835487,-0.0,-22.055,-180.0,0.1014709249138832
0.2587851583957672,0.0002866710710804,0.0004400671168696,550.956812,480.270977,16.0,180.0,-42.301559,-85.835487,-0.0,-22.055,-180.0,0.0834484100341796
0.2795012295246124,0.0002539879351388,0.0004075288888998,550.956812,480.270977,17.0,180.0,-42.301559,-85.835487,-0.0,-22.055,-180.0,0.0920820161700248
0.3011212050914764,0.0002709377440623,0.0004522072558756,550.956812,480.270977,18.0,180.0,-42.301559,-85.835487,-0.0,-22.055,-180.0,0.0949888825416565
0.2797564566135406,0.0003837594704236,0.0006272480823099,550.956812,480.270977,19.0,180.0,-42.301559,-85.835487,-0.0,-22.055,-180.0,0.1026624366641044
0.2477978765964508,0.0001257299154531,0.0001615818182472,550.956812,480.270977,0.0,180.0,-42.301559,-85.835487,-0.0,-22.031,-180.0,0.0861343964934349
0.2479948848485946,0.0001297272392548,0.0001679452107055,550.956812,480.270977,1.0,180.0,-42.301559,-85.835487,-0.0,-22.031,-180.0,0.0833411440253257
0.2038213610649109,0.0002030308241955,0.000248232827289,550.956812,480.270977,2.0,180.0,-42.301559,-85.835487,-0.0,-22.031,-180.0,0.068745382130146
0.1646211296319961,0.0002157531125703,0.0002513574727345,550.956812,480.270977,3.0,180.0,-42.301559,-85.835487,-0.0,-22.031,-180.0,0.0574230477213859
0.2293835282325744,0.0001786030625225,0.000229158627917,550.956812,480.270977,4.0,180.0,-42.301559,-85.835487,-0.0,-22.031,-180.0,0.0811256766319274
0.2260759323835373,0.0001871807617135,0.0002354833850404,550.956812,480.270977,5.0,180.0,-42.301559,-85.835487,-0.0,-22.031,-180.0,0.0735509991645813
0.2216885685920715,0.0002098603727063,0.0002717968891374,550.956812,480.270977,6.0,180.0,-42.301559,-85.835487,-0.0,-22.031,-180.0,0.0763471350073814
0.2028325051069259,0.0002459387178532,0.0003074489068239,550.956812,480.270977,7.0,180.0,-42.301559,-85.835487,-0.0,-22.031,-180.0,0.0693503767251968
0.2035536915063858,0.000229926299653,0.0002919709077104,550.956812,480.270977,8.0,180.0,-42.301559,-85.835487,-0.0,-22.031,-180.0,0.0650512427091598
0.2228021025657653,0.0002459773677401,0.0003229969879612,550.956812,480.270977,9.0,180.0,-42.301559,-85.835487,-0.0,-22.031,-180.0,0.0778031796216964
0.2272173315286636,0.000255620398093,0.0003396139363758,550.956812,480.270977,10.0,180.0,-42.301559,-85.835487,-0.0,-22.031,-180.0,0.0777151808142662
0.2320798486471176,0.0002465592697262,0.0003276843635831,550.956812,480.270977,11.0,180.0,-42.301559,-85.835487,-0.0,-22.031,-180.0,0.0790330469608306
0.2264564484357834,0.0002562414738349,0.0003456808626651,550.956812,480.270977,12.0,180.0,-42.301559,-85.835487,-0.0,-22.031,-180.0,0.0734843537211418
0.236144408583641,0.0002774616586975,0.0003875092370435,550.956812,480.270977,13.0,180.0,-42.301559,-85.835487,-0.0,-22.031,-180.0,0.0827430635690689
0.2178698778152465,0.0003320758114568,0.0004532442253548,550.956812,480.270977,14.0,180.0,-42.301559,-85.835487,-0.0,-22.031,-180.0,0.0831735208630561
0.2629359066486358,0.0002792664745356,0.0004115029878448,550.956812,480.270977,15.0,180.0,-42.301559,-85.835487,-0.0,-22.031,-180.0,0.091258056461811
0.2087173014879226,0.0003669299185276,0.0005008038133382,550.956812,480.270977,16.0,180.0,-42.301559,-85.835487,-0.0,-22.031,-180.0,0.0767425149679184
0.243834838271141,0.0002990250650327,0.0004293410456739,550.956812,480.270977,17.0,180.0,-42.301559,-85.835487,-0.0,-22.031,-180.0,0.0889241769909858
0.271767795085907,0.0002935509546659,0.0004435963055584,550.956812,480.270977,18.0,180.0,-42.301559,-85.835487,-0.0,-22.031,-180.0,0.0976521894335746
0.2221500426530838,0.0003576469316612,0.0005032753106206,550.956812,480.270977,19.0,180.0,-42.301559,-85.835487,-0.0,-22.031,-180.0,0.0854477882385253
0.2771055996417999,0.0001265126484213,0.0001786081120371,550.956812,480.270977,0.0,180.0,-42.301559,-85.835487,-0.0,-21.939,-180.0,0.0997040718793869
0.2465177476406097,0.0001364527997793,0.0001812301197787,550.956812,480.270977,1.0,180.0,-42.301559,-85.835487,-0.0,-21.939,-180.0,0.0836401283740997
0.297668993473053,0.0001173888304037,0.0001701739383861,550.956812,480.270977,2.0,180.0,-42.301559,-85.835487,-0.0,-21.939,-180.0,0.1023899242281913
0.2431838661432266,0.000154182955157,0.0002061376726487,550.956812,480.270977,3.0,180.0,-42.301559,-85.835487,-0.0,-21.939,-180.0,0.0788980796933174
0.1522443741559982,0.000250704208156,0.0002909858012571,550.956812,480.270977,4.0,180.0,-42.301559,-85.835487,-0.0,-21.939,-180.0,0.0569747537374496
0.1609466522932052,0.0002522417926229,0.0002991973015014,550.956812,480.270977,5.0,180.0,-42.301559,-85.835487,-0.0,-21.939,-180.0,0.0512117967009544
0.2265592217445373,0.0001858187897596,0.0002398238138994,550.956812,480.270977,6.0,180.0,-42.301559,-85.835487,-0.0,-21.939,-180.0,0.0723286345601081
0.2414200901985168,0.000202866125619,0.0002754247689153,550.956812,480.270977,7.0,180.0,-42.301559,-85.835487,-0.0,-21.939,-180.0,0.082374058663845
0.2145429998636245,0.0002190049417549,0.0002791355655062,550.956812,480.270977,8.0,180.0,-42.301559,-85.835487,-0.0,-21.939,-180.0,0.0742987543344497
0.2182657867670059,0.000228357836022,0.0002949584159068,550.956812,480.270977,9.0,180.0,-42.301559,-85.835487,-0.0,-21.939,-180.0,0.0720818787813186
0.236250951886177,0.0002647202927619,0.0003619788622017,550.956812,480.270977,10.0,180.0,-42.301559,-85.835487,-0.0,-21.939,-180.0,0.0792623981833458
0.2237857580184936,0.00027511944063,0.0003685237898025,550.956812,480.270977,11.0,180.0,-42.301559,-85.835487,-0.0,-21.939,-180.0,0.0813216492533683
0.2658397555351257,0.0002156497212126,0.0003090188547503,550.956812,480.270977,12.0,180.0,-42.301559,-85.835487,-0.0,-21.939,-180.0,0.0844866931438446
0.2480766624212265,0.0002993663074448,0.000426139391493,550.956812,480.270977,13.0,180.0,-42.301559,-85.835487,-0.0,-21.939,-180.0,0.0853020101785659
0.2346096783876419,0.0002751011343207,0.000384263577871,550.956812,480.270977,14.0,180.0,-42.301559,-85.835487,-0.0,-21.939,-180.0,0.0812087059020996
0.2221545279026031,0.0002840381348505,0.0003959105233661,550.956812,480.270977,15.0,180.0,-42.301559,-85.835487,-0.0,-21.939,-180.0,0.073098175227642
0.2438506633043289,0.0002960083365906,0.0004273189988452,550.956812,480.270977,16.0,180.0,-42.301559,-85.835487,-0.0,-21.939,-180.0,0.0894669368863105
0.256557822227478,0.0002667200460564,0.0003906599304173,550.956812,480.270977,17.0,180.0,-42.301559,-85.835487,-0.0,-21.939,-180.0,0.0894194766879081
0.2473319172859192,0.0002960986748803,0.0004280220600776,550.956812,480.270977,18.0,180.0,-42.301559,-85.835487,-0.0,-21.939,-180.0,0.09026400744915
0.2380920052528381,0.0003092953993473,0.0004479984054341,550.956812,480.270977,19.0,180.0,-42.301559,-85.835487,-0.0,-21.939,-180.0,0.0886827483773231
0.3025472164154053,9.04080443433486e-05,0.0001358098234049,550.956812,480.270977,0.0,180.0,-42.301559,-85.835487,-0.0,-21.9,-180.0,0.1095766648650169
0.2880956828594208,9.703692194307224e-05,0.0001410023978678,550.956812,480.270977,1.0,180.0,-42.301559,-85.835487,-0.0,-21.9,-180.0,0.095009334385395
0.264093279838562,0.0001164113928098,0.0001558196672704,550.956812,480.270977,2.0,180.0,-42.301559,-85.835487,-0.0,-21.9,-180.0,0.0819123536348342
0.2778268754482269,0.0001386536314385,0.0002010437456192,550.956812,480.270977,3.0,180.0,-42.301559,-85.835487,-0.0,-21.9,-180.0,0.0925955474376678
0.20733542740345,0.0002011313044931,0.0002568382478784,550.956812,480.270977,4.0,180.0,-42.301559,-85.835487,-0.0,-21.9,-180.0,0.0723025798797607
0.2761501669883728,0.0001377501030219,0.0001972307945834,550.956812,480.270977,5.0,180.0,-42.301559,-85.835487,-0.0,-21.9,-180.0,0.0941538512706756
0.2877422273159027,0.0001464634551666,0.0002218153822468,550.956812,480.270977,6.0,180.0,-42.301559,-85.835487,-0.0,-21.9,-180.0,0.0899954065680503
0.2381255775690078,0.0002223862684331,0.0003102430200669,550.956812,480.270977,7.0,180.0,-42.301559,-85.835487,-0.0,-21.9,-180.0,0.0869719237089157
0.2832275032997131,0.0001791772665455,0.0002673893468454,550.956812,480.270977,8.0,180.0,-42.301559,-85.835487,-0.0,-21.9,-180.0,0.0956653803586959
0.2528302371501922,0.000240561843384,0.0003506457142066,550.956812,480.270977,9.0,180.0,-42.301559,-85.835487,-0.0,-21.9,-180.0,0.0944817662239074
0.2700727581977844,0.0001948708668351,0.0002866466820705,550.956812,480.270977,10.0,180.0,-42.301559,-85.835487,-0.0,-21.9,-180.0,0.0867417603731155
0.2422340810298919,0.0002980490680783,0.0004232134961057,550.956812,480.270977,11.0,180.0,-42.301559,-85.835487,-0.0,-21.9,-180.0,0.0887096002697944
0.2623988091945648,0.0002675650757737,0.0003968012460973,550.956812,480.270977,12.0,180.0,-42.301559,-85.835487,-0.0,-21.9,-180.0,0.0911730602383613
0.2119939774274826,0.0003170478448737,0.0004395546275191,550.956812,480.270977,13.0,180.0,-42.301559,-85.835487,-0.0,-21.9,-180.0,0.0725794285535812
0.1917107254266739,0.0003145595546811,0.0004202360287308,550.956812,480.270977,14.0,180.0,-42.301559,-85.835487,-0.0,-21.9,-180.0,0.0672978684306144
0.2018801867961883,0.0003330284380353,0.0004580137028824,550.956812,480.270977,15.0,180.0,-42.301559,-85.835487,-0.0,-21.9,-180.0,0.0735821425914764
0.2707448899745941,0.0002807904675137,0.0004233930958434,550.956812,480.270977,16.0,180.0,-42.301559,-85.835487,-0.0,-21.9,-180.0,0.0930256098508834
0.2436970174312591,0.0003329388564452,0.0004945331602357,550.956812,480.270977,17.0,180.0,-42.301559,-85.835487,-0.0,-21.9,-180.0,0.087141253054142
0.2214290201663971,0.0003395843959879,0.0004900119965896,550.956812,480.270977,18.0,180.0,-42.301559,-85.835487,-0.0,-21.9,-180.0,0.083676129579544
0.2319239825010299,0.0003521766047924,0.0005171846714802,550.956812,480.270977,19.0,180.0,-42.301559,-85.835487,-0.0,-21.9,-180.0,0.0908754765987396
0.2436420023441314,0.0003528233501128,0.0005222262116149,550.956812,480.270977,0.0,180.0,-42.301559,-85.835487,-0.0,-22.368,-96.934,0.0904093831777572
0.222055435180664,0.0004676570824813,0.0006758023519068,550.956812,480.270977,1.0,180.0,-42.301559,-85.835487,-0.0,-22.368,-96.934,0.0811778455972671
0.2267080843448639,0.0004778385919053,0.000687223218847,550.956812,480.270977,2.0,180.0,-42.301559,-85.835487,-0.0,-22.368,-96.934,0.086646944284439
0.2266923934221267,0.0005321754724718,0.0007728452910669,550.956812,480.270977,3.0,180.0,-42.301559,-85.835487,-0.0,-22.368,-96.934,0.088968850672245
0.2225373238325119,0.0005976013489998,0.0008709781104698,550.956812,480.270977,4.0,180.0,-42.301559,-85.835487,-0.0,-22.368,-96.934,0.0891827866435051
0.2024371773004531,0.0006081027677282,0.0008533664513379,550.956812,480.270977,5.0,180.0,-42.301559,-85.835487,-0.0,-22.368,-96.934,0.07464000582695
0.1896819174289703,0.0006830237689428,0.0009560773032717,550.956812,480.270977,6.0,180.0,-42.301559,-85.835487,-0.0,-22.368,-96.934,0.073519118130207
0.1919970512390136,0.0007628984749317,0.0010831728577613,550.956812,480.270977,7.0,180.0,-42.301559,-85.835487,-0.0,-22.368,-96.934,0.0785946175456047
0.2037364244461059,0.0008296620217151,0.0011941372649744,550.956812,480.270977,8.0,180.0,-42.301559,-85.835487,-0.0,-22.368,-96.934,0.0868372842669487
0.1707686930894851,0.0008374550961889,0.0011451088357716,550.956812,480.270977,9.0,180.0,-42.301559,-85.835487,-0.0,-22.368,-96.934,0.0638678073883056
0.1676942110061645,0.0009584312792867,0.0013323670718818,550.956812,480.270977,10.0,180.0,-42.301559,-85.835487,-0.0,-22.368,-96.934,0.0701186880469322
0.135482832789421,0.0009848490590229,0.001313132699579,550.956812,480.270977,11.0,180.0,-42.301559,-85.835487,-0.0,-22.368,-96.934,0.049254585057497
0.1366968005895614,0.0009622327052056,0.0012877010740339,550.956812,480.270977,12.0,180.0,-42.301559,-85.835487,-0.0,-22.368,-96.934,0.0441650375723838
0.1571383625268936,0.000970986788161,0.0013308787019923,550.956812,480.270977,13.0,180.0,-42.301559,-85.835487,-0.0,-22.368,-96.934,0.0612389035522937
0.0923587158322334,0.0009750500903464,0.0012317778309807,550.956812,480.270977,14.0,180.0,-42.301559,-85.835487,-0.0,-22.368,-96.934,0.0292296390980482
0.1588456928730011,0.0008880288223735,0.0012352536432445,550.956812,480.270977,15.0,180.0,-42.301559,-85.835487,-0.0,-22.368,-96.934,0.0685607939958572
0.1643858402967453,0.0009265195112675,0.0012977188453078,550.956812,480.270977,16.0,180.0,-42.301559,-85.835487,-0.0,-22.368,-96.934,0.0751223862171173
0.1727177649736404,0.000923175830394,0.0013109737774357,550.956812,480.270977,17.0,180.0,-42.301559,-85.835487,-0.0,-22.368,-96.934,0.0824086219072341
0.1859231144189834,0.0009346731239929,0.0013492831494659,550.956812,480.270977,18.0,180.0,-42.301559,-85.835487,-0.0,-22.368,-96.934,0.0963952466845512
0.1808938831090927,0.0008497847593389,0.0012186665553599,550.956812,480.270977,19.0,180.0,-42.301559,-85.835487,-0.0,-22.368,-96.934,0.0886292532086372
0.2590300738811493,0.0004275400133337,0.0006885740440338,550.956812,480.270977,0.0,180.0,-42.301559,-85.835487,-0.0,-22.238,-89.735,0.0962263494729995
0.2486133724451065,0.0004823055933229,0.0007622430566698,550.956812,480.270977,1.0,180.0,-42.301559,-85.835487,-0.0,-22.238,-89.735,0.0870065093040466
0.2609529793262481,0.000530021963641,0.0008603079477325,550.956812,480.270977,2.0,180.0,-42.301559,-85.835487,-0.0,-22.238,-89.735,0.0937534645199775
0.2523103058338165,0.0004981912788935,0.0007879785262048,550.956812,480.270977,3.0,180.0,-42.301559,-85.835487,-0.0,-22.238,-89.735,0.0908012390136718
0.252159833908081,0.000661542348098,0.0010663995053619,550.956812,480.270977,4.0,180.0,-42.301559,-85.835487,-0.0,-22.238,-89.735,0.0992989987134933
0.2474743276834488,0.0006312728510238,0.0010048454860225,550.956812,480.270977,5.0,180.0,-42.301559,-85.835487,-0.0,-22.238,-89.735,0.0851241275668144
0.239395797252655,0.0006790480110794,0.0010676479432731,550.956812,480.270977,6.0,180.0,-42.301559,-85.835487,-0.0,-22.238,-89.735,0.0896452516317367
0.2493046373128891,0.0008133010705932,0.0013048344990238,550.956812,480.270977,7.0,180.0,-42.301559,-85.835487,-0.0,-22.238,-89.735,0.1080215275287628
0.238116517663002,0.0008186437189579,0.0012840930139645,550.956812,480.270977,8.0,180.0,-42.301559,-85.835487,-0.0,-22.238,-89.735,0.0943007841706276
0.2136852294206619,0.000894108088687,0.0013760239817202,550.956812,480.270977,9.0,180.0,-42.301559,-85.835487,-0.0,-22.238,-89.735,0.0826931074261665
0.1683842092752456,0.0008953958749771,0.0012895384570583,550.956812,480.270977,10.0,180.0,-42.301559,-85.835487,-0.0,-22.238,-89.735,0.055506058037281
0.2327194362878799,0.0009250954608432,0.0014774930896237,550.956812,480.270977,11.0,180.0,-42.301559,-85.835487,-0.0,-22.238,-89.735,0.093354657292366
0.2316227853298187,0.0009025193867273,0.0014376197941601,550.956812,480.270977,12.0,180.0,-42.301559,-85.835487,-0.0,-22.238,-89.735,0.101752869784832
0.2193301320075988,0.0008807554841041,0.0013756958069279,550.956812,480.270977,13.0,180.0,-42.301559,-85.835487,-0.0,-22.238,-89.735,0.0854257494211196
0.2019271105527877,0.0008981333812698,0.0013654247159138,550.956812,480.270977,14.0,180.0,-42.301559,-85.835487,-0.0,-22.238,-89.735,0.0830286592245101
0.207996591925621,0.0008366159163415,0.0012823751894757,550.956812,480.270977,15.0,180.0,-42.301559,-85.835487,-0.0,-22.238,-89.735,0.0763229876756668
0.2386896163225174,0.0008978205733001,0.0014450895832851,550.956812,480.270977,16.0,180.0,-42.301559,-85.835487,-0.0,-22.238,-89.735,0.109841451048851
0.2450841963291168,0.0007496084435842,0.0012189585249871,550.956812,480.270977,17.0,180.0,-42.301559,-85.835487,-0.0,-22.238,-89.735,0.1079056188464164
0.2459842711687088,0.0008325168746523,0.0013428496895357,550.956812,480.270977,18.0,180.0,-42.301559,-85.835487,-0.0,-22.238,-89.735,0.1209252551198005
0.2419612556695938,0.0007632453925907,0.001232250011526,550.956812,480.270977,19.0,180.0,-42.301559,-85.835487,-0.0,-22.238,-89.735,0.1103152334690094
0.2784725129604339,0.0005394598701968,0.0009019782883115,550.956812,480.270977,0.0,180.0,-42.301559,-85.835487,-0.0,-21.756,-70.878,0.1034726873040199
0.2644021809101105,0.0005924135912209,0.0009835666278377,550.956812,480.270977,1.0,180.0,-42.301559,-85.835487,-0.0,-21.756,-70.878,0.0994891449809074
0.2486466169357299,0.0006873985985293,0.0011119904229417,550.956812,480.270977,2.0,180.0,-42.301559,-85.835487,-0.0,-21.756,-70.878,0.0905810743570327
0.2582567036151886,0.0007360985619015,0.0011975899105891,550.956812,480.270977,3.0,180.0,-42.301559,-85.835487,-0.0,-21.756,-70.878,0.1022990196943283
0.2423310875892639,0.0007770034717395,0.0012471855152398,550.956812,480.270977,4.0,180.0,-42.301559,-85.835487,-0.0,-21.756,-70.878,0.0930024683475494
0.2201574891805648,0.0008225060300901,0.0012851905776187,550.956812,480.270977,5.0,180.0,-42.301559,-85.835487,-0.0,-21.756,-70.878,0.085532359778881
0.2481647282838821,0.0008366744150407,0.0013630943140015,550.956812,480.270977,6.0,180.0,-42.301559,-85.835487,-0.0,-21.756,-70.878,0.0964842066168785
0.1927408725023269,0.0009319487144239,0.0014024317497387,550.956812,480.270977,7.0,180.0,-42.301559,-85.835487,-0.0,-21.756,-70.878,0.070097804069519
0.1863030195236206,0.0009332326008006,0.0013987635029479,550.956812,480.270977,8.0,180.0,-42.301559,-85.835487,-0.0,-21.756,-70.878,0.0655008107423782
0.1659709513187408,0.0009474623366259,0.0013601685641333,550.956812,480.270977,9.0,180.0,-42.301559,-85.835487,-0.0,-21.756,-70.878,0.0563427433371543
0.2031236141920089,0.0008944208966568,0.0013653504429385,550.956812,480.270977,10.0,180.0,-42.301559,-85.835487,-0.0,-21.756,-70.878,0.0718273073434829
0.2232518345117569,0.0009309425367973,0.0014719408936798,550.956812,480.270977,11.0,180.0,-42.301559,-85.835487,-0.0,-21.756,-70.878,0.0974218100309372
0.2305250614881515,0.0009148365352302,0.0014596164692193,550.956812,480.270977,12.0,180.0,-42.301559,-85.835487,-0.0,-21.756,-70.878,0.0948378145694732
0.2281568646430969,0.0009850006317719,0.0015649104025214,550.956812,480.270977,13.0,180.0,-42.301559,-85.835487,-0.0,-21.756,-70.878,0.102826178073883
0.2257790714502334,0.0008939582039602,0.0014185095205903,550.956812,480.270977,14.0,180.0,-42.301559,-85.835487,-0.0,-21.756,-70.878,0.1006739437580108
0.2419508397579193,0.000847732881084,0.0013717891415581,550.956812,480.270977,15.0,180.0,-42.301559,-85.835487,-0.0,-21.756,-70.878,0.1023288071155548
0.2409635931253433,0.0008094307850115,0.0013126139529049,550.956812,480.270977,16.0,180.0,-42.301559,-85.835487,-0.0,-21.756,-70.878,0.1125232875347137
0.2110771685838699,0.0008217587601393,0.0012892836239188,550.956812,480.270977,17.0,180.0,-42.301559,-85.835487,-0.0,-21.756,-70.878,0.1004347205162048
0.2095389515161514,0.0008003443363122,0.0012458477867767,550.956812,480.270977,18.0,180.0,-42.301559,-85.835487,-0.0,-21.756,-70.878,0.0905809625983238
0.2007958590984344,0.0006545817595906,0.001006428617984,550.956812,480.270977,19.0,180.0,-42.301559,-85.835487,-0.0,-21.756,-70.878,0.0739741176366806
0.2255653738975525,0.0008142523583956,0.0012559544993564,550.956812,480.270977,0.0,180.0,-42.301559,-85.835487,-0.0,-19.483,-0.0,0.1073589697480201
0.22703218460083,0.000742649717722,0.0011372684966772,550.956812,480.270977,1.0,180.0,-42.301559,-85.835487,-0.0,-19.483,-0.0,0.1041638180613517
0.2030606865882873,0.0008031855686567,0.0012045006733387,550.956812,480.270977,2.0,180.0,-42.301559,-85.835487,-0.0,-19.483,-0.0,0.0915988907217979
0.2229468524456024,0.000890381343197,0.0013621870893985,550.956812,480.270977,3.0,180.0,-42.301559,-85.835487,-0.0,-19.483,-0.0,0.1093721091747284
0.2209751009941101,0.0008634175173938,0.0013093075249344,550.956812,480.270977,4.0,180.0,-42.301559,-85.835487,-0.0,-19.483,-0.0,0.1032552719116211
0.2084471136331558,0.0007259575068019,0.0010852247942239,550.956812,480.270977,5.0,180.0,-42.301559,-85.835487,-0.0,-19.483,-0.0,0.1021237000823021
0.1873132288455963,0.0008240622119046,0.001200582133606,550.956812,480.270977,6.0,180.0,-42.301559,-85.835487,-0.0,-19.483,-0.0,0.0722606405615806
0.2156156599521637,0.0007444008952006,0.0011085113510489,550.956812,480.270977,7.0,180.0,-42.301559,-85.835487,-0.0,-19.483,-0.0,0.0935469418764114
0.2099876254796981,0.0006889589130878,0.0010265168966725,550.956812,480.270977,8.0,180.0,-42.301559,-85.835487,-0.0,-19.483,-0.0,0.0900269895792007
0.2128092348575592,0.000636181095615,0.0009500253363512,550.956812,480.270977,9.0,180.0,-42.301559,-85.835487,-0.0,-19.483,-0.0,0.0854999721050262
0.2335376292467117,0.0005980370333418,0.0009067223872989,550.956812,480.270977,10.0,180.0,-42.301559,-85.835487,-0.0,-19.483,-0.0,0.1081855520606041
0.2143626660108566,0.000578835257329,0.0008575526881031,550.956812,480.270977,11.0,180.0,-42.301559,-85.835487,-0.0,-19.483,-0.0,0.0925653353333473
0.2383371293544769,0.0005885645514354,0.0008949905750341,550.956812,480.270977,12.0,180.0,-42.301559,-85.835487,-0.0,-19.483,-0.0,0.1096232384443283
0.2364196926355362,0.0004767453938256,0.0007232384523376,550.956812,480.270977,13.0,180.0,-42.301559,-85.835487,-0.0,-19.483,-0.0,0.1019217073917388
0.1979123651981353,0.0004818687157239,0.000691891182214,550.956812,480.270977,14.0,180.0,-42.301559,-85.835487,-0.0,-19.483,-0.0,0.0854085385799408
0.2236712127923965,0.0004271948419045,0.0006341005791909,550.956812,480.270977,15.0,180.0,-42.301559,-85.835487,-0.0,-19.483,-0.0,0.0933684706687927
0.2196558713912964,0.0003805029846262,0.0005550261703319,550.956812,480.270977,16.0,180.0,-42.301559,-85.835487,-0.0,-19.483,-0.0,0.1005178913474083
0.1798719465732574,0.0003699748485814,0.0005045878351666,550.956812,480.270977,17.0,180.0,-42.301559,-85.835487,-0.0,-19.483,-0.0,0.0786495804786682
0.2428557425737381,0.0003036719281226,0.0004497571790125,550.956812,480.270977,18.0,180.0,-42.301559,-85.835487,-0.0,-19.483,-0.0,0.1025649830698967
0.195541575551033,0.0003154536243528,0.0004331903764978,550.956812,480.270977,19.0,180.0,-42.301559,-85.835487,-0.0,-19.483,-0.0,0.0838712900876998
0.2353546768426895,0.000777208362706,0.0012158117024227,550.956812,480.270977,0.0,180.0,-42.301559,-85.835487,-0.0,-19.315,-0.0,0.1219391152262687
0.2215359359979629,0.0007751628290861,0.0011909387540072,550.956812,480.270977,1.0,180.0,-42.301559,-85.835487,-0.0,-19.315,-0.0,0.1154107451438903
0.200747475028038,0.0007758274441584,0.0011613607639446,550.956812,480.270977,2.0,180.0,-42.301559,-85.835487,-0.0,-19.315,-0.0,0.0910237058997154
0.1773851811885833,0.0006568048847839,0.0009321968536823,550.956812,480.270977,3.0,180.0,-42.301559,-85.835487,-0.0,-19.315,-0.0,0.0674141198396682
0.1921173483133316,0.0008117585093714,0.0011961272684857,550.956812,480.270977,4.0,180.0,-42.301559,-85.835487,-0.0,-19.315,-0.0,0.0944152846932411
0.2175957560539245,0.0009273914038203,0.0014094933867454,550.956812,480.270977,5.0,180.0,-42.301559,-85.835487,-0.0,-19.315,-0.0,0.1149268522858619
0.1920969784259796,0.0007607045699842,0.0011088642058894,550.956812,480.270977,6.0,180.0,-42.301559,-85.835487,-0.0,-19.315,-0.0,0.0893960371613502
0.2116046100854873,0.0006664809770882,0.0010008332319557,550.956812,480.270977,7.0,180.0,-42.301559,-85.835487,-0.0,-19.315,-0.0,0.09319619089365
0.2191922068595886,0.000755974673666,0.0011532185599207,550.956812,480.270977,8.0,180.0,-42.301559,-85.835487,-0.0,-19.315,-0.0,0.1036820784211158
0.200650081038475,0.0006310014287009,0.0009284779662266,550.956812,480.270977,9.0,180.0,-42.301559,-85.835487,-0.0,-19.315,-0.0,0.0836771801114082
0.215637132525444,0.0006193785229697,0.0009316572686657,550.956812,480.270977,10.0,180.0,-42.301559,-85.835487,-0.0,-19.315,-0.0,0.0967978090047836
0.1996667236089706,0.0005490412004292,0.0008059606188908,550.956812,480.270977,11.0,180.0,-42.301559,-85.835487,-0.0,-19.315,-0.0,0.0830136835575103
0.2212399244308471,0.0005524680018424,0.0008368348353542,550.956812,480.270977,12.0,180.0,-42.301559,-85.835487,-0.0,-19.315,-0.0,0.1031540855765342
0.2173350155353546,0.0004876944876741,0.0007348334765993,550.956812,480.270977,13.0,180.0,-42.301559,-85.835487,-0.0,-19.315,-0.0,0.1049034893512725
0.1874687224626541,0.0004283583257347,0.0005984533345326,550.956812,480.270977,14.0,180.0,-42.301559,-85.835487,-0.0,-19.315,-0.0,0.0829320326447486
0.2061464488506317,0.0004360079765319,0.00064091256354,550.956812,480.270977,15.0,180.0,-42.301559,-85.835487,-0.0,-19.315,-0.0,0.0974990352988243
0.2150537520647049,0.0003862184530589,0.0005667105433531,550.956812,480.270977,16.0,180.0,-42.301559,-85.835487,-0.0,-19.315,-0.0,0.0933641046285629
0.2576475441455841,0.0002865764545276,0.0004474408924579,550.956812,480.270977,17.0,180.0,-42.301559,-85.835487,-0.0,-19.315,-0.0,0.1141523197293281
0.2788487374782562,0.0002829570439644,0.0004555416526272,550.956812,480.270977,18.0,180.0,-42.301559,-85.835487,-0.0,-19.315,-0.0,0.1256064772605896
0.2391335368156433,0.0002669929817784,0.0004092453746125,550.956812,480.270977,19.0,180.0,-42.301559,-85.835487,-0.0,-19.315,-0.0,0.1056259423494339
0.2406816035509109,0.0006950965616852,0.0011106577003374,550.956812,480.270977,0.0,180.0,-42.301559,-85.835487,-0.0,-19.241,-0.0,0.1181240454316139
0.2264316231012344,0.0007699879934079,0.0012109673116356,550.956812,480.270977,1.0,180.0,-42.301559,-85.835487,-0.0,-19.241,-0.0,0.1104791462421417
0.2350523769855499,0.0007328225765377,0.0011626902269199,550.956812,480.270977,2.0,180.0,-42.301559,-85.835487,-0.0,-19.241,-0.0,0.1116467863321304
0.2401120215654373,0.0008182324236258,0.0013022741768509,550.956812,480.270977,3.0,180.0,-42.301559,-85.835487,-0.0,-19.241,-0.0,0.1238434985280036
0.2376055866479873,0.0007100778748281,0.0011249355738982,550.956812,480.270977,4.0,180.0,-42.301559,-85.835487,-0.0,-19.241,-0.0,0.1126724034547805
0.2446383684873581,0.000753064174205,0.0012053688988089,550.956812,480.270977,5.0,180.0,-42.301559,-85.835487,-0.0,-19.241,-0.0,0.123980589210987
0.2098071873188018,0.0007580873207189,0.0011612034868448,550.956812,480.270977,6.0,180.0,-42.301559,-85.835487,-0.0,-19.241,-0.0,0.0946827307343483
0.2067137956619262,0.0006534733693115,0.0009911933448165,550.956812,480.270977,7.0,180.0,-42.301559,-85.835487,-0.0,-19.241,-0.0,0.0869313776493072
0.2181098610162735,0.0006820875569246,0.0010411202674731,550.956812,480.270977,8.0,180.0,-42.301559,-85.835487,-0.0,-19.241,-0.0,0.0992547869682312
0.1644890010356903,0.0006410758360289,0.0009156081359833,550.956812,480.270977,9.0,180.0,-42.301559,-85.835487,-0.0,-19.241,-0.0,0.067805640399456
0.2239721268415451,0.0006469585932791,0.0009999936446547,550.956812,480.270977,10.0,180.0,-42.301559,-85.835487,-0.0,-19.241,-0.0,0.0970998033881187
0.2045955210924148,0.0005323107470758,0.0007952328887768,550.956812,480.270977,11.0,180.0,-42.301559,-85.835487,-0.0,-19.241,-0.0,0.0906564444303512
0.2303790301084518,0.0005072654457762,0.0007885809172876,550.956812,480.270977,12.0,180.0,-42.301559,-85.835487,-0.0,-19.241,-0.0,0.1120137795805931
0.2357988804578781,0.0004897673497907,0.0007593563059344,550.956812,480.270977,13.0,180.0,-42.301559,-85.835487,-0.0,-19.241,-0.0,0.1049839407205581
0.2413928657770156,0.0004413364222273,0.0006947918445803,550.956812,480.270977,14.0,180.0,-42.301559,-85.835487,-0.0,-19.241,-0.0,0.1065524294972419
0.2322732508182525,0.0003585816302802,0.0005431938334368,550.956812,480.270977,15.0,180.0,-42.301559,-85.835487,-0.0,-19.241,-0.0,0.1006252095103263
0.2335284352302551,0.0003729302552528,0.0005766478716395,550.956812,480.270977,16.0,180.0,-42.301559,-85.835487,-0.0,-19.241,-0.0,0.1044414713978767
0.2653398215770721,0.0003678266075439,0.0005939783877693,550.956812,480.270977,17.0,180.0,-42.301559,-85.835487,-0.0,-19.241,-0.0,0.1254123002290725
0.2850869297981262,0.0002905247092712,0.0004793794360011,550.956812,480.270977,18.0,180.0,-42.301559,-85.835487,-0.0,-19.241,-0.0,0.1334981471300125
0.2338899970054626,0.0002739901538006,0.0004197502566967,550.956812,480.270977,19.0,180.0,-42.301559,-85.835487,-0.0,-19.241,-0.0,0.1202447339892387
0.1673441678285598,0.000701074139215,0.00101508887019,550.956812,480.270977,0.0,180.0,-42.301559,-85.835487,0.0,-19.258,-0.0,0.0685368180274963
0.1992571651935577,0.000715443806257,0.0010814872803166,550.956812,480.270977,1.0,180.0,-42.301559,-85.835487,0.0,-19.258,-0.0,0.0828494802117347
0.23088239133358,0.0007235239609144,0.001134093850851,550.956812,480.270977,2.0,180.0,-42.301559,-85.835487,0.0,-19.258,-0.0,0.1020801067352294
0.2324467450380325,0.0008085830486379,0.0012823349097743,550.956812,480.270977,3.0,180.0,-42.301559,-85.835487,0.0,-19.258,-0.0,0.1187226846814155
0.2400651574134826,0.0007374066626653,0.0011708522215485,550.956812,480.270977,4.0,180.0,-42.301559,-85.835487,0.0,-19.258,-0.0,0.1125131994485855
0.2379187047481537,0.0008140860591083,0.0012912356760352,550.956812,480.270977,5.0,180.0,-42.301559,-85.835487,0.0,-19.258,-0.0,0.1118554845452308
0.2095656245946884,0.0007592418696731,0.0011526857269927,550.956812,480.270977,6.0,180.0,-42.301559,-85.835487,0.0,-19.258,-0.0,0.0884180292487144
0.2304172962903976,0.0006939436425454,0.0010780665325,550.956812,480.270977,7.0,180.0,-42.301559,-85.835487,0.0,-19.258,-0.0,0.0969688147306442
0.2243407368659973,0.000628889654763,0.0009706857963465,550.956812,480.270977,8.0,180.0,-42.301559,-85.835487,0.0,-19.258,-0.0,0.0998293757438659
0.2055911272764206,0.0006316982326097,0.0009517315775156,550.956812,480.270977,9.0,180.0,-42.301559,-85.835487,0.0,-19.258,-0.0,0.0874800682067871
0.2442734390497207,0.0006078907754272,0.0009596586460247,550.956812,480.270977,10.0,180.0,-42.301559,-85.835487,0.0,-19.258,-0.0,0.1113602444529533
0.2350881546735763,0.0005701174377463,0.0008934112847782,550.956812,480.270977,11.0,180.0,-42.301559,-85.835487,0.0,-19.258,-0.0,0.1065330803394317
0.2437970787286758,0.0005666492506861,0.0008989890920929,550.956812,480.270977,12.0,180.0,-42.301559,-85.835487,0.0,-19.258,-0.0,0.1149439215660095
0.230647787451744,0.0004632560594473,0.000710544118192,550.956812,480.270977,13.0,180.0,-42.301559,-85.835487,0.0,-19.258,-0.0,0.1060545071959495
0.2083274126052856,0.0004175709327682,0.0006234894972294,550.956812,480.270977,14.0,180.0,-42.301559,-85.835487,0.0,-19.258,-0.0,0.0874416083097457
0.2550942599773407,0.0003790927003137,0.0005991177167743,550.956812,480.270977,15.0,180.0,-42.301559,-85.835487,0.0,-19.258,-0.0,0.1127742379903793
0.2292471677064895,0.0003069669182877,0.0004643349675461,550.956812,480.270977,16.0,180.0,-42.301559,-85.835487,0.0,-19.258,-0.0,0.0990449786186218
0.2906506359577179,0.0003788843750953,0.0006261649541556,550.956812,480.270977,17.0,180.0,-42.301559,-85.835487,0.0,-19.258,-0.0,0.1355365365743637
0.2155300080776214,0.0003171536081936,0.0004723904421553,550.956812,480.270977,18.0,180.0,-42.301559,-85.835487,0.0,-19.258,-0.0,0.0973566025495529
0.262936532497406,0.0002922080166172,0.0004687463806476,550.956812,480.270977,19.0,180.0,-42.301559,-85.835487,0.0,-19.258,-0.0,0.1179936602711677
0.2710898518562317,0.000614893680904,0.001048213802278,550.956812,480.270977,0.0,180.0,-42.301559,-85.835487,-0.0,-19.158,-0.0,0.130097433924675
0.2263098955154419,0.0006223486852832,0.0010007933015003,550.956812,480.270977,1.0,180.0,-42.301559,-85.835487,-0.0,-19.158,-0.0,0.0947414562106132
0.2643204033374786,0.0007135475170798,0.0012084363261237,550.956812,480.270977,2.0,180.0,-42.301559,-85.835487,-0.0,-19.158,-0.0,0.1181213930249214
0.2493528574705124,0.0007388951489701,0.0012170396512374,550.956812,480.270977,3.0,180.0,-42.301559,-85.835487,-0.0,-19.158,-0.0,0.1082248389720916
0.2207333594560623,0.000766240642406,0.0012040473520755,550.956812,480.270977,4.0,180.0,-42.301559,-85.835487,-0.0,-19.158,-0.0,0.0969369709491729
0.2416061460971832,0.0007271425565704,0.0011826064437627,550.956812,480.270977,5.0,180.0,-42.301559,-85.835487,-0.0,-19.158,-0.0,0.0987345725297927
0.2461448460817337,0.0007003015489317,0.0011502732522785,550.956812,480.270977,6.0,180.0,-42.301559,-85.835487,-0.0,-19.158,-0.0,0.1109185963869094
0.2535803318023681,0.0006762537523172,0.0011153315426781,550.956812,480.270977,7.0,180.0,-42.301559,-85.835487,-0.0,-19.158,-0.0,0.1121671497821807
0.2701974213123321,0.0006737969815731,0.0011410812148824,550.956812,480.270977,8.0,180.0,-42.301559,-85.835487,-0.0,-19.158,-0.0,0.1244513988494873
0.2184744328260421,0.0006805754965171,0.0010734323877841,550.956812,480.270977,9.0,180.0,-42.301559,-85.835487,-0.0,-19.158,-0.0,0.0987222492694854
0.2408749014139175,0.000648848421406,0.001048807054758,550.956812,480.270977,10.0,180.0,-42.301559,-85.835487,-0.0,-19.158,-0.0,0.1035217568278312
0.2388417869806289,0.0006015239632688,0.000958826218266,550.956812,480.270977,11.0,180.0,-42.301559,-85.835487,-0.0,-19.158,-0.0,0.1065588369965553
0.2341926395893097,0.0005219561280682,0.0008321666973643,550.956812,480.270977,12.0,180.0,-42.301559,-85.835487,-0.0,-19.158,-0.0,0.0865530222654342
0.2651625871658325,0.0005176868871785,0.000862933229655,550.956812,480.270977,13.0,180.0,-42.301559,-85.835487,-0.0,-19.158,-0.0,0.1242397874593734
0.2831571102142334,0.000388746644603,0.0006567803793586,550.956812,480.270977,14.0,180.0,-42.301559,-85.835487,-0.0,-19.158,-0.0,0.124590203166008
0.2568893730640411,0.0003352222556713,0.0005443049012683,550.956812,480.270977,15.0,180.0,-42.301559,-85.835487,-0.0,-19.158,-0.0,0.1128203570842742
0.2951622307300567,0.0003213295713067,0.0005397005588747,550.956812,480.270977,16.0,180.0,-42.301559,-85.835487,-0.0,-19.158,-0.0,0.1321692764759063
0.3204666376113891,0.0003270272281952,0.0005779999773949,550.956812,480.270977,17.0,180.0,-42.301559,-85.835487,-0.0,-19.158,-0.0,0.1529981940984726
0.2687054574489593,0.0002421612734906,0.0003909677034243,550.956812,480.270977,18.0,180.0,-42.301559,-85.835487,-0.0,-19.158,-0.0,0.1154294461011886
0.3052322268486023,0.0002258780732518,0.0003839752753265,550.956812,480.270977,19.0,180.0,-42.301559,-85.835487,-0.0,-19.158,-0.0,0.1364410370588302
0.2202408462762832,0.0007077744812704,0.0010969730792567,550.956812,480.270977,0.0,180.0,-42.301559,-85.835487,-0.0,-19.153,-0.0,0.0953823253512382
0.217571809887886,0.0006960945320315,0.0010822097538039,550.956812,480.270977,1.0,180.0,-42.301559,-85.835487,-0.0,-19.153,-0.0,0.0879237353801727
0.2362400889396667,0.0007886405219323,0.0012550592655315,550.956812,480.270977,2.0,180.0,-42.301559,-85.835487,-0.0,-19.153,-0.0,0.1141448244452476
0.2211010158061981,0.0007199125830084,0.0011180234141647,550.956812,480.270977,3.0,180.0,-42.301559,-85.835487,-0.0,-19.153,-0.0,0.0971564128994941
0.2376283109188079,0.0007298327982425,0.001163205015473,550.956812,480.270977,4.0,180.0,-42.301559,-85.835487,-0.0,-19.153,-0.0,0.1051852628588676
0.2333211153745651,0.0007325561600737,0.0011516833910718,550.956812,480.270977,5.0,180.0,-42.301559,-85.835487,-0.0,-19.153,-0.0,0.1014068573713302
0.2321659624576568,0.0006993803544901,0.0010963486274704,550.956812,480.270977,6.0,180.0,-42.301559,-85.835487,-0.0,-19.153,-0.0,0.1020715683698654
0.2153448313474655,0.0007497396436519,0.0011484703281894,550.956812,480.270977,7.0,180.0,-42.301559,-85.835487,-0.0,-19.153,-0.0,0.0989412367343902
0.2089625298976898,0.0006968666566535,0.0010633264901116,550.956812,480.270977,8.0,180.0,-42.301559,-85.835487,-0.0,-19.153,-0.0,0.0904344543814659
0.1887604892253875,0.000671601621434,0.0009870828362181,550.956812,480.270977,9.0,180.0,-42.301559,-85.835487,-0.0,-19.153,-0.0,0.079927809536457
0.2240634113550186,0.0006166305975057,0.0009489217191003,550.956812,480.270977,10.0,180.0,-42.301559,-85.835487,-0.0,-19.153,-0.0,0.096669502556324
0.2305314987897873,0.0005858781514689,0.0009161175694316,550.956812,480.270977,11.0,180.0,-42.301559,-85.835487,-0.0,-19.153,-0.0,0.1000727266073226
0.2423161715269088,0.0005650038365274,0.0008879092056304,550.956812,480.270977,12.0,180.0,-42.301559,-85.835487,-0.0,-19.153,-0.0,0.11558398604393
0.2539760768413543,0.0005394422914832,0.0008657932048663,550.956812,480.270977,13.0,180.0,-42.301559,-85.835487,-0.0,-19.153,-0.0,0.1131260618567466
0.200199469923973,0.0004875812446698,0.0007236658129841,550.956812,480.270977,14.0,180.0,-42.301559,-85.835487,-0.0,-19.153,-0.0,0.0937464982271194
0.2047589123249054,0.0004361313185654,0.0006476719863712,550.956812,480.270977,15.0,180.0,-42.301559,-85.835487,-0.0,-19.153,-0.0,0.0791966021060943
0.2614520192146301,0.0003569128457456,0.000570616684854,550.956812,480.270977,16.0,180.0,-42.301559,-85.835487,-0.0,-19.153,-0.0,0.1195081546902656
0.2601819932460785,0.0003216498589608,0.0005173372337594,550.956812,480.270977,17.0,180.0,-42.301559,-85.835487,-0.0,-19.153,-0.0,0.1162525936961174
0.2511981129646301,0.0002824907423928,0.0004474684537854,550.956812,480.270977,18.0,180.0,-42.301559,-85.835487,-0.0,-19.153,-0.0,0.1130384430289268
0.278480976819992,0.0002506668097339,0.0004135947965551,550.956812,480.270977,19.0,180.0,-42.301559,-85.835487,-0.0,-19.153,-0.0,0.129362091422081
0.2155546694993972,0.0006245227414183,0.0009639044292271,550.956812,480.270977,0.0,180.0,-42.301559,-85.835487,-0.0,-19.126,-0.0,0.0914710238575935
0.2078657895326614,0.0007264653686434,0.0011107840109616,550.956812,480.270977,1.0,180.0,-42.301559,-85.835487,-0.0,-19.126,-0.0,0.0892615094780922
0.2270638644695282,0.0007270483765751,0.0011399062350392,550.956812,480.270977,2.0,180.0,-42.301559,-85.835487,-0.0,-19.126,-0.0,0.1039631962776184
0.2234761863946914,0.0008041043765842,0.0012516465503722,550.956812,480.270977,3.0,180.0,-42.301559,-85.835487,-0.0,-19.126,-0.0,0.1043789684772491
0.2331103533506393,0.0006788670434616,0.0010629843454807,550.956812,480.270977,4.0,180.0,-42.301559,-85.835487,-0.0,-19.126,-0.0,0.103583924472332
0.2308768033981323,0.0007414037245325,0.0011670450912788,550.956812,480.270977,5.0,180.0,-42.301559,-85.835487,-0.0,-19.126,-0.0,0.1093152463436126
0.2030239850282669,0.0006721749086864,0.0010111900046467,550.956812,480.270977,6.0,180.0,-42.301559,-85.835487,-0.0,-19.126,-0.0,0.0893529504537582
0.2467555999755859,0.0007195807411335,0.0011523764114826,550.956812,480.270977,7.0,180.0,-42.301559,-85.835487,-0.0,-19.126,-0.0,0.1159951016306877
0.2499931901693344,0.0006750162574462,0.001080154092051,550.956812,480.270977,8.0,180.0,-42.301559,-85.835487,-0.0,-19.126,-0.0,0.1203737258911132
0.2211610674858093,0.0006869362550787,0.0010557032655924,550.956812,480.270977,9.0,180.0,-42.301559,-85.835487,-0.0,-19.126,-0.0,0.101545050740242
0.2478767782449722,0.0006787836318835,0.0010779059957712,550.956812,480.270977,10.0,180.0,-42.301559,-85.835487,-0.0,-19.126,-0.0,0.1187520623207092
0.2093778252601623,0.0005339000490494,0.0008112122886814,550.956812,480.270977,11.0,180.0,-42.301559,-85.835487,-0.0,-19.126,-0.0,0.0926775559782981
0.2187844067811966,0.0006114452844485,0.000935552350711,550.956812,480.270977,12.0,180.0,-42.301559,-85.835487,-0.0,-19.126,-0.0,0.1035391315817833
0.2467076480388641,0.0004883902147412,0.0007737347623333,550.956812,480.270977,13.0,180.0,-42.301559,-85.835487,-0.0,-19.126,-0.0,0.1071231588721275
0.2670536935329437,0.0004045360547024,0.0006514748674817,550.956812,480.270977,14.0,180.0,-42.301559,-85.835487,-0.0,-19.126,-0.0,0.1225170716643333
0.2653622329235077,0.0003962538321502,0.0006439125281758,550.956812,480.270977,15.0,180.0,-42.301559,-85.835487,-0.0,-19.126,-0.0,0.1262330114841461
0.184203952550888,0.0003968901582993,0.0005707370000891,550.956812,480.270977,16.0,180.0,-42.301559,-85.835487,-0.0,-19.126,-0.0,0.0848879888653755
0.1603575944900512,0.0003526389482431,0.0004828677338082,550.956812,480.270977,17.0,180.0,-42.301559,-85.835487,-0.0,-19.126,-0.0,0.0701570063829422
0.1629997789859771,0.0003249300352763,0.0004433973517734,550.956812,480.270977,18.0,180.0,-42.301559,-85.835487,-0.0,-19.126,-0.0,0.0757663324475288
0.231484979391098,0.0002672672562766,0.0004052851290907,550.956812,480.270977,19.0,180.0,-42.301559,-85.835487,-0.0,-19.126,-0.0,0.0945353135466575
0.207768440246582,0.0007358146249316,0.0011085096048191,550.956812,480.270977,0.0,180.0,-42.301559,-85.835487,-0.0,-19.089,-0.0,0.1110340505838394
0.1923925280570984,0.0007815661374479,0.0011573857627809,550.956812,480.270977,1.0,180.0,-42.301559,-85.835487,-0.0,-19.089,-0.0,0.0946078598499298
0.1833033710718155,0.0007027179235592,0.0010295703541487,550.956812,480.270977,2.0,180.0,-42.301559,-85.835487,-0.0,-19.089,-0.0,0.0918940380215644
0.1804032176733017,0.0007608460146002,0.0011032328475266,550.956812,480.270977,3.0,180.0,-42.301559,-85.835487,-0.0,-19.089,-0.0,0.0874608233571052
0.1915705800056457,0.0007986721466295,0.001172931632027,550.956812,480.270977,4.0,180.0,-42.301559,-85.835487,-0.0,-19.089,-0.0,0.094285137951374
0.1809668391942978,0.000801998830866,0.0011575514217838,550.956812,480.270977,5.0,180.0,-42.301559,-85.835487,-0.0,-19.089,-0.0,0.0800673589110374
0.1848881095647812,0.0007550938171334,0.0010850245598703,550.956812,480.270977,6.0,180.0,-42.301559,-85.835487,-0.0,-19.089,-0.0,0.0890514627099037
0.199690967798233,0.0008204577607102,0.0012112890835851,550.956812,480.270977,7.0,180.0,-42.301559,-85.835487,-0.0,-19.089,-0.0,0.0987602770328521
0.1776085048913955,0.0006856670952402,0.0009837730322033,550.956812,480.270977,8.0,180.0,-42.301559,-85.835487,-0.0,-19.089,-0.0,0.0911937654018402
0.1443061977624893,0.0006483729230239,0.0008895078208297,550.956812,480.270977,9.0,180.0,-42.301559,-85.835487,-0.0,-19.089,-0.0,0.060046911239624
0.1435509175062179,0.0006091799587011,0.0008288712706416,550.956812,480.270977,10.0,180.0,-42.301559,-85.835487,-0.0,-19.089,-0.0,0.0616443529725074
0.1913621872663498,0.0005916123045608,0.0008554878877475,550.956812,480.270977,11.0,180.0,-42.301559,-85.835487,-0.0,-19.089,-0.0,0.0883189588785171
0.1861032098531723,0.0007412310224026,0.0010752027155831,550.956812,480.270977,12.0,180.0,-42.301559,-85.835487,-0.0,-19.089,-0.0,0.0952734947204589
0.1969341039657592,0.0005679916939698,0.0008319943444803,550.956812,480.270977,13.0,180.0,-42.301559,-85.835487,-0.0,-19.089,-0.0,0.0989361703395843
0.2369341999292373,0.0004672384238801,0.0007138850050978,550.956812,480.270977,14.0,180.0,-42.301559,-85.835487,-0.0,-19.089,-0.0,0.115756519138813
0.2065868973731994,0.0004155781061854,0.0006081514293327,550.956812,480.270977,15.0,180.0,-42.301559,-85.835487,-0.0,-19.089,-0.0,0.0970496386289596
0.2164837718009948,0.0003556755546014,0.0005225467029958,550.956812,480.270977,16.0,180.0,-42.301559,-85.835487,-0.0,-19.089,-0.0,0.0956440195441246
0.240162655711174,0.0003277882933616,0.0005000805249437,550.956812,480.270977,17.0,180.0,-42.301559,-85.835487,-0.0,-19.089,-0.0,0.1071714386343956
0.2412292808294296,0.0003001210861839,0.0004573236510623,550.956812,480.270977,18.0,180.0,-42.301559,-85.835487,-0.0,-19.089,-0.0,0.1197468340396881
0.2043157517910003,0.000294455414405,0.0004251623176969,550.956812,480.270977,19.0,180.0,-42.301559,-85.835487,-0.0,-19.089,-0.0,0.0970246866345405
0.2159987688064575,0.0007859191391617,0.0011933285277336,550.956812,480.270977,0.0,180.0,-42.301559,-85.835487,-0.0,-19.077,-0.0,0.1159532144665718
0.2012738436460495,0.0007987006683833,0.0011874086922034,550.956812,480.270977,1.0,180.0,-42.301559,-85.835487,-0.0,-19.077,-0.0,0.1075101271271705
0.2169471234083175,0.0007815875578671,0.0011788988485932,550.956812,480.270977,2.0,180.0,-42.301559,-85.835487,-0.0,-19.077,-0.0,0.116042636334896
0.2122323215007782,0.0008343099034391,0.0012566000223159,550.956812,480.270977,3.0,180.0,-42.301559,-85.835487,-0.0,-19.077,-0.0,0.11335489153862
0.208501398563385,0.0007835855940356,0.0011726494412869,550.956812,480.270977,4.0,180.0,-42.301559,-85.835487,-0.0,-19.077,-0.0,0.1089438274502754
0.1943496912717819,0.0007793544209562,0.0011452584294602,550.956812,480.270977,5.0,180.0,-42.301559,-85.835487,-0.0,-19.077,-0.0,0.0959465056657791
0.1912127286195755,0.0007257089018821,0.0010592971229925,550.956812,480.270977,6.0,180.0,-42.301559,-85.835487,-0.0,-19.077,-0.0,0.0853679627180099
0.2228628098964691,0.0006975774304009,0.0010451293783262,550.956812,480.270977,7.0,180.0,-42.301559,-85.835487,-0.0,-19.077,-0.0,0.1034664139151573
0.227009579539299,0.0006895801634527,0.0010463534854352,550.956812,480.270977,8.0,180.0,-42.301559,-85.835487,-0.0,-19.077,-0.0,0.1121431142091751
0.2172591388225555,0.0007198897073976,0.001079170149751,550.956812,480.270977,9.0,180.0,-42.301559,-85.835487,-0.0,-19.077,-0.0,0.1108056083321571
0.1504324823617935,0.0006481627933681,0.0008929994655773,550.956812,480.270977,10.0,180.0,-42.301559,-85.835487,-0.0,-19.077,-0.0,0.0682071149349212
0.1792753189802169,0.0006029725191183,0.0008558155386708,550.956812,480.270977,11.0,180.0,-42.301559,-85.835487,-0.0,-19.077,-0.0,0.0733767449855804
0.1765353381633758,0.0005378143978305,0.0007652811473235,550.956812,480.270977,12.0,180.0,-42.301559,-85.835487,-0.0,-19.077,-0.0,0.0797286406159401
0.2037850618362426,0.0005680363392457,0.0008324933005496,550.956812,480.270977,13.0,180.0,-42.301559,-85.835487,-0.0,-19.077,-0.0,0.0967562869191169
0.1894711554050445,0.0004276098916307,0.0006059489678591,550.956812,480.270977,14.0,180.0,-42.301559,-85.835487,-0.0,-19.077,-0.0,0.0773009061813354
0.2149476408958435,0.000385957857361,0.0005714783328585,550.956812,480.270977,15.0,180.0,-42.301559,-85.835487,-0.0,-19.077,-0.0,0.0983232855796814
0.2032431960105896,0.0004198914393782,0.0006104354397393,550.956812,480.270977,16.0,180.0,-42.301559,-85.835487,-0.0,-19.077,-0.0,0.1013354659080505
0.2065514624118805,0.0003899072180502,0.0005715892184525,550.956812,480.270977,17.0,180.0,-42.301559,-85.835487,-0.0,-19.077,-0.0,0.1021568477153778
0.1932753920555114,0.0003121642803307,0.0004432921414263,550.956812,480.270977,18.0,180.0,-42.301559,-85.835487,-0.0,-19.077,-0.0,0.0890526995062828
0.21830914914608,0.0002997641568072,0.0004396045987959,550.956812,480.270977,19.0,180.0,-42.301559,-85.835487,-0.0,-19.077,-0.0,0.0929796770215034
0.1751050949096679,0.0006882979650981,0.0010185644496232,550.956812,480.270977,0.0,180.0,-42.301559,-85.835487,-0.0,-19.035,-0.0,0.0709315612912178
0.2450720220804214,0.0007238812977448,0.0011678026057779,550.956812,480.270977,1.0,180.0,-42.301559,-85.835487,-0.0,-19.035,-0.0,0.1188376024365425
0.2281570881605148,0.0007637285161763,0.0012024141615256,550.956812,480.270977,2.0,180.0,-42.301559,-85.835487,-0.0,-19.035,-0.0,0.1101631745696067
0.223590075969696,0.0007349181105382,0.0011508401948958,550.956812,480.270977,3.0,180.0,-42.301559,-85.835487,-0.0,-19.035,-0.0,0.0995866656303405
0.235976368188858,0.0007294067763723,0.001153826364316,550.956812,480.270977,4.0,180.0,-42.301559,-85.835487,-0.0,-19.035,-0.0,0.1136339157819747
0.2332134246826172,0.0008009598241187,0.0012601268244907,550.956812,480.270977,5.0,180.0,-42.301559,-85.835487,-0.0,-19.035,-0.0,0.1144997179508209
0.2161469608545303,0.0008282767375931,0.0012668940471485,550.956812,480.270977,6.0,180.0,-42.301559,-85.835487,-0.0,-19.035,-0.0,0.0986126363277435
0.2063241153955459,0.0007151965983211,0.0010761164594441,550.956812,480.270977,7.0,180.0,-42.301559,-85.835487,-0.0,-19.035,-0.0,0.0892853513360023
0.1792267262935638,0.0006490510422736,0.0009473197278566,550.956812,480.270977,8.0,180.0,-42.301559,-85.835487,-0.0,-19.035,-0.0,0.0697950273752212
0.2075838595628738,0.0005966613534837,0.0009117475128732,550.956812,480.270977,9.0,180.0,-42.301559,-85.835487,-0.0,-19.035,-0.0,0.0859175324440002
0.2345816045999527,0.0005827420973218,0.0009140199399553,550.956812,480.270977,10.0,180.0,-42.301559,-85.835487,-0.0,-19.035,-0.0,0.1056030839681625
0.2549185156822204,0.000557105988264,0.0008935178630053,550.956812,480.270977,11.0,180.0,-42.301559,-85.835487,-0.0,-19.035,-0.0,0.1138138696551323
0.248936265707016,0.0005226757493801,0.0008263154304586,550.956812,480.270977,12.0,180.0,-42.301559,-85.835487,-0.0,-19.035,-0.0,0.1154473721981048
0.2344955056905746,0.0005072620697319,0.0007848775130696,550.956812,480.270977,13.0,180.0,-42.301559,-85.835487,-0.0,-19.035,-0.0,0.1067848652601242
0.2303430587053299,0.0004424910002853,0.0006769381579943,550.956812,480.270977,14.0,180.0,-42.301559,-85.835487,-0.0,-19.035,-0.0,0.1079866588115692
0.2020184695720672,0.0004055601311847,0.000597532489337,550.956812,480.270977,15.0,180.0,-42.301559,-85.835487,-0.0,-19.035,-0.0,0.0827553197741508
0.2695885896682739,0.0003948775702156,0.0006405476015061,550.956812,480.270977,16.0,180.0,-42.301559,-85.835487,-0.0,-19.035,-0.0,0.1285209506750106
0.2189473956823349,0.0003788992762565,0.0005687706870958,550.956812,480.270977,17.0,180.0,-42.301559,-85.835487,-0.0,-19.035,-0.0,0.0996508970856666
0.2518630623817444,0.0003051287785638,0.0004777541325893,550.956812,480.270977,18.0,180.0,-42.301559,-85.835487,-0.0,-19.035,-0.0,0.11728435754776
0.2530781924724579,0.0002761542855296,0.0004327976785134,550.956812,480.270977,19.0,180.0,-42.301559,-85.835487,-0.0,-19.035,-0.0,0.1179313063621521
0.2432891875505447,0.0006768131279386,0.0010870653204619,550.956812,480.270977,0.0,180.0,-42.301559,-85.835487,-0.0,-19.03,-0.0,0.1175442039966583
0.2322148829698562,0.0007233485812321,0.0011411064770072,550.956812,480.270977,1.0,180.0,-42.301559,-85.835487,-0.0,-19.03,-0.0,0.1037743017077446
0.2378509491682052,0.0007689169142395,0.0012239261996001,550.956812,480.270977,2.0,180.0,-42.301559,-85.835487,-0.0,-19.03,-0.0,0.1184658035635948
0.2230158597230911,0.0007279876153916,0.0011342257494106,550.956812,480.270977,3.0,180.0,-42.301559,-85.835487,-0.0,-19.03,-0.0,0.0931107699871063
0.2375827431678772,0.0007059149211272,0.0011212594108656,550.956812,480.270977,4.0,180.0,-42.301559,-85.835487,-0.0,-19.03,-0.0,0.1147458627820015
0.2504781484603882,0.0007576258503831,0.0012166716624051,550.956812,480.270977,5.0,180.0,-42.301559,-85.835487,-0.0,-19.03,-0.0,0.125506654381752
0.2639316320419311,0.0006644598324783,0.0010800882009789,550.956812,480.270977,6.0,180.0,-42.301559,-85.835487,-0.0,-19.03,-0.0,0.1343055963516235
0.2583785355091095,0.0006583879003301,0.0010649891337379,550.956812,480.270977,7.0,180.0,-42.301559,-85.835487,-0.0,-19.03,-0.0,0.1225724965333938
0.2019838094711303,0.0006426149629987,0.0009632760193198,550.956812,480.270977,8.0,180.0,-42.301559,-85.835487,-0.0,-19.03,-0.0,0.0933180451393127
0.1802599281072616,0.0007001589401625,0.0010230870684608,550.956812,480.270977,9.0,180.0,-42.301559,-85.835487,-0.0,-19.03,-0.0,0.0734504237771034
0.2217094749212265,0.0006090882816351,0.0009332163026556,550.956812,480.270977,10.0,180.0,-42.301559,-85.835487,-0.0,-19.03,-0.0,0.0993192493915557
0.2195194214582443,0.0005623753531835,0.0008581219590269,550.956812,480.270977,11.0,180.0,-42.301559,-85.835487,-0.0,-19.03,-0.0,0.0934934988617897
0.2737493216991424,0.000504303490743,0.0008227430516853,550.956812,480.270977,12.0,180.0,-42.301559,-85.835487,-0.0,-19.03,-0.0,0.1222105398774147
0.2655640542507171,0.0004723679157905,0.0007557410863228,550.956812,480.270977,13.0,180.0,-42.301559,-85.835487,-0.0,-19.03,-0.0,0.1299785673618316
0.2349517941474914,0.0004124476399738,0.0006411354988813,550.956812,480.270977,14.0,180.0,-42.301559,-85.835487,-0.0,-19.03,-0.0,0.1001238748431205
0.2384732812643051,0.0004214545479044,0.0006535853608511,550.956812,480.270977,15.0,180.0,-42.301559,-85.835487,-0.0,-19.03,-0.0,0.1124816685914993
0.2714774012565613,0.0003807736211456,0.0006204517558217,550.956812,480.270977,16.0,180.0,-42.301559,-85.835487,-0.0,-19.03,-0.0,0.129282608628273
0.2376493662595749,0.0003740764514077,0.0005812459858134,550.956812,480.270977,17.0,180.0,-42.301559,-85.835487,-0.0,-19.03,-0.0,0.1079362481832504
0.2840428948402405,0.0002755273890215,0.0004550685698632,550.956812,480.270977,18.0,180.0,-42.301559,-85.835487,-0.0,-19.03,-0.0,0.1315665245056152
0.2361782044172287,0.0002641800383571,0.0004040881176479,550.956812,480.270977,19.0,180.0,-42.301559,-85.835487,-0.0,-19.03,-0.0,0.1089338138699531
0.2819443941116333,0.00061085348716,0.00103858159855,550.956812,480.270977,0.0,180.0,-42.301559,-85.835487,-0.0,-18.967,-0.0,0.1267389953136444
0.2548388242721557,0.0007582415710203,0.0012456222902983,550.956812,480.270977,1.0,180.0,-42.301559,-85.835487,-0.0,-18.967,-0.0,0.1284229755401611
0.2628268301486969,0.0007880399934947,0.0013060355558991,550.956812,480.270977,2.0,180.0,-42.301559,-85.835487,-0.0,-18.967,-0.0,0.1313274055719375
0.2297181636095047,0.0007911872817203,0.0012513358378782,550.956812,480.270977,3.0,180.0,-42.301559,-85.835487,-0.0,-18.967,-0.0,0.1093609929084777
0.2350680530071258,0.0007277972763404,0.0011507689487189,550.956812,480.270977,4.0,180.0,-42.301559,-85.835487,-0.0,-18.967,-0.0,0.1000620052218437
0.2096990644931793,0.0007056812755763,0.0010896014282479,550.956812,480.270977,5.0,180.0,-42.301559,-85.835487,-0.0,-18.967,-0.0,0.0919812694191932
0.2359809428453445,0.0007213410572148,0.001149077899754,550.956812,480.270977,6.0,180.0,-42.301559,-85.835487,-0.0,-18.967,-0.0,0.1014907136559486
0.2588636875152588,0.0007184786954894,0.0011707814410328,550.956812,480.270977,7.0,180.0,-42.301559,-85.835487,-0.0,-18.967,-0.0,0.1239839717745781
0.2614786922931671,0.0006848906632512,0.0011182567104697,550.956812,480.270977,8.0,180.0,-42.301559,-85.835487,-0.0,-18.967,-0.0,0.120576687157154
0.2254331707954406,0.0006499405717477,0.0010054846061393,550.956812,480.270977,9.0,180.0,-42.301559,-85.835487,-0.0,-18.967,-0.0,0.1007532030344009
0.2056571543216705,0.0005824379622936,0.0008828490972518,550.956812,480.270977,10.0,180.0,-42.301559,-85.835487,-0.0,-18.967,-0.0,0.0805762261152267
0.2249906510114669,0.0005720245535485,0.0008929021423682,550.956812,480.270977,11.0,180.0,-42.301559,-85.835487,-0.0,-18.967,-0.0,0.0958761423826217
0.2684366703033447,0.0005246620858088,0.0008624129695817,550.956812,480.270977,12.0,180.0,-42.301559,-85.835487,-0.0,-18.967,-0.0,0.1192429736256599
0.2517930269241333,0.000472864776384,0.0007621354889124,550.956812,480.270977,13.0,180.0,-42.301559,-85.835487,-0.0,-18.967,-0.0,0.1135853305459022
0.2466586530208587,0.0003643531817942,0.000580059364438,550.956812,480.270977,14.0,180.0,-42.301559,-85.835487,-0.0,-18.967,-0.0,0.1111431345343589
0.2358886152505874,0.0003790397604461,0.0005922692944295,550.956812,480.270977,15.0,180.0,-42.301559,-85.835487,-0.0,-18.967,-0.0,0.1052491664886474
0.278421014547348,0.0003338370879646,0.0005551379290409,550.956812,480.270977,16.0,180.0,-42.301559,-85.835487,-0.0,-18.967,-0.0,0.1299936175346374
0.2662454545497894,0.0003972799750044,0.0006448487984016,550.956812,480.270977,17.0,180.0,-42.301559,-85.835487,-0.0,-18.967,-0.0,0.123659111559391
0.2689798772335052,0.0003343739372212,0.0005467579467222,550.956812,480.270977,18.0,180.0,-42.301559,-85.835487,-0.0,-18.967,-0.0,0.1288597732782364
0.2847794890403747,0.0002771135477814,0.0004592476179823,550.956812,480.270977,19.0,180.0,-42.301559,-85.835487,-0.0,-18.967,-0.0,0.1333296298980713
0.2652462422847748,0.0006759366369806,0.0011304129147902,550.956812,480.270977,0.0,180.0,-42.301559,-85.835487,-0.0,-19.046,-0.0,0.1315235495567321
0.274711012840271,0.0006833053193986,0.0011497143423184,550.956812,480.270977,1.0,180.0,-42.301559,-85.835487,-0.0,-19.046,-0.0,0.1314815580844879
0.211814746260643,0.0006887623458169,0.0010783701436594,550.956812,480.270977,2.0,180.0,-42.301559,-85.835487,-0.0,-19.046,-0.0,0.0918259620666503
0.2579562366008758,0.0007496793405152,0.0012459247373044,550.956812,480.270977,3.0,180.0,-42.301559,-85.835487,-0.0,-19.046,-0.0,0.1230191141366958
0.2610958814620971,0.0007523740641772,0.0012459913268685,550.956812,480.270977,4.0,180.0,-42.301559,-85.835487,-0.0,-19.046,-0.0,0.1298195123672485
0.2716986536979675,0.0007283602608367,0.0012204805389046,550.956812,480.270977,5.0,180.0,-42.301559,-85.835487,-0.0,-19.046,-0.0,0.1295576840639114
0.2506051957607269,0.0007051194552332,0.0011490994365885,550.956812,480.270977,6.0,180.0,-42.301559,-85.835487,-0.0,-19.046,-0.0,0.1171906217932701
0.2333685159683227,0.0006851417711004,0.0010871402919292,550.956812,480.270977,7.0,180.0,-42.301559,-85.835487,-0.0,-19.046,-0.0,0.0990841090679168
0.2645606100559234,0.0007301263394765,0.0012060409644618,550.956812,480.270977,8.0,180.0,-42.301559,-85.835487,-0.0,-19.046,-0.0,0.1285551190376281
0.2588814496994018,0.0007253361982293,0.0011937826639041,550.956812,480.270977,9.0,180.0,-42.301559,-85.835487,-0.0,-19.046,-0.0,0.125517800450325
0.246647834777832,0.0006166084203869,0.0009895681869238,550.956812,480.270977,10.0,180.0,-42.301559,-85.835487,-0.0,-19.046,-0.0,0.113849364221096
0.2675443887710571,0.0005779967177659,0.0009574877331033,550.956812,480.270977,11.0,180.0,-42.301559,-85.835487,-0.0,-19.046,-0.0,0.1222970485687255
0.2366033047437667,0.0005345384124666,0.0008342275978066,550.956812,480.270977,12.0,180.0,-42.301559,-85.835487,-0.0,-19.046,-0.0,0.1077766790986061
0.2512428164482116,0.0005185353802517,0.0008313501020893,550.956812,480.270977,13.0,180.0,-42.301559,-85.835487,-0.0,-19.046,-0.0,0.118952639400959
0.2649737596511841,0.0004049726703669,0.0006584533839486,550.956812,480.270977,14.0,180.0,-42.301559,-85.835487,-0.0,-19.046,-0.0,0.1107370555400848
0.2893822193145752,0.0003569325781427,0.0005980907590128,550.956812,480.270977,15.0,180.0,-42.301559,-85.835487,-0.0,-19.046,-0.0,0.1330337971448898
0.3237050771713257,0.0003217206103727,0.0005689600366167,550.956812,480.270977,16.0,180.0,-42.301559,-85.835487,-0.0,-19.046,-0.0,0.1442096382379531
0.3072222173213959,0.000265649810899,0.0004586331488098,550.956812,480.270977,17.0,180.0,-42.301559,-85.835487,-0.0,-19.046,-0.0,0.1400781422853469
0.271007776260376,0.0002884552231989,0.0004649286274798,550.956812,480.270977,18.0,180.0,-42.301559,-85.835487,-0.0,-19.046,-0.0,0.1265507191419601
0.2879099249839782,0.0002765784738585,0.0004632076306734,550.956812,480.270977,19.0,180.0,-42.301559,-85.835487,-0.0,-19.046,-0.0,0.13999804854393
0.285736083984375,0.0006310833850875,0.0011002250248566,550.956812,480.270977,0.0,180.0,-42.301559,-85.835487,0.0,-19.023,-0.0,0.1317409723997116
0.2578230798244476,0.000712274631951,0.0011980202980339,550.956812,480.270977,1.0,180.0,-42.301559,-85.835487,0.0,-19.023,-0.0,0.1147521808743476
0.2622867524623871,0.0006249687867239,0.0010381449246779,550.956812,480.270977,2.0,180.0,-42.301559,-85.835487,0.0,-19.023,-0.0,0.1077182739973068
0.2501713633537292,0.0006729258457198,0.0011189162032678,550.956812,480.270977,3.0,180.0,-42.301559,-85.835487,0.0,-19.023,-0.0,0.1060151755809784
0.2219402343034744,0.0007162595284171,0.0011352126020938,550.956812,480.270977,4.0,180.0,-42.301559,-85.835487,0.0,-19.023,-0.0,0.0966994315385818
0.2651879787445068,0.0006546308286488,0.0010941085638478,550.956812,480.270977,5.0,180.0,-42.301559,-85.835487,0.0,-19.023,-0.0,0.1191464364528656
0.2681137025356293,0.0006876804400235,0.0011511568445712,550.956812,480.270977,6.0,180.0,-42.301559,-85.835487,0.0,-19.023,-0.0,0.1146964579820633
0.2641128599643707,0.0006766026490367,0.0011307443492114,550.956812,480.270977,7.0,180.0,-42.301559,-85.835487,0.0,-19.023,-0.0,0.1281659454107284
0.2309216260910034,0.0006974232965148,0.0011131671490147,550.956812,480.270977,8.0,180.0,-42.301559,-85.835487,0.0,-19.023,-0.0,0.101223737001419
0.2493485957384109,0.0006887069321237,0.0011359648779034,550.956812,480.270977,9.0,180.0,-42.301559,-85.835487,0.0,-19.023,-0.0,0.1107183098793029
0.2348640114068985,0.0005969402845948,0.0009470374207012,550.956812,480.270977,10.0,180.0,-42.301559,-85.835487,0.0,-19.023,-0.0,0.1012576594948768
0.2418232709169387,0.0005565820029005,0.0009011695510707,550.956812,480.270977,11.0,180.0,-42.301559,-85.835487,0.0,-19.023,-0.0,0.1083737537264823
0.2657733857631683,0.0005547947366721,0.0009322060504928,550.956812,480.270977,12.0,180.0,-42.301559,-85.835487,0.0,-19.023,-0.0,0.1259957700967788
0.2417196631431579,0.0004610471660271,0.0007441908237524,550.956812,480.270977,13.0,180.0,-42.301559,-85.835487,0.0,-19.023,-0.0,0.114695206284523
0.2878423631191253,0.000397222203901,0.0006773109198547,550.956812,480.270977,14.0,180.0,-42.301559,-85.835487,0.0,-19.023,-0.0,0.1270354688167572
0.2920508980751037,0.0003597540489863,0.0006132838898338,550.956812,480.270977,15.0,180.0,-42.301559,-85.835487,0.0,-19.023,-0.0,0.1281087547540664
0.2383681833744049,0.0003580207412596,0.0005777293117716,550.956812,480.270977,16.0,180.0,-42.301559,-85.835487,0.0,-19.023,-0.0,0.1076151430606842
0.3133218288421631,0.0003430776996538,0.0006009007338434,550.956812,480.270977,17.0,180.0,-42.301559,-85.835487,0.0,-19.023,-0.0,0.1502328366041183
0.3286011219024658,0.0003057323629036,0.0005494210636243,550.956812,480.270977,18.0,180.0,-42.301559,-85.835487,0.0,-19.023,-0.0,0.1611952632665634
0.2908643782138824,0.0002333810552954,0.0003944119089283,550.956812,480.270977,19.0,180.0,-42.301559,-85.835487,0.0,-19.023,-0.0,0.1341797411441803
0.2775522768497467,0.000678917451296,0.0011642754543572,550.956812,480.270977,0.0,180.0,-42.301559,-85.835487,-0.0,-18.924,-0.0,0.134583294391632
0.2749601006507873,0.0005930760526098,0.0010164499981328,550.956812,480.270977,1.0,180.0,-42.301559,-85.835487,-0.0,-18.924,-0.0,0.122913509607315
0.2614088058471679,0.0007224300643429,0.0012115598656237,550.956812,480.270977,2.0,180.0,-42.301559,-85.835487,-0.0,-18.924,-0.0,0.1155842244625091
0.2656782567501068,0.0007008939865045,0.001181190367788,550.956812,480.270977,3.0,180.0,-42.301559,-85.835487,-0.0,-18.924,-0.0,0.1116177588701248
0.2679038941860199,0.000745257420931,0.0012599675683304,550.956812,480.270977,4.0,180.0,-42.301559,-85.835487,-0.0,-18.924,-0.0,0.1244981065392494
0.2261267900466919,0.0007243842701427,0.0011512681376188,550.956812,480.270977,5.0,180.0,-42.301559,-85.835487,-0.0,-18.924,-0.0,0.0910225659608841
0.2503317892551422,0.0006413536029867,0.0010458542965352,550.956812,480.270977,6.0,180.0,-42.301559,-85.835487,-0.0,-18.924,-0.0,0.1039718091487884
0.2441745400428772,0.0006568914395757,0.0010763554600998,550.956812,480.270977,7.0,180.0,-42.301559,-85.835487,-0.0,-18.924,-0.0,0.1051526963710784
0.2632616758346557,0.0006223307573236,0.001027476741001,550.956812,480.270977,8.0,180.0,-42.301559,-85.835487,-0.0,-18.924,-0.0,0.1129038780927658
0.2613812983036041,0.000664313789457,0.0011025971034541,550.956812,480.270977,9.0,180.0,-42.301559,-85.835487,-0.0,-18.924,-0.0,0.1203442886471748
0.2302148938179016,0.0005983995506539,0.0009424817399121,550.956812,480.270977,10.0,180.0,-42.301559,-85.835487,-0.0,-18.924,-0.0,0.0948721691966056
0.2143658846616745,0.0005156934494152,0.0007954327738843,550.956812,480.270977,11.0,180.0,-42.301559,-85.835487,-0.0,-18.924,-0.0,0.088398590683937
0.2120021879673004,0.0005122376023791,0.0007901844219304,550.956812,480.270977,12.0,180.0,-42.301559,-85.835487,-0.0,-18.924,-0.0,0.0866922736167907
0.2574933767318725,0.0005037763621658,0.0008243930060416,550.956812,480.270977,13.0,180.0,-42.301559,-85.835487,-0.0,-18.924,-0.0,0.1072488501667976
0.261301189661026,0.0003920562448911,0.0006442432058975,550.956812,480.270977,14.0,180.0,-42.301559,-85.835487,-0.0,-18.924,-0.0,0.1135786995291709
0.2775730788707733,0.0003324013960082,0.0005514898803085,550.956812,480.270977,15.0,180.0,-42.301559,-85.835487,-0.0,-18.924,-0.0,0.1174433454871177
0.299627274274826,0.0003477481659501,0.0006030810764059,550.956812,480.270977,16.0,180.0,-42.301559,-85.835487,-0.0,-18.924,-0.0,0.1408467441797256
0.2694902420043945,0.0003301827528048,0.0005401897942647,550.956812,480.270977,17.0,180.0,-42.301559,-85.835487,-0.0,-18.924,-0.0,0.1248412355780601
0.3114049136638641,0.0002749819250311,0.0004815331776626,550.956812,480.270977,18.0,180.0,-42.301559,-85.835487,-0.0,-18.924,-0.0,0.1424713432788849
0.3091316223144531,0.0002238368469988,0.0003890577645506,550.956812,480.270977,19.0,180.0,-42.301559,-85.835487,-0.0,-18.924,-0.0,0.1403297036886215
0.2829668819904327,0.0006358006503432,0.001097502070479,550.956812,480.270977,0.0,180.0,-42.301559,-85.835487,-0.0,-18.949,-0.0,0.1288630217313766
0.2623960375785827,0.0006849093479104,0.0011477228254079,550.956812,480.270977,1.0,180.0,-42.301559,-85.835487,-0.0,-18.949,-0.0,0.1117171123623848
0.2785557508468628,0.0007434248109348,0.0012661385117098,550.956812,480.270977,2.0,180.0,-42.301559,-85.835487,-0.0,-18.949,-0.0,0.1289247870445251
0.2570899724960327,0.0006742004188708,0.0011173353996127,550.956812,480.270977,3.0,180.0,-42.301559,-85.835487,-0.0,-18.949,-0.0,0.1073068305850029
0.2471025437116623,0.0007569809095002,0.0012394923251122,550.956812,480.270977,4.0,180.0,-42.301559,-85.835487,-0.0,-18.949,-0.0,0.1127839088439941
0.2525056004524231,0.0007105572731234,0.001163218403235,550.956812,480.270977,5.0,180.0,-42.301559,-85.835487,-0.0,-18.949,-0.0,0.1071725860238075
0.2033127248287201,0.0006727068102918,0.0010356134735047,550.956812,480.270977,6.0,180.0,-42.301559,-85.835487,-0.0,-18.949,-0.0,0.0869498252868652
0.2585057020187378,0.0007281202124431,0.0012153766583651,550.956812,480.270977,7.0,180.0,-42.301559,-85.835487,-0.0,-18.949,-0.0,0.1138563826680183
0.2694355547428131,0.0006175655871629,0.0010350523516535,550.956812,480.270977,8.0,180.0,-42.301559,-85.835487,-0.0,-18.949,-0.0,0.1132560148835182
0.2565959990024566,0.0006563143688254,0.0010933849262073,550.956812,480.270977,9.0,180.0,-42.301559,-85.835487,-0.0,-18.949,-0.0,0.1133899316191673
0.223668485879898,0.0005327867111191,0.0008394196629524,550.956812,480.270977,10.0,180.0,-42.301559,-85.835487,-0.0,-18.949,-0.0,0.0944378450512886
0.2730287611484527,0.0005051856278441,0.0008460376993753,550.956812,480.270977,11.0,180.0,-42.301559,-85.835487,-0.0,-18.949,-0.0,0.1236592680215835
0.2655933499336242,0.0005132233491167,0.0008503151475451,550.956812,480.270977,12.0,180.0,-42.301559,-85.835487,-0.0,-18.949,-0.0,0.1166009679436683
0.2670629620552063,0.000400754972361,0.0006601439672522,550.956812,480.270977,13.0,180.0,-42.301559,-85.835487,-0.0,-18.949,-0.0,0.1102260202169418
0.2652528285980224,0.0004117201897315,0.0006747804582118,550.956812,480.270977,14.0,180.0,-42.301559,-85.835487,-0.0,-18.949,-0.0,0.1178417950868606
0.2535359561443329,0.000390780653106,0.0006331529002636,550.956812,480.270977,15.0,180.0,-42.301559,-85.835487,-0.0,-18.949,-0.0,0.1126009821891784
0.2584446370601654,0.0003518369339872,0.0005700076580978,550.956812,480.270977,16.0,180.0,-42.301559,-85.835487,-0.0,-18.949,-0.0,0.1159765645861625
0.2190073728561401,0.0002989689819514,0.0004539842484518,550.956812,480.270977,17.0,180.0,-42.301559,-85.835487,-0.0,-18.949,-0.0,0.094845712184906
0.2857362031936645,0.0002971678914036,0.0005000951932743,550.956812,480.270977,18.0,180.0,-42.301559,-85.835487,-0.0,-18.949,-0.0,0.1345842331647873
0.2961894571781158,0.0002510268241167,0.0004327341157477,550.956812,480.270977,19.0,180.0,-42.301559,-85.835487,-0.0,-18.949,-0.0,0.1340646594762802
0.2589459717273712,0.0006056004203855,0.001005959464237,550.956812,480.270977,0.0,180.0,-42.301559,-85.835487,-0.0,-18.91,-0.0,0.1191296949982643
0.2565692067146301,0.0007146787829697,0.0011865197448059,550.956812,480.270977,1.0,180.0,-42.301559,-85.835487,-0.0,-18.91,-0.0,0.1171451359987258
0.2283099293708801,0.0007490491843782,0.0011898927623406,550.956812,480.270977,2.0,180.0,-42.301559,-85.835487,-0.0,-18.91,-0.0,0.1133595779538154
0.2177553325891494,0.0007554432959295,0.0011786420363932,550.956812,480.270977,3.0,180.0,-42.301559,-85.835487,-0.0,-18.91,-0.0,0.0959132760763168
0.1744119822978973,0.0007442621863447,0.0010896502062678,550.956812,480.270977,4.0,180.0,-42.301559,-85.835487,-0.0,-18.91,-0.0,0.061713121831417
0.2200368493795395,0.0007394643034785,0.0011581531725823,550.956812,480.270977,5.0,180.0,-42.301559,-85.835487,-0.0,-18.91,-0.0,0.0884036719799041
0.1924681812524795,0.0007004788494668,0.0010530619183555,550.956812,480.270977,6.0,180.0,-42.301559,-85.835487,-0.0,-18.91,-0.0,0.06813795119524
0.2331332564353943,0.000757115019951,0.0012044943869113,550.956812,480.270977,7.0,180.0,-42.301559,-85.835487,-0.0,-18.91,-0.0,0.1010693162679672
0.219126895070076,0.0007124138064682,0.0011114247608929,550.956812,480.270977,8.0,180.0,-42.301559,-85.835487,-0.0,-18.91,-0.0,0.1036437973380088
0.2431216388940811,0.0006346260779537,0.0010139856021851,550.956812,480.270977,9.0,180.0,-42.301559,-85.835487,-0.0,-18.91,-0.0,0.1079058051109314
0.2581750750541687,0.0006715802592225,0.0010885105002671,550.956812,480.270977,10.0,180.0,-42.301559,-85.835487,-0.0,-18.91,-0.0,0.1178406178951263
0.2164865285158157,0.0005833237664774,0.0009015263640321,550.956812,480.270977,11.0,180.0,-42.301559,-85.835487,-0.0,-18.91,-0.0,0.0985738858580589
0.2131780236959457,0.0005893481429666,0.0008928092429414,550.956812,480.270977,12.0,180.0,-42.301559,-85.835487,-0.0,-18.91,-0.0,0.0953006371855735
0.1997873187065124,0.0004783195618074,0.0007026290986686,550.956812,480.270977,13.0,180.0,-42.301559,-85.835487,-0.0,-18.91,-0.0,0.0783924683928489
0.2477553486824035,0.0005426906282082,0.0008644579211249,550.956812,480.270977,14.0,180.0,-42.301559,-85.835487,-0.0,-18.91,-0.0,0.1124972328543663
0.2375745773315429,0.0004629309405572,0.0007317590643651,550.956812,480.270977,15.0,180.0,-42.301559,-85.835487,-0.0,-18.91,-0.0,0.1073001101613044
0.2514110207557678,0.0003829929919447,0.0006080864113755,550.956812,480.270977,16.0,180.0,-42.301559,-85.835487,-0.0,-18.91,-0.0,0.1147636771202087
0.2673161625862121,0.0003277395153418,0.0005345722893252,550.956812,480.270977,17.0,180.0,-42.301559,-85.835487,-0.0,-18.91,-0.0,0.1212525963783264
0.2158785611391067,0.0003081867762375,0.0004645635199267,550.956812,480.270977,18.0,180.0,-42.301559,-85.835487,-0.0,-18.91,-0.0,0.0993142575025558
0.2748917639255523,0.0002352812152821,0.0003848033375106,550.956812,480.270977,19.0,180.0,-42.301559,-85.835487,-0.0,-18.91,-0.0,0.119173839688301
0.2376317977905273,0.0006672652089037,0.001079884939827,550.956812,480.270977,0.0,180.0,-42.301559,-85.835487,-0.0,-18.92,-0.0,0.1036903113126754
0.2530683875083923,0.0007561822421848,0.0012441467260941,550.956812,480.270977,1.0,180.0,-42.301559,-85.835487,-0.0,-18.92,-0.0,0.1264628171920776
0.2434547394514084,0.0007824717322364,0.0012658956693485,550.956812,480.270977,2.0,180.0,-42.301559,-85.835487,-0.0,-18.92,-0.0,0.1115358993411064
0.2457402348518371,0.0007320521981455,0.0011864542029798,550.956812,480.270977,3.0,180.0,-42.301559,-85.835487,-0.0,-18.92,-0.0,0.1081637442111969
0.2497357130050659,0.0008072213968262,0.0013121261727064,550.956812,480.270977,4.0,180.0,-42.301559,-85.835487,-0.0,-18.92,-0.0,0.1244927048683166
0.2451144456863403,0.0008093869546428,0.0013070807326585,550.956812,480.270977,5.0,180.0,-42.301559,-85.835487,-0.0,-18.92,-0.0,0.1112800389528274
0.2148878127336502,0.0007890691631473,0.0012217244366183,550.956812,480.270977,6.0,180.0,-42.301559,-85.835487,-0.0,-18.92,-0.0,0.0960095152258873
0.2010273784399032,0.00077610835433,0.0011757225729525,550.956812,480.270977,7.0,180.0,-42.301559,-85.835487,-0.0,-18.92,-0.0,0.0911340713500976
0.187661662697792,0.0006906292401254,0.0010256238747388,550.956812,480.270977,8.0,180.0,-42.301559,-85.835487,-0.0,-18.92,-0.0,0.0681406259536743
0.2335521727800369,0.0007134330226108,0.0011278362944722,550.956812,480.270977,9.0,180.0,-42.301559,-85.835487,-0.0,-18.92,-0.0,0.1089261621236801
0.2135398536920547,0.000615895667579,0.0009465154726058,550.956812,480.270977,10.0,180.0,-42.301559,-85.835487,-0.0,-18.92,-0.0,0.0874841883778572
0.2194992899894714,0.0005357571062631,0.0008232532418332,550.956812,480.270977,11.0,180.0,-42.301559,-85.835487,-0.0,-18.92,-0.0,0.0971080884337425
0.2098550647497177,0.0005222720792517,0.0007950176368467,550.956812,480.270977,12.0,180.0,-42.301559,-85.835487,-0.0,-18.92,-0.0,0.087146870791912
0.2332742661237716,0.0005004812264814,0.0007876421441324,550.956812,480.270977,13.0,180.0,-42.301559,-85.835487,-0.0,-18.92,-0.0,0.1063650324940681
0.2555471360683441,0.0005312333232723,0.0008597256382927,550.956812,480.270977,14.0,180.0,-42.301559,-85.835487,-0.0,-18.92,-0.0,0.1215121448040008
0.2261163145303726,0.0004182723059784,0.0006434933748096,550.956812,480.270977,15.0,180.0,-42.301559,-85.835487,-0.0,-18.92,-0.0,0.1017261669039726
0.2851336002349853,0.0003279029915574,0.00054364989046,550.956812,480.270977,16.0,180.0,-42.301559,-85.835487,-0.0,-18.92,-0.0,0.1288035213947296
0.2941450178623199,0.0002901437983382,0.0004866102826781,550.956812,480.270977,17.0,180.0,-42.301559,-85.835487,-0.0,-18.92,-0.0,0.1355328857898712
0.3192446827888489,0.0002377545461058,0.0004143691912759,550.956812,480.270977,18.0,180.0,-42.301559,-85.835487,-0.0,-18.92,-0.0,0.1390970051288604
0.2741571366786957,0.0002529722696635,0.0004136901989113,550.956812,480.270977,19.0,180.0,-42.301559,-85.835487,-0.0,-18.92,-0.0,0.1309114247560501
0.1974076479673385,0.0007740081637166,0.0011401909869164,550.956812,480.270977,0.0,180.0,-42.301559,-85.835487,-0.0,-18.954,-0.0,0.1070619970560073
0.1848112940788269,0.0007782357861287,0.0011208449723199,550.956812,480.270977,1.0,180.0,-42.301559,-85.835487,-0.0,-18.954,-0.0,0.0994064435362815
0.1553771346807479,0.0008708871901035,0.0012103680055588,550.956812,480.270977,2.0,180.0,-42.301559,-85.835487,-0.0,-18.954,-0.0,0.0679564625024795
0.1691613644361496,0.0007338800933212,0.0010280174901708,550.956812,480.270977,3.0,180.0,-42.301559,-85.835487,-0.0,-18.954,-0.0,0.0740090236067771
0.1776245534420013,0.000763677235227,0.0010934829479083,550.956812,480.270977,4.0,180.0,-42.301559,-85.835487,-0.0,-18.954,-0.0,0.0889835357666015
0.1921619176864624,0.0008175696711987,0.0011823667446151,550.956812,480.270977,5.0,180.0,-42.301559,-85.835487,-0.0,-18.954,-0.0,0.1020061671733856
0.1884033232927322,0.0007977080531418,0.0011502194683998,550.956812,480.270977,6.0,180.0,-42.301559,-85.835487,-0.0,-18.954,-0.0,0.0981669798493385
0.1766066402196884,0.0008422720711678,0.0011914572678506,550.956812,480.270977,7.0,180.0,-42.301559,-85.835487,-0.0,-18.954,-0.0,0.0958644226193428
0.1761717349290847,0.0007582295220345,0.0010636505903676,550.956812,480.270977,8.0,180.0,-42.301559,-85.835487,-0.0,-18.954,-0.0,0.0841759592294693
0.1630908995866775,0.0007451151032,0.0010407401714473,550.956812,480.270977,9.0,180.0,-42.301559,-85.835487,-0.0,-18.954,-0.0,0.0819869339466095
0.1391496211290359,0.0006680151564069,0.0009014467941597,550.956812,480.270977,10.0,180.0,-42.301559,-85.835487,-0.0,-18.954,-0.0,0.0603385306894779
0.139778658747673,0.0005560896242968,0.000746528035961,550.956812,480.270977,11.0,180.0,-42.301559,-85.835487,-0.0,-18.954,-0.0,0.0541593842208385
0.2099604457616806,0.0005734498263336,0.0008434049668721,550.956812,480.270977,12.0,180.0,-42.301559,-85.835487,-0.0,-18.954,-0.0,0.1014238744974136
0.2090447098016739,0.000542527239304,0.0007925522513687,550.956812,480.270977,13.0,180.0,-42.301559,-85.835487,-0.0,-18.954,-0.0,0.1002634614706039
0.177978366613388,0.0005134882521815,0.0007210213807411,550.956812,480.270977,14.0,180.0,-42.301559,-85.835487,-0.0,-18.954,-0.0,0.0801753401756286
0.2194398492574691,0.0004119109071325,0.0006051110685802,550.956812,480.270977,15.0,180.0,-42.301559,-85.835487,-0.0,-18.954,-0.0,0.0988966822624206
0.1982170045375824,0.0003510792448651,0.0004972885362803,550.956812,480.270977,16.0,180.0,-42.301559,-85.835487,-0.0,-18.954,-0.0,0.0949940383434295
0.188795655965805,0.0003555075963959,0.0004995860508643,550.956812,480.270977,17.0,180.0,-42.301559,-85.835487,-0.0,-18.954,-0.0,0.0909813344478607
0.2249644845724105,0.0002970675996039,0.0004363718617241,550.956812,480.270977,18.0,180.0,-42.301559,-85.835487,-0.0,-18.954,-0.0,0.1080188080668449
0.2376820743083953,0.0002892671327572,0.000431068096077,550.956812,480.270977,19.0,180.0,-42.301559,-85.835487,-0.0,-18.954,-0.0,0.1095643043518066
0.1907136887311935,0.00078171340283,0.001137257553637,550.956812,480.270977,0.0,180.0,-42.301559,-85.835487,-0.0,-18.932,-0.0,0.1047013774514198
0.1767507791519165,0.0007483511581085,0.0010602244874462,550.956812,480.270977,1.0,180.0,-42.301559,-85.835487,-0.0,-18.932,-0.0,0.0835199728608131
0.1869878023862838,0.0008564498857595,0.0012320566456764,550.956812,480.270977,2.0,180.0,-42.301559,-85.835487,-0.0,-18.932,-0.0,0.0980108380317688
0.1788837760686874,0.0008327470859512,0.0011809604475274,550.956812,480.270977,3.0,180.0,-42.301559,-85.835487,-0.0,-18.932,-0.0,0.0871142670512199
0.1875717490911483,0.0008407913264818,0.0012096867430955,550.956812,480.270977,4.0,180.0,-42.301559,-85.835487,-0.0,-18.932,-0.0,0.0980261787772178
0.1949733793735504,0.0008424315601587,0.001225208165124,550.956812,480.270977,5.0,180.0,-42.301559,-85.835487,-0.0,-18.932,-0.0,0.101565383374691
0.1708205789327621,0.0007863263017497,0.0011000941740348,550.956812,480.270977,6.0,180.0,-42.301559,-85.835487,-0.0,-18.932,-0.0,0.0844906270503997
0.1881477683782577,0.0008491166518069,0.0012210613349452,550.956812,480.270977,7.0,180.0,-42.301559,-85.835487,-0.0,-18.932,-0.0,0.094372421503067
0.1340210884809494,0.0006785788573324,0.0008964613662101,550.956812,480.270977,8.0,180.0,-42.301559,-85.835487,-0.0,-18.932,-0.0,0.0584989972412586
0.1519451588392257,0.0006669590366072,0.0008975980454124,550.956812,480.270977,9.0,180.0,-42.301559,-85.835487,-0.0,-18.932,-0.0,0.0646074786782264
0.167574867606163,0.0006471683154813,0.0008977380930446,550.956812,480.270977,10.0,180.0,-42.301559,-85.835487,-0.0,-18.932,-0.0,0.0766059160232544
0.1944259256124496,0.0005716104060411,0.0008192749228328,550.956812,480.270977,11.0,180.0,-42.301559,-85.835487,-0.0,-18.932,-0.0,0.0895246788859367
0.2046743035316467,0.000486094126245,0.0007003028877079,550.956812,480.270977,12.0,180.0,-42.301559,-85.835487,-0.0,-18.932,-0.0,0.0935243070125579
0.2233640253543853,0.0004402902850415,0.0006470527732744,550.956812,480.270977,13.0,180.0,-42.301559,-85.835487,-0.0,-18.932,-0.0,0.1008360981941223
0.2002992182970047,0.000427708029747,0.0006137414020486,550.956812,480.270977,14.0,180.0,-42.301559,-85.835487,-0.0,-18.932,-0.0,0.0949313193559646
0.1737748086452484,0.0004293920937925,0.0005888698506169,550.956812,480.270977,15.0,180.0,-42.301559,-85.835487,-0.0,-18.932,-0.0,0.0724076479673385
0.2091583609580993,0.0004095189506188,0.0005905961152166,550.956812,480.270977,16.0,180.0,-42.301559,-85.835487,-0.0,-18.932,-0.0,0.0998161137104034
0.2213611602783203,0.0003659366047941,0.0005348732811398,550.956812,480.270977,17.0,180.0,-42.301559,-85.835487,-0.0,-18.932,-0.0,0.1069645285606384
0.2212491184473037,0.0003261365345679,0.0004706622275989,550.956812,480.270977,18.0,180.0,-42.301559,-85.835487,-0.0,-18.932,-0.0,0.1021422743797302
0.2162526249885559,0.0002765000972431,0.0003993057471234,550.956812,480.270977,19.0,180.0,-42.301559,-85.835487,-0.0,-18.932,-0.0,0.1014818176627159
0.2359299212694168,0.0006858198321424,0.0010885708034038,550.956812,480.270977,0.0,180.0,-42.301559,-85.835487,-0.0,-18.921,-0.0,0.1146521568298339
0.240504115819931,0.0007551499293185,0.001203641644679,550.956812,480.270977,1.0,180.0,-42.301559,-85.835487,-0.0,-18.921,-0.0,0.1235043555498123
0.22868612408638,0.0007331140222959,0.0011550092604011,550.956812,480.270977,2.0,180.0,-42.301559,-85.835487,-0.0,-18.921,-0.0,0.1097703203558921
0.2242453396320343,0.0008009102893993,0.0012450863141566,550.956812,480.270977,3.0,180.0,-42.301559,-85.835487,-0.0,-18.921,-0.0,0.1147199943661689
0.2200340628623962,0.0008618177380412,0.0013293281663209,550.956812,480.270977,4.0,180.0,-42.301559,-85.835487,-0.0,-18.921,-0.0,0.1133832484483718
0.2219562530517578,0.0007102037779986,0.0010859390022233,550.956812,480.270977,5.0,180.0,-42.301559,-85.835487,-0.0,-18.921,-0.0,0.1027284786105156
0.2148521095514297,0.0006989613175392,0.0010595185449346,550.956812,480.270977,6.0,180.0,-42.301559,-85.835487,-0.0,-18.921,-0.0,0.1004163920879364
0.2076750993728637,0.0007251751376315,0.001088568707928,550.956812,480.270977,7.0,180.0,-42.301559,-85.835487,-0.0,-18.921,-0.0,0.1008049696683883
0.1956721097230911,0.0007225440931506,0.0010705665918067,550.956812,480.270977,8.0,180.0,-42.301559,-85.835487,-0.0,-18.921,-0.0,0.0870268270373344
0.2140492051839828,0.0007654526853002,0.0011650839587673,550.956812,480.270977,9.0,180.0,-42.301559,-85.835487,-0.0,-18.921,-0.0,0.0999687984585762
0.2085101753473281,0.0006475290865637,0.0009717317880131,550.956812,480.270977,10.0,180.0,-42.301559,-85.835487,-0.0,-18.921,-0.0,0.0932244807481765
0.2312075793743133,0.0006140680634416,0.0009515033452771,550.956812,480.270977,11.0,180.0,-42.301559,-85.835487,-0.0,-18.921,-0.0,0.1092757806181907
0.2435687184333801,0.000543767819181,0.0008558199042454,550.956812,480.270977,12.0,180.0,-42.301559,-85.835487,-0.0,-18.921,-0.0,0.1143656149506568
0.2212345898151397,0.0004565994313452,0.0006947421934455,550.956812,480.270977,13.0,180.0,-42.301559,-85.835487,-0.0,-18.921,-0.0,0.1047461479902267
0.2386671602725982,0.0005024844431318,0.0007847206434234,550.956812,480.270977,14.0,180.0,-42.301559,-85.835487,-0.0,-18.921,-0.0,0.1143076866865158
0.2058654278516769,0.0004369394446257,0.00064310466405,550.956812,480.270977,15.0,180.0,-42.301559,-85.835487,-0.0,-18.921,-0.0,0.0940405875444412
0.2486974000930786,0.0003602708457037,0.0005603699246421,550.956812,480.270977,16.0,180.0,-42.301559,-85.835487,-0.0,-18.921,-0.0,0.1113241389393806
0.2683095037937164,0.0003309779567644,0.0005289318505674,550.956812,480.270977,17.0,180.0,-42.301559,-85.835487,-0.0,-18.921,-0.0,0.129284992814064
0.2725158333778381,0.0002627106150612,0.0004209845501463,550.956812,480.270977,18.0,180.0,-42.301559,-85.835487,-0.0,-18.921,-0.0,0.1285021752119064
0.2332872450351715,0.0002603048051241,0.0003955518768634,550.956812,480.270977,19.0,180.0,-42.301559,-85.835487,-0.0,-18.921,-0.0,0.1050652489066124
0.1301440298557281,0.0006768077146261,0.0009172859718091,550.956812,480.270977,0.0,180.0,-42.301559,-85.835487,-0.0,-18.919,-0.0,0.0522951707243919
0.173864409327507,0.0007724252063781,0.0011097979731857,550.956812,480.270977,1.0,180.0,-42.301559,-85.835487,-0.0,-18.919,-0.0,0.0737135037779808
0.1950477659702301,0.000798013061285,0.0011700961040332,550.956812,480.270977,2.0,180.0,-42.301559,-85.835487,-0.0,-18.919,-0.0,0.0978979393839836
0.1637871116399765,0.0008086042944341,0.0011330491397529,550.956812,480.270977,3.0,180.0,-42.301559,-85.835487,-0.0,-18.919,-0.0,0.0841220766305923
0.1824175715446472,0.0008426902932114,0.0012138359015807,550.956812,480.270977,4.0,180.0,-42.301559,-85.835487,-0.0,-18.919,-0.0,0.0927739515900611
0.1542910188436508,0.000742032949347,0.0010233139619231,550.956812,480.270977,5.0,180.0,-42.301559,-85.835487,-0.0,-18.919,-0.0,0.0740860179066658
0.1705430597066879,0.0007517485064454,0.0010637922678142,550.956812,480.270977,6.0,180.0,-42.301559,-85.835487,-0.0,-18.919,-0.0,0.0797326862812042
0.1899192482233047,0.0007020346820354,0.0010054878657683,550.956812,480.270977,7.0,180.0,-42.301559,-85.835487,-0.0,-18.919,-0.0,0.090906411409378
0.1830616444349289,0.0007096994086168,0.0010206720326095,550.956812,480.270977,8.0,180.0,-42.301559,-85.835487,-0.0,-18.919,-0.0,0.0870234221220016
0.2028626948595047,0.0008367344271391,0.0012351447949185,550.956812,480.270977,9.0,180.0,-42.301559,-85.835487,-0.0,-18.919,-0.0,0.1036707460880279
0.1737875342369079,0.0006677032797597,0.0009397527319379,550.956812,480.270977,10.0,180.0,-42.301559,-85.835487,-0.0,-18.919,-0.0,0.0811815857887268
0.1885458827018737,0.0006480123265646,0.000929792644456,550.956812,480.270977,11.0,180.0,-42.301559,-85.835487,-0.0,-18.919,-0.0,0.0901926979422569
0.2003676742315292,0.0005460333777591,0.0008011668687686,550.956812,480.270977,12.0,180.0,-42.301559,-85.835487,-0.0,-18.919,-0.0,0.0900058150291442
0.2144657969474792,0.0004978642100468,0.0007348555373027,550.956812,480.270977,13.0,180.0,-42.301559,-85.835487,-0.0,-18.919,-0.0,0.1046130880713462
0.2377912402153015,0.0004625180736184,0.000703417637851,550.956812,480.270977,14.0,180.0,-42.301559,-85.835487,-0.0,-18.919,-0.0,0.1124083027243614
0.2135320305824279,0.0004192229826003,0.0006256255437619,550.956812,480.270977,15.0,180.0,-42.301559,-85.835487,-0.0,-18.919,-0.0,0.1037555783987045
0.1808627694845199,0.0004495455359574,0.0006353843491524,550.956812,480.270977,16.0,180.0,-42.301559,-85.835487,-0.0,-18.919,-0.0,0.0881219133734703
0.2206976562738418,0.0003350031329318,0.0005031289765611,550.956812,480.270977,17.0,180.0,-42.301559,-85.835487,-0.0,-18.919,-0.0,0.1058982461690902
0.2512965798377991,0.0003133566642645,0.0004825805954169,550.956812,480.270977,18.0,180.0,-42.301559,-85.835487,-0.0,-18.919,-0.0,0.1231832280755043
0.2502150237560272,0.0003098399611189,0.0004772518586833,550.956812,480.270977,19.0,180.0,-42.301559,-85.835487,-0.0,-18.919,-0.0,0.1249477863311767
0.1779661625623703,0.0005782487569376,0.0007814702112227,550.956812,480.270977,0.0,180.0,-42.301559,-85.835487,-0.0,-20.906,-76.448,0.080129824578762
0.1668023616075515,0.0006816363893449,0.0009127791272476,550.956812,480.270977,1.0,180.0,-42.301559,-85.835487,-0.0,-20.906,-76.448,0.0738330408930778
0.1750475466251373,0.0006870802608318,0.0009314064518548,550.956812,480.270977,2.0,180.0,-42.301559,-85.835487,-0.0,-20.906,-76.448,0.0788005739450454
0.117057517170906,0.000736290065106,0.0009215718600898,550.956812,480.270977,3.0,180.0,-42.301559,-85.835487,-0.0,-20.906,-76.448,0.0462896302342414
0.0910648703575134,0.0008717021555639,0.0010662248823791,550.956812,480.270977,4.0,180.0,-42.301559,-85.835487,-0.0,-20.906,-76.448,0.0370283164083957
0.1280845999717712,0.0008242513285949,0.0010610745521262,550.956812,480.270977,5.0,180.0,-42.301559,-85.835487,-0.0,-20.906,-76.448,0.0546946227550506
0.1313576698303222,0.0009563280618749,0.0012442561564967,550.956812,480.270977,6.0,180.0,-42.301559,-85.835487,-0.0,-20.906,-76.448,0.0578180886805057
0.1417843550443649,0.0009832440409809,0.0012935757404193,550.956812,480.270977,7.0,180.0,-42.301559,-85.835487,-0.0,-20.906,-76.448,0.0647927075624466
0.1481246799230575,0.0009892834350466,0.0013110620202496,550.956812,480.270977,8.0,180.0,-42.301559,-85.835487,-0.0,-20.906,-76.448,0.0723788067698478
0.1317849606275558,0.0010307879419997,0.0013439649483188,550.956812,480.270977,9.0,180.0,-42.301559,-85.835487,-0.0,-20.906,-76.448,0.0592763945460319
0.1562604010105133,0.0010151976021006,0.0013618865050375,550.956812,480.270977,10.0,180.0,-42.301559,-85.835487,-0.0,-20.906,-76.448,0.0739834383130073
0.1492868065834045,0.0010471659479662,0.0013945230748504,550.956812,480.270977,11.0,180.0,-42.301559,-85.835487,-0.0,-20.906,-76.448,0.0726638585329055
0.1249724552035331,0.001026599551551,0.0013298258418217,550.956812,480.270977,12.0,180.0,-42.301559,-85.835487,-0.0,-20.906,-76.448,0.0571436583995819
0.1126419901847839,0.0009914536494761,0.0012698501814156,550.956812,480.270977,13.0,180.0,-42.301559,-85.835487,-0.0,-20.906,-76.448,0.04043635353446
0.153993934392929,0.0010425181826576,0.0014028063742443,550.956812,480.270977,14.0,180.0,-42.301559,-85.835487,-0.0,-20.906,-76.448,0.0854825749993324
0.1342050731182098,0.0010223574936389,0.0013451816048473,550.956812,480.270977,15.0,180.0,-42.301559,-85.835487,-0.0,-20.906,-76.448,0.0689705312252044
0.1240384802222251,0.0009577196324244,0.0012358408421278,550.956812,480.270977,16.0,180.0,-42.301559,-85.835487,-0.0,-20.906,-76.448,0.064303807914257
0.1236849203705787,0.0009147753007709,0.0011827084235846,550.956812,480.270977,17.0,180.0,-42.301559,-85.835487,-0.0,-20.906,-76.448,0.0491360649466514
0.1578506976366043,0.000815259234514,0.0010986417764797,550.956812,480.270977,18.0,180.0,-42.301559,-85.835487,-0.0,-20.906,-76.448,0.0841448754072189
0.1062507256865501,0.0007294099777936,0.0009272178867831,550.956812,480.270977,19.0,180.0,-42.301559,-85.835487,-0.0,-20.906,-76.448,0.0550344362854957
0.1567215174436569,0.0005500353290699,0.000733136839699,550.956812,480.270977,0.0,180.0,-42.301559,-85.835487,-0.0,-21.339,-89.878,0.0703490227460861
0.1841492056846618,0.000505086092744,0.0006891508237458,550.956812,480.270977,1.0,180.0,-42.301559,-85.835487,-0.0,-21.339,-89.878,0.078121930360794
0.1713091135025024,0.0005350017454475,0.0007220268016681,550.956812,480.270977,2.0,180.0,-42.301559,-85.835487,-0.0,-21.339,-89.878,0.0722415521740913
0.1556441932916641,0.000576292106416,0.0007623172714374,550.956812,480.270977,3.0,180.0,-42.301559,-85.835487,-0.0,-21.339,-89.878,0.0687088817358017
0.1834233105182647,0.0006796932430006,0.0009391296189278,550.956812,480.270977,4.0,180.0,-42.301559,-85.835487,-0.0,-21.339,-89.878,0.0837717503309249
0.121978148818016,0.0006974462885409,0.0008866736316122,550.956812,480.270977,5.0,180.0,-42.301559,-85.835487,-0.0,-21.339,-89.878,0.053957212716341
0.1322179287672042,0.000762007839512,0.0009841752471402,550.956812,480.270977,6.0,180.0,-42.301559,-85.835487,-0.0,-21.339,-89.878,0.054984226822853
0.1033984124660492,0.0008111420320346,0.0009930201340466,550.956812,480.270977,7.0,180.0,-42.301559,-85.835487,-0.0,-21.339,-89.878,0.0411084666848182
0.144226536154747,0.0010208177845925,0.0013584498083218,550.956812,480.270977,8.0,180.0,-42.301559,-85.835487,-0.0,-21.339,-89.878,0.072851151227951
0.1309919655323028,0.000941603037063,0.0012256915215402,550.956812,480.270977,9.0,180.0,-42.301559,-85.835487,-0.0,-21.339,-89.878,0.0601754188537597
0.1389413028955459,0.0009406173485331,0.0012432092335075,550.956812,480.270977,10.0,180.0,-42.301559,-85.835487,-0.0,-21.339,-89.878,0.0649918615818023
0.1270884573459625,0.0009657319169491,0.0012569257523864,550.956812,480.270977,11.0,180.0,-42.301559,-85.835487,-0.0,-21.339,-89.878,0.0557948239147663
0.1405092626810073,0.0010265272576361,0.0013630759203806,550.956812,480.270977,12.0,180.0,-42.301559,-85.835487,-0.0,-21.339,-89.878,0.0696115940809249
0.1582627445459365,0.0009887102060019,0.0013429790269583,550.956812,480.270977,13.0,180.0,-42.301559,-85.835487,-0.0,-21.339,-89.878,0.0827220901846885
0.1353867501020431,0.0010540997609496,0.0013958771014586,550.956812,480.270977,14.0,180.0,-42.301559,-85.835487,-0.0,-21.339,-89.878,0.0679693445563316
0.1511446237564087,0.0009210042771883,0.0012457233387976,550.956812,480.270977,15.0,180.0,-42.301559,-85.835487,-0.0,-21.339,-89.878,0.0815632045269012
0.1631930917501449,0.0010084402747452,0.0013849990209564,550.956812,480.270977,16.0,180.0,-42.301559,-85.835487,-0.0,-21.339,-89.878,0.0934951975941658
0.1363094449043274,0.000966977153439,0.0012850352795794,550.956812,480.270977,17.0,180.0,-42.301559,-85.835487,-0.0,-21.339,-89.878,0.0677069425582885
0.1426207870244979,0.0008654631092213,0.0011549717746675,550.956812,480.270977,18.0,180.0,-42.301559,-85.835487,-0.0,-21.339,-89.878,0.0693196356296539
0.1388678699731826,0.0008536155801266,0.0011403778335079,550.956812,480.270977,19.0,180.0,-42.301559,-85.835487,-0.0,-21.339,-89.878,0.0746503844857215
0.1785361319780349,0.000440558855189,0.000583529646974,550.956812,480.270977,0.0,180.0,-42.301559,-85.835487,0.0,-21.607,-98.463,0.0774869173765182
0.1829834431409835,0.0004857862659264,0.0006486402708105,550.956812,480.270977,1.0,180.0,-42.301559,-85.835487,0.0,-21.607,-98.463,0.0775669813156127
0.1902629435062408,0.0005181760643608,0.000703441677615,550.956812,480.270977,2.0,180.0,-42.301559,-85.835487,0.0,-21.607,-98.463,0.0780402496457099
0.1867297738790512,0.0004913385491818,0.0006603079964406,550.956812,480.270977,3.0,180.0,-42.301559,-85.835487,0.0,-21.607,-98.463,0.0750871077179908
0.1586857438087463,0.0006416098913177,0.0008387115085497,550.956812,480.270977,4.0,180.0,-42.301559,-85.835487,0.0,-21.607,-98.463,0.0684838071465492
0.1720141619443893,0.0006902607274241,0.0009312481270171,550.956812,480.270977,5.0,180.0,-42.301559,-85.835487,0.0,-21.607,-98.463,0.0808028131723404
0.135326400399208,0.0007499417406506,0.0009709281730465,550.956812,480.270977,6.0,180.0,-42.301559,-85.835487,0.0,-21.607,-98.463,0.0632664933800697
0.1318933665752411,0.0007585290004499,0.0009681952069513,550.956812,480.270977,7.0,180.0,-42.301559,-85.835487,0.0,-21.607,-98.463,0.06105687469244
0.1125017553567886,0.0009085971396416,0.0011602740269154,550.956812,480.270977,8.0,180.0,-42.301559,-85.835487,0.0,-21.607,-98.463,0.0550707429647445
0.1223916634917259,0.0008992736111395,0.0011536182137206,550.956812,480.270977,9.0,180.0,-42.301559,-85.835487,0.0,-21.607,-98.463,0.0605055727064609
0.1092219650745391,0.0009184490190818,0.001159785548225,550.956812,480.270977,10.0,180.0,-42.301559,-85.835487,0.0,-21.607,-98.463,0.047974657267332
0.1165700927376747,0.0010861277114599,0.0013981056399643,550.956812,480.270977,11.0,180.0,-42.301559,-85.835487,0.0,-21.607,-98.463,0.0558276735246181
0.1203576847910881,0.0010129017755389,0.0013082951772958,550.956812,480.270977,12.0,180.0,-42.301559,-85.835487,0.0,-21.607,-98.463,0.0579255446791648
0.1495599150657653,0.0009888521162793,0.0013149492442607,550.956812,480.270977,13.0,180.0,-42.301559,-85.835487,0.0,-21.607,-98.463,0.074903592467308
0.107888214290142,0.0010266605531796,0.0013161572860553,550.956812,480.270977,14.0,180.0,-42.301559,-85.835487,0.0,-21.607,-98.463,0.0428141877055168
0.145664170384407,0.0009201428038068,0.0012323814444243,550.956812,480.270977,15.0,180.0,-42.301559,-85.835487,0.0,-21.607,-98.463,0.0726106762886047
0.1489339917898178,0.0009694086038507,0.0013035845477133,550.956812,480.270977,16.0,180.0,-42.301559,-85.835487,0.0,-21.607,-98.463,0.0797502771019935
0.1510317921638488,0.0009642546065151,0.0013034280855208,550.956812,480.270977,17.0,180.0,-42.301559,-85.835487,0.0,-21.607,-98.463,0.0813621580600738
0.1246820837259292,0.0008566169417463,0.0011287392117083,550.956812,480.270977,18.0,180.0,-42.301559,-85.835487,0.0,-21.607,-98.463,0.0602151192724704
0.12242341786623,0.0007938324124552,0.0010474899318069,550.956812,480.270977,19.0,180.0,-42.301559,-85.835487,0.0,-21.607,-98.463,0.06264578551054
0.2718332409858703,0.0001484149106545,0.0002007697185035,550.956812,480.270977,0.0,180.0,-42.301559,-85.835487,-0.0,-22.552,-180.0,0.0967328995466232
0.1792236715555191,0.0002000913955271,0.0002272354759043,550.956812,480.270977,1.0,180.0,-42.301559,-85.835487,-0.0,-22.552,-180.0,0.0593550689518451
0.1884049624204635,0.0002242665796075,0.0002630870149005,550.956812,480.270977,2.0,180.0,-42.301559,-85.835487,-0.0,-22.552,-180.0,0.0664089545607566
0.2115928679704666,0.0001895837922347,0.0002305067318957,550.956812,480.270977,3.0,180.0,-42.301559,-85.835487,-0.0,-22.552,-180.0,0.072253331542015
0.2149534076452255,0.0001952572492882,0.0002350758441025,550.956812,480.270977,4.0,180.0,-42.301559,-85.835487,-0.0,-22.552,-180.0,0.0685580372810363
0.2025029808282852,0.0002587945782579,0.0003209614369552,550.956812,480.270977,5.0,180.0,-42.301559,-85.835487,-0.0,-22.552,-180.0,0.0733087956905365
0.2325772494077682,0.0002691046684049,0.0003567396197468,550.956812,480.270977,6.0,180.0,-42.301559,-85.835487,-0.0,-22.552,-180.0,0.0870924219489097
0.2185690999031067,0.000261314708041,0.0003417355183046,550.956812,480.270977,7.0,180.0,-42.301559,-85.835487,-0.0,-22.552,-180.0,0.0785804986953735
0.2168402075767517,0.0002553719969,0.0003279194352217,550.956812,480.270977,8.0,180.0,-42.301559,-85.835487,-0.0,-22.552,-180.0,0.0746707916259765
0.2267650663852691,0.0002530837955418,0.0003311891923658,550.956812,480.270977,9.0,180.0,-42.301559,-85.835487,-0.0,-22.552,-180.0,0.0713200494647026
0.1623845547437667,0.0003223674721084,0.0003880390431731,550.956812,480.270977,10.0,180.0,-42.301559,-85.835487,-0.0,-22.552,-180.0,0.055902611464262
0.1602307856082916,0.0004039920750074,0.0004984919214621,550.956812,480.270977,11.0,180.0,-42.301559,-85.835487,-0.0,-22.552,-180.0,0.0610488131642341
0.2502976655960083,0.000320900871884,0.0004517126944847,550.956812,480.270977,12.0,180.0,-42.301559,-85.835487,-0.0,-22.552,-180.0,0.0920006185770034
0.2232037335634231,0.0003796720411628,0.0005204165354371,550.956812,480.270977,13.0,180.0,-42.301559,-85.835487,-0.0,-22.552,-180.0,0.0839875042438507
0.2383653968572616,0.000391820562072,0.0005468231393024,550.956812,480.270977,14.0,180.0,-42.301559,-85.835487,-0.0,-22.552,-180.0,0.0842138677835464
0.2041582912206649,0.0004059801576659,0.0005462650442495,550.956812,480.270977,15.0,180.0,-42.301559,-85.835487,-0.0,-22.552,-180.0,0.0741125270724296
0.2554619908332824,0.0003172660653945,0.0004507971170824,550.956812,480.270977,16.0,180.0,-42.301559,-85.835487,-0.0,-22.552,-180.0,0.086095817387104
0.2025233060121536,0.0004008001706097,0.000547443749383,550.956812,480.270977,17.0,180.0,-42.301559,-85.835487,-0.0,-22.552,-180.0,0.0740658268332481
0.2224243134260177,0.0003715107159223,0.0005143932066857,550.956812,480.270977,18.0,180.0,-42.301559,-85.835487,-0.0,-22.552,-180.0,0.0802904665470123
0.2236475795507431,0.000318277045153,0.0004419946926645,550.956812,480.270977,19.0,180.0,-42.301559,-85.835487,-0.0,-22.552,-180.0,0.0824493318796157
0.2246748358011245,0.000140651667607,0.0001731936645228,550.956812,480.270977,0.0,180.0,-42.301559,-85.835487,-0.0,-22.559,-180.0,0.0842012614011764
0.3068835735321045,0.0001155155550804,0.0001692026417003,550.956812,480.270977,1.0,180.0,-42.301559,-85.835487,-0.0,-22.559,-180.0,0.1064922511577606
0.2598686516284942,0.0001345049386145,0.0001805905048968,550.956812,480.270977,2.0,180.0,-42.301559,-85.835487,-0.0,-22.559,-180.0,0.0857852175831794
0.2477792799472808,0.000152325243107,0.0002061057457467,550.956812,480.270977,3.0,180.0,-42.301559,-85.835487,-0.0,-22.559,-180.0,0.0885205492377281
0.2870471775531769,0.0001393202255712,0.0002025513094849,550.956812,480.270977,4.0,180.0,-42.301559,-85.835487,-0.0,-22.559,-180.0,0.096819095313549
0.2671593725681305,0.0001761527673806,0.000247760763159,550.956812,480.270977,5.0,180.0,-42.301559,-85.835487,-0.0,-22.559,-180.0,0.0884402468800544
0.2598996758460998,0.000193970350665,0.0002695838629733,550.956812,480.270977,6.0,180.0,-42.301559,-85.835487,-0.0,-22.559,-180.0,0.0898345187306404
0.271666020154953,0.0001651569036766,0.0002308925177203,550.956812,480.270977,7.0,180.0,-42.301559,-85.835487,-0.0,-22.559,-180.0,0.0877377539873123
0.2487184554338455,0.0002114874368999,0.000292923359666,550.956812,480.270977,8.0,180.0,-42.301559,-85.835487,-0.0,-22.559,-180.0,0.0846500173211097
0.2591419816017151,0.0001943784154718,0.0002747235703282,550.956812,480.270977,9.0,180.0,-42.301559,-85.835487,-0.0,-22.559,-180.0,0.0841895043849945
0.2323468774557113,0.0002231963298982,0.0003094186249654,550.956812,480.270977,10.0,180.0,-42.301559,-85.835487,-0.0,-22.559,-180.0,0.0760386362671852
0.2261982411146164,0.0002509418991394,0.000345142383594,550.956812,480.270977,11.0,180.0,-42.301559,-85.835487,-0.0,-22.559,-180.0,0.0761790052056312
0.2333220839500427,0.000260852073552,0.0003598407784011,550.956812,480.270977,12.0,180.0,-42.301559,-85.835487,-0.0,-22.559,-180.0,0.0794178694486618
0.242341861128807,0.0002658869198057,0.0003764056309591,550.956812,480.270977,13.0,180.0,-42.301559,-85.835487,-0.0,-22.559,-180.0,0.0829972624778747
0.237680047750473,0.0002778433263301,0.0003907879581674,550.956812,480.270977,14.0,180.0,-42.301559,-85.835487,-0.0,-22.559,-180.0,0.084872305393219
0.2141271233558654,0.0003349349135532,0.0004638413956854,550.956812,480.270977,15.0,180.0,-42.301559,-85.835487,-0.0,-22.559,-180.0,0.0746994987130165
0.2126263827085495,0.0003280955424997,0.000450887979241,550.956812,480.270977,16.0,180.0,-42.301559,-85.835487,-0.0,-22.559,-180.0,0.0765063390135765
0.2533950507640838,0.000307308480842,0.0004470799758564,550.956812,480.270977,17.0,180.0,-42.301559,-85.835487,-0.0,-22.559,-180.0,0.0912145227193832
0.2662854790687561,0.0003105015202891,0.0004680214042309,550.956812,480.270977,18.0,180.0,-42.301559,-85.835487,-0.0,-22.559,-180.0,0.0989108681678772
0.2326596230268478,0.0002693521964829,0.0003834652889054,550.956812,480.270977,19.0,180.0,-42.301559,-85.835487,-0.0,-22.559,-180.0,0.077100820839405
0.2498034089803695,0.0001088666103896,0.0001387671945849,550.956812,480.270977,0.0,180.0,-42.301559,-85.835487,-0.0,-22.56,-180.0,0.0876950249075889
0.2697380483150482,0.0001322553871432,0.0001834916329244,550.956812,480.270977,1.0,180.0,-42.301559,-85.835487,-0.0,-22.56,-180.0,0.0992672145366668
0.258614033460617,0.0001391108962707,0.0001882052456494,550.956812,480.270977,2.0,180.0,-42.301559,-85.835487,-0.0,-22.56,-180.0,0.0917825698852539
0.2698943316936493,0.0001436874445062,0.0002046091831289,550.956812,480.270977,3.0,180.0,-42.301559,-85.835487,-0.0,-22.56,-180.0,0.0944362580776214
0.2771097123622894,0.0001433962606824,0.0002061017294181,550.956812,480.270977,4.0,180.0,-42.301559,-85.835487,-0.0,-22.56,-180.0,0.0972514599561691
0.2216236144304275,0.000201390532311,0.0002637817815411,550.956812,480.270977,5.0,180.0,-42.301559,-85.835487,-0.0,-22.56,-180.0,0.0768570378422737
0.2719059884548187,0.0001905257959151,0.000272939883871,550.956812,480.270977,6.0,180.0,-42.301559,-85.835487,-0.0,-22.56,-180.0,0.0935246497392654
0.2721892595291137,0.0001696417166385,0.0002452334738336,550.956812,480.270977,7.0,180.0,-42.301559,-85.835487,-0.0,-22.56,-180.0,0.094508022069931
0.2806790471076965,0.0001812483242247,0.0002665672509465,550.956812,480.270977,8.0,180.0,-42.301559,-85.835487,-0.0,-22.56,-180.0,0.0911692231893539
0.2707921862602234,0.0002373972529312,0.0003498512087389,550.956812,480.270977,9.0,180.0,-42.301559,-85.835487,-0.0,-22.56,-180.0,0.0949853584170341
0.2612218260765075,0.0002574654936324,0.0003739748790394,550.956812,480.270977,10.0,180.0,-42.301559,-85.835487,-0.0,-22.56,-180.0,0.0895981416106224
0.2970411777496338,0.0002030991017818,0.0003158672188874,550.956812,480.270977,11.0,180.0,-42.301559,-85.835487,-0.0,-22.56,-180.0,0.0984749794006347
0.2942294180393219,0.0002311254647793,0.0003623886441346,550.956812,480.270977,12.0,180.0,-42.301559,-85.835487,-0.0,-22.56,-180.0,0.1006655097007751
0.2403342872858047,0.0002711823326535,0.0003869849315378,550.956812,480.270977,13.0,180.0,-42.301559,-85.835487,-0.0,-22.56,-180.0,0.0735502168536186
0.1806812733411789,0.0003782034036703,0.0004957727505825,550.956812,480.270977,14.0,180.0,-42.301559,-85.835487,-0.0,-22.56,-180.0,0.064758151769638
0.2136248648166656,0.0003534656134434,0.00049634068273,550.956812,480.270977,15.0,180.0,-42.301559,-85.835487,-0.0,-22.56,-180.0,0.0790885463356971
0.2787443101406097,0.000326805980876,0.0005046660080552,550.956812,480.270977,16.0,180.0,-42.301559,-85.835487,-0.0,-22.56,-180.0,0.1014969050884246
0.2668602466583252,0.0003332184278406,0.0005091756465844,550.956812,480.270977,17.0,180.0,-42.301559,-85.835487,-0.0,-22.56,-180.0,0.0972781479358673
0.2757372558116913,0.0002309223054908,0.0003549559332896,550.956812,480.270977,18.0,180.0,-42.301559,-85.835487,-0.0,-22.56,-180.0,0.0939772799611091
0.2612200975418091,0.0002781575603876,0.0004201893170829,550.956812,480.270977,19.0,180.0,-42.301559,-85.835487,-0.0,-22.56,-180.0,0.0909772142767906
0.280815839767456,0.0001127524374169,0.0001577070797793,550.956812,480.270977,0.0,180.0,-42.301559,-85.835487,-0.0,-22.544,-180.0,0.1032712161540985
0.2942321896553039,0.0001168438029708,0.0001728156639728,550.956812,480.270977,1.0,180.0,-42.301559,-85.835487,-0.0,-22.544,-180.0,0.1143555268645286
0.3067184686660766,9.851373761193828e-05,0.0001503114181105,550.956812,480.270977,2.0,180.0,-42.301559,-85.835487,-0.0,-22.544,-180.0,0.1060202792286872
0.2785565257072449,0.0001318821450695,0.0001930085563799,550.956812,480.270977,3.0,180.0,-42.301559,-85.835487,-0.0,-22.544,-180.0,0.0982216373085975
0.2825422585010528,0.0001513304887339,0.0002242244663648,550.956812,480.270977,4.0,180.0,-42.301559,-85.835487,-0.0,-22.544,-180.0,0.1017204746603965
0.2644165158271789,0.0001523979735793,0.0002173316461266,550.956812,480.270977,5.0,180.0,-42.301559,-85.835487,-0.0,-22.544,-180.0,0.0891706869006156
0.2713646292686462,0.000171225721715,0.0002531905774958,550.956812,480.270977,6.0,180.0,-42.301559,-85.835487,-0.0,-22.544,-180.0,0.095438040792942
0.2838691473007202,0.0001866449456429,0.0002771893632598,550.956812,480.270977,7.0,180.0,-42.301559,-85.835487,-0.0,-22.544,-180.0,0.1009871512651443
0.2146052122116089,0.0002266490773763,0.0002995118557009,550.956812,480.270977,8.0,180.0,-42.301559,-85.835487,-0.0,-22.544,-180.0,0.0727967396378517
0.2521190643310547,0.0002362341474508,0.0003271991445217,550.956812,480.270977,9.0,180.0,-42.301559,-85.835487,-0.0,-22.544,-180.0,0.0827882960438728
0.2593830227851867,0.0002159667783416,0.0003106689837295,550.956812,480.270977,10.0,180.0,-42.301559,-85.835487,-0.0,-22.544,-180.0,0.0812480896711349
0.2595764398574829,0.0002266915544169,0.0003302739642094,550.956812,480.270977,11.0,180.0,-42.301559,-85.835487,-0.0,-22.544,-180.0,0.0835235714912414
0.2476596087217331,0.0002583278692327,0.0003748668823391,550.956812,480.270977,12.0,180.0,-42.301559,-85.835487,-0.0,-22.544,-180.0,0.081738032400608
0.2878885269165039,0.0002825639385264,0.0004419565957505,550.956812,480.270977,13.0,180.0,-42.301559,-85.835487,-0.0,-22.544,-180.0,0.1004910469055175
0.2469964176416397,0.0003275471972301,0.0004856699088122,550.956812,480.270977,14.0,180.0,-42.301559,-85.835487,-0.0,-22.544,-180.0,0.0860167294740676
0.2836091518402099,0.0002748775004874,0.0004317770071793,550.956812,480.270977,15.0,180.0,-42.301559,-85.835487,-0.0,-22.544,-180.0,0.0934304520487785
0.2375852614641189,0.0002873042831197,0.0004111796151846,550.956812,480.270977,16.0,180.0,-42.301559,-85.835487,-0.0,-22.544,-180.0,0.0822506919503212
0.3040339350700378,0.000264663627604,0.0004315551486797,550.956812,480.270977,17.0,180.0,-42.301559,-85.835487,-0.0,-22.544,-180.0,0.1038774698972702
0.296006292104721,0.0002756376634351,0.0004429087275639,550.956812,480.270977,18.0,180.0,-42.301559,-85.835487,-0.0,-22.544,-180.0,0.1028486266732215
0.3049824833869934,0.0002652039111126,0.0004339583101682,550.956812,480.270977,19.0,180.0,-42.301559,-85.835487,-0.0,-22.544,-180.0,0.1112406998872757
0.2706671953201294,0.0001049184793373,0.0001441549684386,550.956812,480.270977,0.0,180.0,-42.301559,-85.835487,-0.0,-22.486,-180.0,0.0902862101793289
0.2605160772800445,0.0001137647122959,0.00015512725804,550.956812,480.270977,1.0,180.0,-42.301559,-85.835487,-0.0,-22.486,-180.0,0.0852807313203811
0.2427550703287124,0.0001458144542993,0.0001916530600283,550.956812,480.270977,2.0,180.0,-42.301559,-85.835487,-0.0,-22.486,-180.0,0.0872596353292465
0.2518682181835174,0.00013475153537,0.0001825001672841,550.956812,480.270977,3.0,180.0,-42.301559,-85.835487,-0.0,-22.486,-180.0,0.0927597433328628
0.2399306893348693,0.000192086547031,0.000273429614026,550.956812,480.270977,4.0,180.0,-42.301559,-85.835487,-0.0,-22.486,-180.0,0.0892741456627845
0.2300580590963363,0.0001860109332483,0.0002614641271065,550.956812,480.270977,5.0,180.0,-42.301559,-85.835487,-0.0,-22.486,-180.0,0.094490073621273
0.2748315930366516,0.0001705997565295,0.000250632117968,550.956812,480.270977,6.0,180.0,-42.301559,-85.835487,-0.0,-22.486,-180.0,0.0939237996935844
0.2363785207271576,0.0002275921287946,0.0003190724528394,550.956812,480.270977,7.0,180.0,-42.301559,-85.835487,-0.0,-22.486,-180.0,0.087973766028881
0.2495895773172378,0.000180404051207,0.0002592336095403,550.956812,480.270977,8.0,180.0,-42.301559,-85.835487,-0.0,-22.486,-180.0,0.0837047025561332
0.241276130080223,0.0001817899174056,0.0002529171761125,550.956812,480.270977,9.0,180.0,-42.301559,-85.835487,-0.0,-22.486,-180.0,0.0784937515854835
0.1805540919303894,0.0002812335151247,0.0003628924605436,550.956812,480.270977,10.0,180.0,-42.301559,-85.835487,-0.0,-22.486,-180.0,0.0676268488168716
0.2642751038074493,0.0001729485084069,0.0002611762611195,550.956812,480.270977,11.0,180.0,-42.301559,-85.835487,-0.0,-22.486,-180.0,0.085516408085823
0.2544254660606384,0.0002753658336587,0.0004107058921363,550.956812,480.270977,12.0,180.0,-42.301559,-85.835487,-0.0,-22.486,-180.0,0.0842625498771667
0.1722854375839233,0.0003293543995823,0.0004231627681292,550.956812,480.270977,13.0,180.0,-42.301559,-85.835487,-0.0,-22.486,-180.0,0.062858298420906
0.2727166712284088,0.0002575653197709,0.0004018516046926,550.956812,480.270977,14.0,180.0,-42.301559,-85.835487,-0.0,-22.486,-180.0,0.0930808261036872
0.2463664561510086,0.0002848663425538,0.0004272288060747,550.956812,480.270977,15.0,180.0,-42.301559,-85.835487,-0.0,-22.486,-180.0,0.0850037783384323
0.2717165052890777,0.0002936981618404,0.0004610423638951,550.956812,480.270977,16.0,180.0,-42.301559,-85.835487,-0.0,-22.486,-180.0,0.0916962549090385
0.2746188044548034,0.0003141497436445,0.0005033413181081,550.956812,480.270977,17.0,180.0,-42.301559,-85.835487,-0.0,-22.486,-180.0,0.0983790755271911
0.250708669424057,0.0002881673572119,0.0004430112894624,550.956812,480.270977,18.0,180.0,-42.301559,-85.835487,-0.0,-22.486,-180.0,0.0852839648723602
0.2706832587718963,0.0002841808309312,0.0004507206031121,550.956812,480.270977,19.0,180.0,-42.301559,-85.835487,-0.0,-22.486,-180.0,0.0992983058094978
0.2604692876338959,0.0001276534749194,0.0001766538625815,550.956812,480.270977,0.0,180.0,-42.301559,-85.835487,-0.0,-22.521,-180.0,0.1013455763459205
0.2914235591888428,0.0001082879462046,0.0001583712146384,550.956812,480.270977,1.0,180.0,-42.301559,-85.835487,-0.0,-22.521,-180.0,0.1066418290138244
0.2788490056991577,0.0001167247319244,0.0001719063875498,550.956812,480.270977,2.0,180.0,-42.301559,-85.835487,-0.0,-22.521,-180.0,0.1008621379733085
0.2581830620765686,0.0001608485326869,0.000225553943892,550.956812,480.270977,3.0,180.0,-42.301559,-85.835487,-0.0,-22.521,-180.0,0.1021229997277259
0.27803635597229,0.0001653136278036,0.0002486325101926,550.956812,480.270977,4.0,180.0,-42.301559,-85.835487,-0.0,-22.521,-180.0,0.1088640019297599
0.2722795903682709,0.000144220815855,0.00021289124561,550.956812,480.270977,5.0,180.0,-42.301559,-85.835487,-0.0,-22.521,-180.0,0.097625732421875
0.2406505793333053,0.0001843844511313,0.0002468525490257,550.956812,480.270977,6.0,180.0,-42.301559,-85.835487,-0.0,-22.521,-180.0,0.0813911035656929
0.2342462539672851,0.000196215842152,0.0002731588610913,550.956812,480.270977,7.0,180.0,-42.301559,-85.835487,-0.0,-22.521,-180.0,0.0814519524574279
0.1833323538303375,0.0002481463598087,0.0003026423510164,550.956812,480.270977,8.0,180.0,-42.301559,-85.835487,-0.0,-22.521,-180.0,0.062854915857315
0.2347080111503601,0.0002289443800691,0.0003158501640427,550.956812,480.270977,9.0,180.0,-42.301559,-85.835487,-0.0,-22.521,-180.0,0.0827819630503654
0.2809588611125946,0.0002125772443832,0.0003285257262177,550.956812,480.270977,10.0,180.0,-42.301559,-85.835487,-0.0,-22.521,-180.0,0.1003845185041427
0.2434802055358886,0.0002485689474269,0.0003640179347712,550.956812,480.270977,11.0,180.0,-42.301559,-85.835487,-0.0,-22.521,-180.0,0.0744628682732582
0.2455470860004425,0.0003299556556157,0.0004890185082331,550.956812,480.270977,12.0,180.0,-42.301559,-85.835487,-0.0,-22.521,-180.0,0.0870142728090286
0.312443733215332,0.0002473911154083,0.0004095945623703,550.956812,480.270977,13.0,180.0,-42.301559,-85.835487,-0.0,-22.521,-180.0,0.1060546338558197
0.3199294209480285,0.0002000662352656,0.000335795833962,550.956812,480.270977,14.0,180.0,-42.301559,-85.835487,-0.0,-22.521,-180.0,0.1033073514699935
0.3322705328464508,0.0002091899514198,0.0003642269875854,550.956812,480.270977,15.0,180.0,-42.301559,-85.835487,-0.0,-22.521,-180.0,0.1030892059206962
0.3178398907184601,0.0002101715799653,0.0003595780581235,550.956812,480.270977,16.0,180.0,-42.301559,-85.835487,-0.0,-22.521,-180.0,0.0982560217380523
0.276389330625534,0.0002770308637991,0.0004497386398725,550.956812,480.270977,17.0,180.0,-42.301559,-85.835487,-0.0,-22.521,-180.0,0.0918128937482833
0.2771036326885223,0.0003035034751519,0.0004887913819402,550.956812,480.270977,18.0,180.0,-42.301559,-85.835487,-0.0,-22.521,-180.0,0.0860013216733932
0.291934996843338,0.0003023411845788,0.0005040660034865,550.956812,480.270977,19.0,180.0,-42.301559,-85.835487,-0.0,-22.521,-180.0,0.1038458421826362
0.3125100433826446,0.000123404621263,0.0001915626198751,550.956812,480.270977,0.0,180.0,-42.301559,-85.835487,-0.0,-22.534,-180.0,0.14044189453125
0.2860399484634399,0.0001253266527783,0.0001821023470256,550.956812,480.270977,1.0,180.0,-42.301559,-85.835487,-0.0,-22.534,-180.0,0.102555900812149
0.2954604923725128,0.0001192470954265,0.0001776100834831,550.956812,480.270977,2.0,180.0,-42.301559,-85.835487,-0.0,-22.534,-180.0,0.1027637273073196
0.3051490783691406,0.0001149747040471,0.0001750070223351,550.956812,480.270977,3.0,180.0,-42.301559,-85.835487,-0.0,-22.534,-180.0,0.1069492921233177
0.2660320401191711,0.0001427998795406,0.0002026271395152,550.956812,480.270977,4.0,180.0,-42.301559,-85.835487,-0.0,-22.534,-180.0,0.0971491262316703
0.245356410741806,0.0001831047266023,0.0002568992786109,550.956812,480.270977,5.0,180.0,-42.301559,-85.835487,-0.0,-22.534,-180.0,0.091269738972187
0.2655075490474701,0.0001925779361044,0.000281361688394,550.956812,480.270977,6.0,180.0,-42.301559,-85.835487,-0.0,-22.534,-180.0,0.1010004207491874
0.2613315880298614,0.0002042655250988,0.0003002228913828,550.956812,480.270977,7.0,180.0,-42.301559,-85.835487,-0.0,-22.534,-180.0,0.0992866232991218
0.2365594804286956,0.0002572656376287,0.0003686365380417,550.956812,480.270977,8.0,180.0,-42.301559,-85.835487,-0.0,-22.534,-180.0,0.0857410877943039
0.2450534403324127,0.0002590541844256,0.0003653719904832,550.956812,480.270977,9.0,180.0,-42.301559,-85.835487,-0.0,-22.534,-180.0,0.0840759649872779
0.2654956877231598,0.0002481082919985,0.000372766808141,550.956812,480.270977,10.0,180.0,-42.301559,-85.835487,-0.0,-22.534,-180.0,0.0874868780374527
0.2846818268299103,0.0002181345480494,0.0003324853023514,550.956812,480.270977,11.0,180.0,-42.301559,-85.835487,-0.0,-22.534,-180.0,0.0945653915405273
0.2133971452713012,0.000316951831337,0.0004418297612573,550.956812,480.270977,12.0,180.0,-42.301559,-85.835487,-0.0,-22.534,-180.0,0.0741000398993492
0.2619235515594482,0.0002871474716812,0.0004289021599106,550.956812,480.270977,13.0,180.0,-42.301559,-85.835487,-0.0,-22.534,-180.0,0.0925607085227966
0.3018288612365722,0.0003032575186807,0.00049780117115,550.956812,480.270977,14.0,180.0,-42.301559,-85.835487,-0.0,-22.534,-180.0,0.1009851768612861
0.2732260525226593,0.000272822799161,0.0004303527239244,550.956812,480.270977,15.0,180.0,-42.301559,-85.835487,-0.0,-22.534,-180.0,0.0853021144866943
0.2285501062870025,0.0002970650384668,0.0004293252131901,550.956812,480.270977,16.0,180.0,-42.301559,-85.835487,-0.0,-22.534,-180.0,0.0708560645580291
0.2874919772148132,0.0002911081828642,0.0004698451666627,550.956812,480.270977,17.0,180.0,-42.301559,-85.835487,-0.0,-22.534,-180.0,0.0985979661345481
0.2607726752758026,0.0003028317296411,0.0004693631199188,550.956812,480.270977,18.0,180.0,-42.301559,-85.835487,-0.0,-22.534,-180.0,0.085846796631813
0.2603955566883087,0.0003287111467216,0.0005202905158512,550.956812,480.270977,19.0,180.0,-42.301559,-85.835487,-0.0,-22.534,-180.0,0.0953029841184616
0.2805927991867065,0.0001139452142524,0.0001644369622226,550.956812,480.270977,0.0,180.0,-42.301559,-85.835487,-0.0,-22.5,-180.0,0.1098453775048255
0.3087872564792633,9.648961713537574e-05,0.0001497518096584,550.956812,480.270977,1.0,180.0,-42.301559,-85.835487,-0.0,-22.5,-180.0,0.1117797866463661
0.2904015481472015,0.0001388517557643,0.000211284161196,550.956812,480.270977,2.0,180.0,-42.301559,-85.835487,-0.0,-22.5,-180.0,0.1205503866076469
0.3289519250392914,0.0001273585075978,0.0002144919126294,550.956812,480.270977,3.0,180.0,-42.301559,-85.835487,-0.0,-22.5,-180.0,0.1320809125900268
0.325453370809555,0.0001273209054488,0.0002127265761373,550.956812,480.270977,4.0,180.0,-42.301559,-85.835487,-0.0,-22.5,-180.0,0.1195854395627975
0.3088583648204803,0.0001504599640611,0.0002413662587059,550.956812,480.270977,5.0,180.0,-42.301559,-85.835487,-0.0,-22.5,-180.0,0.1102876365184784
0.2978471517562866,0.0001423048233846,0.0002234134444734,550.956812,480.270977,6.0,180.0,-42.301559,-85.835487,-0.0,-22.5,-180.0,0.0914558321237564
0.2906468510627746,0.0001697729458101,0.0002616077545098,550.956812,480.270977,7.0,180.0,-42.301559,-85.835487,-0.0,-22.5,-180.0,0.105962336063385
0.302449494600296,0.000161060510436,0.0002603455504868,550.956812,480.270977,8.0,180.0,-42.301559,-85.835487,-0.0,-22.5,-180.0,0.1066974848508834
0.3006114065647125,0.0002069776819553,0.0003364945296198,550.956812,480.270977,9.0,180.0,-42.301559,-85.835487,-0.0,-22.5,-180.0,0.1022523343563079
0.3032920956611633,0.0001958544162334,0.0003144923248328,550.956812,480.270977,10.0,180.0,-42.301559,-85.835487,-0.0,-22.5,-180.0,0.1068846136331558
0.2550323009490967,0.0002321767678949,0.000342555635143,550.956812,480.270977,11.0,180.0,-42.301559,-85.835487,-0.0,-22.5,-180.0,0.0789319798350334
0.2858214080333709,0.0002495345543138,0.0003942312905564,550.956812,480.270977,12.0,180.0,-42.301559,-85.835487,-0.0,-22.5,-180.0,0.0889065042138099
0.2429114282131195,0.0003208500856999,0.000466646393761,550.956812,480.270977,13.0,180.0,-42.301559,-85.835487,-0.0,-22.5,-180.0,0.0817018449306488
0.2550786733627319,0.0002724126970861,0.0004092062008567,550.956812,480.270977,14.0,180.0,-42.301559,-85.835487,-0.0,-22.5,-180.0,0.0899467840790748
0.3054678738117218,0.0002379455836489,0.0003973632410634,550.956812,480.270977,15.0,180.0,-42.301559,-85.835487,-0.0,-22.5,-180.0,0.1074235662817955
0.327182799577713,0.0002723059151321,0.0004729586071334,550.956812,480.270977,16.0,180.0,-42.301559,-85.835487,-0.0,-22.5,-180.0,0.1099949851632118
0.3401068747043609,0.0002497706445865,0.0004486411344259,550.956812,480.270977,17.0,180.0,-42.301559,-85.835487,-0.0,-22.5,-180.0,0.1173484250903129
0.3337558805942535,0.0002832697646226,0.0005087798344902,550.956812,480.270977,18.0,180.0,-42.301559,-85.835487,-0.0,-22.5,-180.0,0.1173922941088676
0.3454057276248932,0.0002692749840207,0.0004889016854576,550.956812,480.270977,19.0,180.0,-42.301559,-85.835487,-0.0,-22.5,-180.0,0.1240692511200904
0.2775876224040985,0.0001113719554268,0.0001589463645359,550.956812,480.270977,0.0,180.0,-42.301559,-85.835487,-0.0,-22.5,-180.0,0.1094727590680122
0.2074319422245025,0.0001818090095184,0.0002251957776024,550.956812,480.270977,1.0,180.0,-42.301559,-85.835487,-0.0,-22.5,-180.0,0.0889681503176689
0.3177160024642944,0.0001231505302712,0.0001948038843693,550.956812,480.270977,2.0,180.0,-42.301559,-85.835487,-0.0,-22.5,-180.0,0.1265278458595276
0.2812442481517792,0.0001315110130235,0.0001967431162483,550.956812,480.270977,3.0,180.0,-42.301559,-85.835487,-0.0,-22.5,-180.0,0.1076859086751937
0.266217291355133,0.0001591909240232,0.0002370161819271,550.956812,480.270977,4.0,180.0,-42.301559,-85.835487,-0.0,-22.5,-180.0,0.1100185140967369
0.3426482379436493,0.0001268909836653,0.0002175723639084,550.956812,480.270977,5.0,180.0,-42.301559,-85.835487,-0.0,-22.5,-180.0,0.118865929543972
0.3394092619419098,0.000134794448968,0.0002268109092256,550.956812,480.270977,6.0,180.0,-42.301559,-85.835487,-0.0,-22.5,-180.0,0.1131854057312011
0.3266839981079101,0.0001472541189286,0.0002473048807587,550.956812,480.270977,7.0,180.0,-42.301559,-85.835487,-0.0,-22.5,-180.0,0.1044604480266571
0.2181732207536697,0.0002068964822683,0.000280498759821,550.956812,480.270977,8.0,180.0,-42.301559,-85.835487,-0.0,-22.5,-180.0,0.063034176826477
0.2752284109592438,0.0001909278944367,0.0002892570628318,550.956812,480.270977,9.0,180.0,-42.301559,-85.835487,-0.0,-22.5,-180.0,0.0945750996470451
0.1784268617630005,0.0002863969712052,0.0003513965057209,550.956812,480.270977,10.0,180.0,-42.301559,-85.835487,-0.0,-22.5,-180.0,0.055356740951538
0.2468980848789215,0.0002876458747778,0.0004315447877161,550.956812,480.270977,11.0,180.0,-42.301559,-85.835487,-0.0,-22.5,-180.0,0.0884981527924537
0.2939022779464721,0.0002502942516002,0.0004069952410645,550.956812,480.270977,12.0,180.0,-42.301559,-85.835487,-0.0,-22.5,-180.0,0.0993418619036674
0.3060193061828613,0.0002370968431932,0.0003910003870259,550.956812,480.270977,13.0,180.0,-42.301559,-85.835487,-0.0,-22.5,-180.0,0.1001192927360534
0.2588536739349365,0.0002439580857753,0.0003675244515761,550.956812,480.270977,14.0,180.0,-42.301559,-85.835487,-0.0,-22.5,-180.0,0.0862895995378494
0.2977155745029449,0.0002863463887479,0.0004709990462288,550.956812,480.270977,15.0,180.0,-42.301559,-85.835487,-0.0,-22.5,-180.0,0.0907944664359092
0.3172818124294281,0.0002765925892163,0.0004642916610464,550.956812,480.270977,16.0,180.0,-42.301559,-85.835487,-0.0,-22.5,-180.0,0.1077075377106666
0.2488750666379928,0.0002780425711534,0.0004156814538873,550.956812,480.270977,17.0,180.0,-42.301559,-85.835487,-0.0,-22.5,-180.0,0.074902705848217
0.2693944573402405,0.0003020018339157,0.0004757469869218,550.956812,480.270977,18.0,180.0,-42.301559,-85.835487,-0.0,-22.5,-180.0,0.0973621904850006
0.295134425163269,0.0003120784531347,0.00051447795704,550.956812,480.270977,19.0,180.0,-42.301559,-85.835487,-0.0,-22.5,-180.0,0.0980189740657806
0.3081849217414856,9.198965562973171e-05,0.0001424211659468,550.956812,480.270977,0.0,180.0,-42.301559,-85.835487,-0.0,-22.428,-180.0,0.1220705434679985
0.3236315846443176,9.611826681066304e-05,0.0001545352424727,550.956812,480.270977,1.0,180.0,-42.301559,-85.835487,-0.0,-22.428,-180.0,0.1235520392656326
0.2904131710529327,0.0001328755606664,0.0002002561523113,550.956812,480.270977,2.0,180.0,-42.301559,-85.835487,-0.0,-22.428,-180.0,0.1212007775902748
0.2588594555854797,0.0001466520916437,0.0002126106264768,550.956812,480.270977,3.0,180.0,-42.301559,-85.835487,-0.0,-22.428,-180.0,0.1083476841449737
0.3160696625709533,0.0001372199330944,0.0002261171175632,550.956812,480.270977,4.0,180.0,-42.301559,-85.835487,-0.0,-22.428,-180.0,0.1248247697949409
0.306406706571579,0.0001456685567973,0.0002352228184463,550.956812,480.270977,5.0,180.0,-42.301559,-85.835487,-0.0,-22.428,-180.0,0.1127104088664054
0.3080048859119415,0.0001551252062199,0.0002507454482838,550.956812,480.270977,6.0,180.0,-42.301559,-85.835487,-0.0,-22.428,-180.0,0.1064338758587837
0.3033691346645355,0.0001482497318647,0.0002387179119978,550.956812,480.270977,7.0,180.0,-42.301559,-85.835487,-0.0,-22.428,-180.0,0.0939249023795127
0.2757454812526703,0.0001850368862506,0.0002792925806716,550.956812,480.270977,8.0,180.0,-42.301559,-85.835487,-0.0,-22.428,-180.0,0.0924454405903816
0.2831572592258453,0.0002152108791051,0.0003307657607365,550.956812,480.270977,9.0,180.0,-42.301559,-85.835487,-0.0,-22.428,-180.0,0.0884530916810035
0.2296744138002395,0.000259405671386,0.0003722460241988,550.956812,480.270977,10.0,180.0,-42.301559,-85.835487,-0.0,-22.428,-180.0,0.0822702720761299
0.2882773876190185,0.0002155403490178,0.0003408599004615,550.956812,480.270977,11.0,180.0,-42.301559,-85.835487,-0.0,-22.428,-180.0,0.0935157760977745
0.2866714000701904,0.0002476694935467,0.0003919612499885,550.956812,480.270977,12.0,180.0,-42.301559,-85.835487,-0.0,-22.428,-180.0,0.0897144675254821
0.2670000791549682,0.0002727904939092,0.0004224290605634,550.956812,480.270977,13.0,180.0,-42.301559,-85.835487,-0.0,-22.428,-180.0,0.0804401412606239
0.2737976312637329,0.0002985187165904,0.00046399544226,550.956812,480.270977,14.0,180.0,-42.301559,-85.835487,-0.0,-22.428,-180.0,0.0970625877380371
0.2773040533065796,0.0002694597642403,0.0004338393337093,550.956812,480.270977,15.0,180.0,-42.301559,-85.835487,-0.0,-22.428,-180.0,0.0904183983802795
0.2890908122062683,0.0003015062829945,0.0004999547963961,550.956812,480.270977,16.0,180.0,-42.301559,-85.835487,-0.0,-22.428,-180.0,0.0997002571821212
0.2986076474189758,0.0002834547194652,0.000475645851111,550.956812,480.270977,17.0,180.0,-42.301559,-85.835487,-0.0,-22.428,-180.0,0.0892774984240531
0.2696983516216278,0.0002683943021111,0.0004273067461326,550.956812,480.270977,18.0,180.0,-42.301559,-85.835487,-0.0,-22.428,-180.0,0.0861205458641052
0.3202863931655884,0.0002670905960258,0.0004642632557079,550.956812,480.270977,19.0,180.0,-42.301559,-85.835487,-0.0,-22.428,-180.0,0.1060414388775825
0.296722263097763,0.000104218328488,0.0001570837630424,550.956812,480.270977,0.0,180.0,-42.301559,-85.835487,-0.0,-22.478,-180.0,0.1189353093504905
0.3006263077259063,0.0001149411691585,0.0001744545443216,550.956812,480.270977,1.0,180.0,-42.301559,-85.835487,-0.0,-22.478,-180.0,0.116805113852024
0.3009699583053589,0.0001240637357113,0.0001920872018672,550.956812,480.270977,2.0,180.0,-42.301559,-85.835487,-0.0,-22.478,-180.0,0.1174243986606597
0.3214809894561767,0.0001102509340853,0.0001807532098609,550.956812,480.270977,3.0,180.0,-42.301559,-85.835487,-0.0,-22.478,-180.0,0.1221560463309288
0.2272784560918808,0.0001592653861735,0.0002162150049116,550.956812,480.270977,4.0,180.0,-42.301559,-85.835487,-0.0,-22.478,-180.0,0.0816926881670951
0.2467447519302368,0.0001666606985963,0.0002349605347262,550.956812,480.270977,5.0,180.0,-42.301559,-85.835487,-0.0,-22.478,-180.0,0.0882960855960846
0.2335261553525924,0.0001869953848654,0.000256345490925,550.956812,480.270977,6.0,180.0,-42.301559,-85.835487,-0.0,-22.478,-180.0,0.0744949802756309
0.2687141299247741,0.0001760049199219,0.0002589912619441,550.956812,480.270977,7.0,180.0,-42.301559,-85.835487,-0.0,-22.478,-180.0,0.0871400237083435
0.292962908744812,0.0001748350332491,0.0002728857216425,550.956812,480.270977,8.0,180.0,-42.301559,-85.835487,-0.0,-22.478,-180.0,0.0984524562954902
0.2907198369503021,0.0002199909649789,0.0003462363674771,550.956812,480.270977,9.0,180.0,-42.301559,-85.835487,-0.0,-22.478,-180.0,0.0989750102162361
0.3114502727985382,0.0001778585283318,0.0002870580938179,550.956812,480.270977,10.0,180.0,-42.301559,-85.835487,-0.0,-22.478,-180.0,0.0953197479248046
0.2445195168256759,0.0002358739584451,0.0003351837513037,550.956812,480.270977,11.0,180.0,-42.301559,-85.835487,-0.0,-22.478,-180.0,0.0732198804616928
0.2369502186775207,0.0002393589238636,0.0003374309453647,550.956812,480.270977,12.0,180.0,-42.301559,-85.835487,-0.0,-22.478,-180.0,0.0737647116184234
0.1957432031631469,0.0003199998172931,0.0004271546786185,550.956812,480.270977,13.0,180.0,-42.301559,-85.835487,-0.0,-22.478,-180.0,0.060290552675724
0.2448332905769348,0.0002712034329306,0.00040191487642,550.956812,480.270977,14.0,180.0,-42.301559,-85.835487,-0.0,-22.478,-180.0,0.0830884352326393
0.3083844482898712,0.0002786439144983,0.0004683930019382,550.956812,480.270977,15.0,180.0,-42.301559,-85.835487,-0.0,-22.478,-180.0,0.1043257340788841
0.3357947468757629,0.0002700969926081,0.0004740400472655,550.956812,480.270977,16.0,180.0,-42.301559,-85.835487,-0.0,-22.478,-180.0,0.1112028509378433
0.3402397036552429,0.0002473664644639,0.0004412455891724,550.956812,480.270977,17.0,180.0,-42.301559,-85.835487,-0.0,-22.478,-180.0,0.1131583005189895
0.3212591409683227,0.0002661990874912,0.0004625802102964,550.956812,480.270977,18.0,180.0,-42.301559,-85.835487,-0.0,-22.478,-180.0,0.103459857404232
0.287505030632019,0.0003068764926865,0.0005133447702974,550.956812,480.270977,19.0,180.0,-42.301559,-85.835487,-0.0,-22.478,-180.0,0.1044056490063667
0.3266030848026275,8.493333734804764e-05,0.0001315213885391,550.956812,480.270977,0.0,180.0,-42.301559,-85.835487,-0.0,-22.519,-180.0,0.1129011139273643
0.2719404101371765,0.0001091050144168,0.0001538126234663,550.956812,480.270977,1.0,180.0,-42.301559,-85.835487,-0.0,-22.519,-180.0,0.096703253686428
0.2748050093650818,0.0001398828317178,0.0002089734189212,550.956812,480.270977,2.0,180.0,-42.301559,-85.835487,-0.0,-22.519,-180.0,0.10898207873106
0.2879220843315124,0.0001294313697144,0.0001930491562234,550.956812,480.270977,3.0,180.0,-42.301559,-85.835487,-0.0,-22.519,-180.0,0.102478802204132
0.2836730182170868,0.0001388070959364,0.0002066047891275,550.956812,480.270977,4.0,180.0,-42.301559,-85.835487,-0.0,-22.519,-180.0,0.0954693779349327
0.1741911172866821,0.0002456133079249,0.0003032613894902,550.956812,480.270977,5.0,180.0,-42.301559,-85.835487,-0.0,-22.519,-180.0,0.0649106577038765
0.2748749256134033,0.0001857038150774,0.0002770059800241,550.956812,480.270977,6.0,180.0,-42.301559,-85.835487,-0.0,-22.519,-180.0,0.1046355366706848
0.2632783651351928,0.0001764380576787,0.0002542889851611,550.956812,480.270977,7.0,180.0,-42.301559,-85.835487,-0.0,-22.519,-180.0,0.087310291826725
0.2382305860519409,0.000206232551136,0.0002780662034638,550.956812,480.270977,8.0,180.0,-42.301559,-85.835487,-0.0,-22.519,-180.0,0.0821874588727951
0.1993275433778762,0.0002655791467987,0.0003409708151593,550.956812,480.270977,9.0,180.0,-42.301559,-85.835487,-0.0,-22.519,-180.0,0.0620819292962551
0.2491547465324401,0.000232027421589,0.0003345034201629,550.956812,480.270977,10.0,180.0,-42.301559,-85.835487,-0.0,-22.519,-180.0,0.0893144980072975
0.2653902769088745,0.0002650351088959,0.0003979970642831,550.956812,480.270977,11.0,180.0,-42.301559,-85.835487,-0.0,-22.519,-180.0,0.0868188664317131
0.2894313335418701,0.0002407531574135,0.000382612197427,550.956812,480.270977,12.0,180.0,-42.301559,-85.835487,-0.0,-22.519,-180.0,0.0960708037018776
0.2683459222316742,0.000260569009697,0.0003963680646847,550.956812,480.270977,13.0,180.0,-42.301559,-85.835487,-0.0,-22.519,-180.0,0.0893619656562805
0.2943970561027527,0.0002698209427762,0.0004321485757827,550.956812,480.270977,14.0,180.0,-42.301559,-85.835487,-0.0,-22.519,-180.0,0.1023744046688079
0.2540242075920105,0.0003021529992111,0.0004599808889906,550.956812,480.270977,15.0,180.0,-42.301559,-85.835487,-0.0,-22.519,-180.0,0.0835503935813903
0.2485266923904419,0.000319812214002,0.0004802596522495,550.956812,480.270977,16.0,180.0,-42.301559,-85.835487,-0.0,-22.519,-180.0,0.0850139409303665
0.3079236149787903,0.0002743671357166,0.0004448816180229,550.956812,480.270977,17.0,180.0,-42.301559,-85.835487,-0.0,-22.519,-180.0,0.1049363613128662
0.2498987168073654,0.0002662663464434,0.0003968993551097,550.956812,480.270977,18.0,180.0,-42.301559,-85.835487,-0.0,-22.519,-180.0,0.0782516449689865
0.3147384226322174,0.0002477650996297,0.0004176625225227,550.956812,480.270977,19.0,180.0,-42.301559,-85.835487,-0.0,-22.519,-180.0,0.1039144545793533
0.3096126019954681,0.0001041082286974,0.0001599049573997,550.956812,480.270977,0.0,180.0,-42.301559,-85.835487,-0.0,-22.405,-180.0,0.1185354590415954
0.2984650731086731,0.0001043484735419,0.0001552861504023,550.956812,480.270977,1.0,180.0,-42.301559,-85.835487,-0.0,-22.405,-180.0,0.1082084625959396
0.2901794016361236,0.000121152101201,0.0001826733350753,550.956812,480.270977,2.0,180.0,-42.301559,-85.835487,-0.0,-22.405,-180.0,0.107650525867939
0.287634402513504,0.0001422239147359,0.0002138907148037,550.956812,480.270977,3.0,180.0,-42.301559,-85.835487,-0.0,-22.405,-180.0,0.1054887548089027
0.301493763923645,0.0001387333904858,0.0002198893926106,550.956812,480.270977,4.0,180.0,-42.301559,-85.835487,-0.0,-22.405,-180.0,0.1179046705365181
0.2637913227081299,0.000184017495485,0.0002710437984205,550.956812,480.270977,5.0,180.0,-42.301559,-85.835487,-0.0,-22.405,-180.0,0.0985021591186523
0.2854994833469391,0.0001893702137749,0.0002933364594355,550.956812,480.270977,6.0,180.0,-42.301559,-85.835487,-0.0,-22.405,-180.0,0.0994306877255439
0.2863676846027374,0.0001852895366027,0.0002847769064828,550.956812,480.270977,7.0,180.0,-42.301559,-85.835487,-0.0,-22.405,-180.0,0.0950341001152992
0.23935367166996,0.0002152478700736,0.0003027011989615,550.956812,480.270977,8.0,180.0,-42.301559,-85.835487,-0.0,-22.405,-180.0,0.0828085914254188
0.2731731832027435,0.0001868528925115,0.0002779787173494,550.956812,480.270977,9.0,180.0,-42.301559,-85.835487,-0.0,-22.405,-180.0,0.0912240594625473
0.246314987540245,0.0002372187736909,0.0003460902662482,550.956812,480.270977,10.0,180.0,-42.301559,-85.835487,-0.0,-22.405,-180.0,0.0849947333335876
0.3126170635223388,0.0002143635938409,0.0003517941513564,550.956812,480.270977,11.0,180.0,-42.301559,-85.835487,-0.0,-22.405,-180.0,0.1034517064690589
0.3105572462081909,0.0002227039512945,0.0003577340394258,550.956812,480.270977,12.0,180.0,-42.301559,-85.835487,-0.0,-22.405,-180.0,0.0969688594341278
0.273638367652893,0.0002534681698307,0.0004044800589326,550.956812,480.270977,13.0,180.0,-42.301559,-85.835487,-0.0,-22.405,-180.0,0.0913879126310348
0.2781412005424499,0.0002544921590015,0.0004011726414319,550.956812,480.270977,14.0,180.0,-42.301559,-85.835487,-0.0,-22.405,-180.0,0.0913418233394622
0.3180505633354187,0.0002267749950988,0.0003895931586157,550.956812,480.270977,15.0,180.0,-42.301559,-85.835487,-0.0,-22.405,-180.0,0.0955728366971015
0.2859513163566589,0.0003035740810446,0.0004953820025548,550.956812,480.270977,16.0,180.0,-42.301559,-85.835487,-0.0,-22.405,-180.0,0.0954292491078376
0.3494554162025451,0.0002556705730967,0.0004639965191017,550.956812,480.270977,17.0,180.0,-42.301559,-85.835487,-0.0,-22.405,-180.0,0.1072587519884109
0.3220163583755493,0.0002818776702042,0.0004952780436724,550.956812,480.270977,18.0,180.0,-42.301559,-85.835487,-0.0,-22.405,-180.0,0.1168585419654846
0.2785845100879669,0.0002956173557322,0.0004925704561173,550.956812,480.270977,19.0,180.0,-42.301559,-85.835487,-0.0,-22.405,-180.0,0.0886342450976371
0.3380020260810852,7.997273496584967e-05,0.0001300489384448,550.956812,480.270977,0.0,180.0,-42.301559,-85.835487,-0.0,-22.373,-180.0,0.1291686445474624
0.3094632029533386,0.0001164320492534,0.0001854847942013,550.956812,480.270977,1.0,180.0,-42.301559,-85.835487,-0.0,-22.373,-180.0,0.1276290863752365
0.3209075033664703,0.0001127488794736,0.0001840511831687,550.956812,480.270977,2.0,180.0,-42.301559,-85.835487,-0.0,-22.373,-180.0,0.1205872744321823
0.3422768414020538,9.95566151686944e-05,0.00016659036919,550.956812,480.270977,3.0,180.0,-42.301559,-85.835487,-0.0,-22.373,-180.0,0.1148834899067878
0.3033976852893829,0.0001421283959643,0.0002292870922246,550.956812,480.270977,4.0,180.0,-42.301559,-85.835487,-0.0,-22.373,-180.0,0.1116324216127395
0.2904346585273742,0.000141907701618,0.0002151266817236,550.956812,480.270977,5.0,180.0,-42.301559,-85.835487,-0.0,-22.373,-180.0,0.1079596728086471
0.2965342104434967,0.0001718312996672,0.0002719498879741,550.956812,480.270977,6.0,180.0,-42.301559,-85.835487,-0.0,-22.373,-180.0,0.1039769574999809
0.2499566674232483,0.0002012163895415,0.0002794465108308,550.956812,480.270977,7.0,180.0,-42.301559,-85.835487,-0.0,-22.373,-180.0,0.086761362850666
0.3159813284873962,0.0001783993066055,0.0002900520048569,550.956812,480.270977,8.0,180.0,-42.301559,-85.835487,-0.0,-22.373,-180.0,0.1074125319719314
0.3156494796276092,0.0002107155742123,0.0003492200630716,550.956812,480.270977,9.0,180.0,-42.301559,-85.835487,-0.0,-22.373,-180.0,0.1115158274769783
0.2795631885528564,0.0002058116660919,0.0003151847922708,550.956812,480.270977,10.0,180.0,-42.301559,-85.835487,-0.0,-22.373,-180.0,0.0899719893932342
0.2515052556991577,0.0002701246994547,0.0004025275993626,550.956812,480.270977,11.0,180.0,-42.301559,-85.835487,-0.0,-22.373,-180.0,0.0761370360851287
0.2728278040885925,0.0002498977992217,0.0003786672023124,550.956812,480.270977,12.0,180.0,-42.301559,-85.835487,-0.0,-22.373,-180.0,0.0858926549553871
0.2771974205970764,0.0002679103636182,0.0004245913296472,550.956812,480.270977,13.0,180.0,-42.301559,-85.835487,-0.0,-22.373,-180.0,0.0924989953637123
0.3368446826934814,0.0002269029500894,0.0004029730625916,550.956812,480.270977,14.0,180.0,-42.301559,-85.835487,-0.0,-22.373,-180.0,0.1125059500336647
0.3066981136798858,0.0002998003328684,0.0005006905412301,550.956812,480.270977,15.0,180.0,-42.301559,-85.835487,-0.0,-22.373,-180.0,0.096930868923664
0.3201563954353332,0.0002595328551251,0.0004478421178646,550.956812,480.270977,16.0,180.0,-42.301559,-85.835487,-0.0,-22.373,-180.0,0.1001696586608886
0.2792349755764007,0.0002472510095685,0.0003959026071242,550.956812,480.270977,17.0,180.0,-42.301559,-85.835487,-0.0,-22.373,-180.0,0.0968295261263847
0.3501724898815155,0.0002104158193105,0.0003877541748806,550.956812,480.270977,18.0,180.0,-42.301559,-85.835487,-0.0,-22.373,-180.0,0.1144187748432159
0.3294811248779297,0.0002992433146573,0.0005310009000822,550.956812,480.270977,19.0,180.0,-42.301559,-85.835487,-0.0,-22.373,-180.0,0.1101088523864746
0.2067301720380783,0.0001394585851812,0.0001568970474181,550.956812,480.270977,0.0,180.0,-42.301559,-85.835487,-0.0,-22.443,-180.0,0.0550373457372188
0.1991935968399047,0.0001522044622106,0.000171888503246,550.956812,480.270977,1.0,180.0,-42.301559,-85.835487,-0.0,-22.443,-180.0,0.0510916896164417
0.2563528716564178,0.0001305936602875,0.0001637165987631,550.956812,480.270977,2.0,180.0,-42.301559,-85.835487,-0.0,-22.443,-180.0,0.0711884796619415
0.1929847002029419,0.000160009090905,0.0001844396465457,550.956812,480.270977,3.0,180.0,-42.301559,-85.835487,-0.0,-22.443,-180.0,0.051428135484457
0.1263371407985687,0.0002375905896769,0.0002503650903236,550.956812,480.270977,4.0,180.0,-42.301559,-85.835487,-0.0,-22.443,-180.0,0.0282480474561452
0.1682138442993164,0.0002166394842788,0.0002409836306469,550.956812,480.270977,5.0,180.0,-42.301559,-85.835487,-0.0,-22.443,-180.0,0.047411061823368
0.1360844075679779,0.0002420392702333,0.0002575818507466,550.956812,480.270977,6.0,180.0,-42.301559,-85.835487,-0.0,-22.443,-180.0,0.0373688787221908
0.2486239671707153,0.0001495207980042,0.0001853138528531,550.956812,480.270977,7.0,180.0,-42.301559,-85.835487,-0.0,-22.443,-180.0,0.0713541135191917
0.1120123639702797,0.0003068526857532,0.0003255229385104,550.956812,480.270977,8.0,180.0,-42.301559,-85.835487,-0.0,-22.443,-180.0,0.0304443072527647
0.1483222693204879,0.0002794788451865,0.0003061177558265,550.956812,480.270977,9.0,180.0,-42.301559,-85.835487,-0.0,-22.443,-180.0,0.0494861416518688
0.1940253973007202,0.0002595098048914,0.0003070676757488,550.956812,480.270977,10.0,180.0,-42.301559,-85.835487,-0.0,-22.443,-180.0,0.0668575465679168
0.2113430649042129,0.0002670504036359,0.0003219047794118,550.956812,480.270977,11.0,180.0,-42.301559,-85.835487,-0.0,-22.443,-180.0,0.0753383859992027
0.184015154838562,0.0002750012208707,0.0003244857944082,550.956812,480.270977,12.0,180.0,-42.301559,-85.835487,-0.0,-22.443,-180.0,0.0636594742536544
0.1958210170269012,0.0002757694164756,0.0003346281882841,550.956812,480.270977,13.0,180.0,-42.301559,-85.835487,-0.0,-22.443,-180.0,0.0730569064617157
0.1812525987625122,0.0003072500112466,0.0003648150595836,550.956812,480.270977,14.0,180.0,-42.301559,-85.835487,-0.0,-22.443,-180.0,0.0695911720395088
0.1644150614738464,0.0002966449828818,0.0003472777316346,550.956812,480.270977,15.0,180.0,-42.301559,-85.835487,-0.0,-22.443,-180.0,0.062305249273777
0.1690122783184051,0.0003421849687583,0.0004106784472241,550.956812,480.270977,16.0,180.0,-42.301559,-85.835487,-0.0,-22.443,-180.0,0.0760053992271423
0.1578609496355056,0.0003167107643093,0.0003691363090183,550.956812,480.270977,17.0,180.0,-42.301559,-85.835487,-0.0,-22.443,-180.0,0.0609147660434246
0.141234204173088,0.0003271038585808,0.0003777558740694,550.956812,480.270977,18.0,180.0,-42.301559,-85.835487,-0.0,-22.443,-180.0,0.0622740276157856
0.1288592964410781,0.0003363037249073,0.0003810989728663,550.956812,480.270977,19.0,180.0,-42.301559,-85.835487,-0.0,-22.443,-180.0,0.0604036077857017
0.2958450615406036,9.00983068277128e-05,0.0001212201896123,550.956812,480.270977,0.0,180.0,-42.301559,-85.835487,-0.0,-22.394,-180.0,0.0775656402111053
0.2713552415370941,0.0001102077367249,0.0001443452638341,550.956812,480.270977,1.0,180.0,-42.301559,-85.835487,-0.0,-22.394,-180.0,0.0699435397982597
0.2275906503200531,0.0001322630851063,0.0001618815149413,550.956812,480.270977,2.0,180.0,-42.301559,-85.835487,-0.0,-22.394,-180.0,0.0626748204231262
0.2713551819324493,0.0001204514119308,0.0001559212687425,550.956812,480.270977,3.0,180.0,-42.301559,-85.835487,-0.0,-22.394,-180.0,0.0749011784791946
0.2420926988124847,0.0001385287614539,0.0001756462152116,550.956812,480.270977,4.0,180.0,-42.301559,-85.835487,-0.0,-22.394,-180.0,0.0651685371994972
0.252663791179657,0.0001315901754423,0.0001677549589658,550.956812,480.270977,5.0,180.0,-42.301559,-85.835487,-0.0,-22.394,-180.0,0.0654923766851425
0.2136779427528381,0.0001798629236873,0.0002115375682478,550.956812,480.270977,6.0,180.0,-42.301559,-85.835487,-0.0,-22.394,-180.0,0.0602702349424362
0.1958850026130676,0.0002057540841633,0.0002393857430433,550.956812,480.270977,7.0,180.0,-42.301559,-85.835487,-0.0,-22.394,-180.0,0.0585880577564239
0.2478524148464203,0.0001832214329624,0.0002293920551892,550.956812,480.270977,8.0,180.0,-42.301559,-85.835487,-0.0,-22.394,-180.0,0.073076531291008
0.1964615285396576,0.0002108674379996,0.0002497992827557,550.956812,480.270977,9.0,180.0,-42.301559,-85.835487,-0.0,-22.394,-180.0,0.0583277307450771
0.2003885209560394,0.0002409265434835,0.0002888088929466,550.956812,480.270977,10.0,180.0,-42.301559,-85.835487,-0.0,-22.394,-180.0,0.0678757727146148
0.1561599224805832,0.0003137940948363,0.0003608249826356,550.956812,480.270977,11.0,180.0,-42.301559,-85.835487,-0.0,-22.394,-180.0,0.0602266229689121
0.1796873062849044,0.0003000341530423,0.0003556333249434,550.956812,480.270977,12.0,180.0,-42.301559,-85.835487,-0.0,-22.394,-180.0,0.0654230564832687
0.1981357932090759,0.0002854588383343,0.0003464359324425,550.956812,480.270977,13.0,180.0,-42.301559,-85.835487,-0.0,-22.394,-180.0,0.0739248916506767
0.1323875784873962,0.0003900847514159,0.0004491616855375,550.956812,480.270977,14.0,180.0,-42.301559,-85.835487,-0.0,-22.394,-180.0,0.0561163313686847
0.1405633687973022,0.0003321584954392,0.0003782020648941,550.956812,480.270977,15.0,180.0,-42.301559,-85.835487,-0.0,-22.394,-180.0,0.0558901540935039
0.1184337362647056,0.0003432147204875,0.0003768127353396,550.956812,480.270977,16.0,180.0,-42.301559,-85.835487,-0.0,-22.394,-180.0,0.0504023060202598
0.1461838185787201,0.0003476262209005,0.0003979514876846,550.956812,480.270977,17.0,180.0,-42.301559,-85.835487,-0.0,-22.394,-180.0,0.0598319917917251
0.151231899857521,0.000329517351929,0.0003819973790086,550.956812,480.270977,18.0,180.0,-42.301559,-85.835487,-0.0,-22.394,-180.0,0.0628511905670166
0.1588184684514999,0.0003426989424042,0.0004118087526876,550.956812,480.270977,19.0,180.0,-42.301559,-85.835487,-0.0,-22.394,-180.0,0.0773584842681884
0.2432195991277694,0.000142278833664,0.0001815812138374,550.956812,480.270977,0.0,180.0,-42.301559,-85.835487,-0.0,-22.309,-180.0,0.0867666229605674
0.2498303949832916,0.0001260982389794,0.0001688686170382,550.956812,480.270977,1.0,180.0,-42.301559,-85.835487,-0.0,-22.309,-180.0,0.0878112614154815
0.240609124302864,0.0001475916797062,0.0001901277137221,550.956812,480.270977,2.0,180.0,-42.301559,-85.835487,-0.0,-22.309,-180.0,0.0812148451805114
0.2537062466144562,0.000147527680383,0.000196952081751,550.956812,480.270977,3.0,180.0,-42.301559,-85.835487,-0.0,-22.309,-180.0,0.08352991938591
0.2491346001625061,0.0001548098371131,0.0002101863356074,550.956812,480.270977,4.0,180.0,-42.301559,-85.835487,-0.0,-22.309,-180.0,0.079601913690567
0.1922030299901962,0.0002335256285732,0.000293688266538,550.956812,480.270977,5.0,180.0,-42.301559,-85.835487,-0.0,-22.309,-180.0,0.0645922347903251
0.2674119472503662,0.0001739393919706,0.0002447367587592,550.956812,480.270977,6.0,180.0,-42.301559,-85.835487,-0.0,-22.309,-180.0,0.0920298993587493
0.2680585980415344,0.0002076052915072,0.0002958016411866,550.956812,480.270977,7.0,180.0,-42.301559,-85.835487,-0.0,-22.309,-180.0,0.0920110866427421
0.2095374166965484,0.0002296292368555,0.0002960902929771,550.956812,480.270977,8.0,180.0,-42.301559,-85.835487,-0.0,-22.309,-180.0,0.0707471296191215
0.1867142170667648,0.0002924660220742,0.000357379874913,550.956812,480.270977,9.0,180.0,-42.301559,-85.835487,-0.0,-22.309,-180.0,0.0673975273966789
0.2279069572687149,0.0002445135614834,0.0003163474902976,550.956812,480.270977,10.0,180.0,-42.301559,-85.835487,-0.0,-22.309,-180.0,0.078586034476757
0.2380969077348709,0.0002502487914171,0.0003389970515854,550.956812,480.270977,11.0,180.0,-42.301559,-85.835487,-0.0,-22.309,-180.0,0.0812103822827339
0.2118483334779739,0.0002582544693723,0.0003378354886081,550.956812,480.270977,12.0,180.0,-42.301559,-85.835487,-0.0,-22.309,-180.0,0.0718197375535965
0.2124755233526229,0.0002737867471296,0.0003569702384993,550.956812,480.270977,13.0,180.0,-42.301559,-85.835487,-0.0,-22.309,-180.0,0.0714778825640678
0.1075223162770271,0.0004769955703523,0.000552884011995,550.956812,480.270977,14.0,180.0,-42.301559,-85.835487,-0.0,-22.309,-180.0,0.0393136106431484
0.2105600237846374,0.0003006743500009,0.0004032546421512,550.956812,480.270977,15.0,180.0,-42.301559,-85.835487,-0.0,-22.309,-180.0,0.0770051404833793
0.247460275888443,0.0002860355016309,0.0004060992214363,550.956812,480.270977,16.0,180.0,-42.301559,-85.835487,-0.0,-22.309,-180.0,0.0898536220192909
0.2274176180362701,0.0003220831276848,0.0004510295402724,550.956812,480.270977,17.0,180.0,-42.301559,-85.835487,-0.0,-22.309,-180.0,0.0890226289629936
0.2553309500217438,0.0002832479367498,0.0004106916603632,550.956812,480.270977,18.0,180.0,-42.301559,-85.835487,-0.0,-22.309,-180.0,0.0970807522535324
0.2384709119796753,0.0003043821780011,0.0004308767674956,550.956812,480.270977,19.0,180.0,-42.301559,-85.835487,-0.0,-22.309,-180.0,0.0933093279600143
0.2633314728736877,9.137502638623118e-05,0.0001202003768412,550.956812,480.270977,0.0,180.0,-42.301559,-85.835487,-0.0,-22.351,-180.0,0.0840148329734802
0.2334280908107757,0.0001441216154489,0.0001795985735952,550.956812,480.270977,1.0,180.0,-42.301559,-85.835487,-0.0,-22.351,-180.0,0.0764491036534309
0.2009655237197876,0.0001649587065912,0.0001951678277691,550.956812,480.270977,2.0,180.0,-42.301559,-85.835487,-0.0,-22.351,-180.0,0.0611918419599533
0.2099389284849167,0.0002110589703079,0.0002712503774091,550.956812,480.270977,3.0,180.0,-42.301559,-85.835487,-0.0,-22.351,-180.0,0.0789841189980506
0.2476784586906433,0.0001716172555461,0.0002313875447725,550.956812,480.270977,4.0,180.0,-42.301559,-85.835487,-0.0,-22.351,-180.0,0.0852464288473129
0.2447861135005951,0.0001878360053524,0.000255444960203,550.956812,480.270977,5.0,180.0,-42.301559,-85.835487,-0.0,-22.351,-180.0,0.0835855677723884
0.1759719848632812,0.0002625834604259,0.0003147270472254,550.956812,480.270977,6.0,180.0,-42.301559,-85.835487,-0.0,-22.351,-180.0,0.0547203347086906
0.1592627912759781,0.00026165030431,0.000300981948385,550.956812,480.270977,7.0,180.0,-42.301559,-85.835487,-0.0,-22.351,-180.0,0.0508550927042961
0.1849235743284225,0.000304175511701,0.000381917663617,550.956812,480.270977,8.0,180.0,-42.301559,-85.835487,-0.0,-22.351,-180.0,0.0688615590333938
0.2207511663436889,0.0002432734472677,0.000319946266245,550.956812,480.270977,9.0,180.0,-42.301559,-85.835487,-0.0,-22.351,-180.0,0.0789691507816314
0.2019776105880737,0.0002408819709671,0.0003041184972971,550.956812,480.270977,10.0,180.0,-42.301559,-85.835487,-0.0,-22.351,-180.0,0.06453787535429
0.2012118101119995,0.0002899703395087,0.0003757622325792,550.956812,480.270977,11.0,180.0,-42.301559,-85.835487,-0.0,-22.351,-180.0,0.069858081638813
0.2355869859457016,0.0002561315195634,0.000347671448253,550.956812,480.270977,12.0,180.0,-42.301559,-85.835487,-0.0,-22.351,-180.0,0.0799396857619285
0.2040813267230987,0.0003146415692754,0.000411388638895,550.956812,480.270977,13.0,180.0,-42.301559,-85.835487,-0.0,-22.351,-180.0,0.0755746811628341
0.2355908900499344,0.000307470181724,0.0004270030476618,550.956812,480.270977,14.0,180.0,-42.301559,-85.835487,-0.0,-22.351,-180.0,0.0896141156554222
0.2429426163434982,0.000299971550703,0.0004237492394167,550.956812,480.270977,15.0,180.0,-42.301559,-85.835487,-0.0,-22.351,-180.0,0.0900884941220283
0.2575415670871734,0.0002780462091322,0.0003998991451226,550.956812,480.270977,16.0,180.0,-42.301559,-85.835487,-0.0,-22.351,-180.0,0.0945495069026947
0.2297946214675903,0.0003136941813863,0.0004359913291409,550.956812,480.270977,17.0,180.0,-42.301559,-85.835487,-0.0,-22.351,-180.0,0.0824017524719238
0.2179593294858932,0.0003134502912871,0.0004322986933402,550.956812,480.270977,18.0,180.0,-42.301559,-85.835487,-0.0,-22.351,-180.0,0.0811851918697357
0.2540999352931976,0.000285009300569,0.0004102993116248,550.956812,480.270977,19.0,180.0,-42.301559,-85.835487,-0.0,-22.351,-180.0,0.0973526760935783
0.2706790566444397,0.000118274729175,0.0001638431422179,550.956812,480.270977,0.0,180.0,-42.301559,-85.835487,-0.0,-22.27,-180.0,0.0946266874670982
0.2457158714532852,0.0001332704705419,0.0001765440829331,550.956812,480.270977,1.0,180.0,-42.301559,-85.835487,-0.0,-22.27,-180.0,0.081046774983406
0.2332469373941421,0.0001702628651401,0.0002224213967565,550.956812,480.270977,2.0,180.0,-42.301559,-85.835487,-0.0,-22.27,-180.0,0.086907111108303
0.2733208835124969,0.0001494774187449,0.0002126467588823,550.956812,480.270977,3.0,180.0,-42.301559,-85.835487,-0.0,-22.27,-180.0,0.0961122140288353
0.2777202725410461,0.0001422164932591,0.0002051277115242,550.956812,480.270977,4.0,180.0,-42.301559,-85.835487,-0.0,-22.27,-180.0,0.0986977890133857
0.2731788754463196,0.0001373287086607,0.0001948402059497,550.956812,480.270977,5.0,180.0,-42.301559,-85.835487,-0.0,-22.27,-180.0,0.0945924669504165
0.2681507468223572,0.0001769073423929,0.0002502383431419,550.956812,480.270977,6.0,180.0,-42.301559,-85.835487,-0.0,-22.27,-180.0,0.0908945947885513
0.3009381592273712,0.0001756766432663,0.0002682026242837,550.956812,480.270977,7.0,180.0,-42.301559,-85.835487,-0.0,-22.27,-180.0,0.097141295671463
0.2259835302829742,0.0002128135529346,0.000288056442514,550.956812,480.270977,8.0,180.0,-42.301559,-85.835487,-0.0,-22.27,-180.0,0.0693544968962669
0.1916572153568267,0.0002509050245862,0.0003195109602529,550.956812,480.270977,9.0,180.0,-42.301559,-85.835487,-0.0,-22.27,-180.0,0.0647007524967193
0.2581935226917267,0.0002322491491213,0.0003307896549813,550.956812,480.270977,10.0,180.0,-42.301559,-85.835487,-0.0,-22.27,-180.0,0.0894458070397377
0.2668678164482116,0.0002574709942564,0.0003826407482847,550.956812,480.270977,11.0,180.0,-42.301559,-85.835487,-0.0,-22.27,-180.0,0.0907496511936187
0.2790897488594055,0.0002068133471766,0.000306878820993,550.956812,480.270977,12.0,180.0,-42.301559,-85.835487,-0.0,-22.27,-180.0,0.0862011238932609
0.2659828066825866,0.000303815701045,0.0004597315273713,550.956812,480.270977,13.0,180.0,-42.301559,-85.835487,-0.0,-22.27,-180.0,0.0963897034525871
0.2800918519496918,0.000261008972302,0.0003973080893047,550.956812,480.270977,14.0,180.0,-42.301559,-85.835487,-0.0,-22.27,-180.0,0.0934897065162658
0.2292316854000091,0.0003137254097964,0.0004442180797923,550.956812,480.270977,15.0,180.0,-42.301559,-85.835487,-0.0,-22.27,-180.0,0.0810655429959297
0.2626666724681854,0.0003093096020165,0.0004641956184059,550.956812,480.270977,16.0,180.0,-42.301559,-85.835487,-0.0,-22.27,-180.0,0.0910067334771156
0.2876917719841003,0.0002459441893734,0.0003820826823357,550.956812,480.270977,17.0,180.0,-42.301559,-85.835487,-0.0,-22.27,-180.0,0.0959759131073951
0.2727431058883667,0.000298812665278,0.0004564395931083,550.956812,480.270977,18.0,180.0,-42.301559,-85.835487,-0.0,-22.27,-180.0,0.0934414863586425
0.2533033788204193,0.0003032747772522,0.0004601528926286,550.956812,480.270977,19.0,180.0,-42.301559,-85.835487,-0.0,-22.27,-180.0,0.0923064202070236
0.2923247218132019,0.000106891253381,0.0001516203919891,550.956812,480.270977,0.0,180.0,-42.301559,-85.835487,-0.0,-22.204,-180.0,0.1049613580107688
0.2630056738853454,0.0001364724739687,0.0001832198322517,550.956812,480.270977,1.0,180.0,-42.301559,-85.835487,-0.0,-22.204,-180.0,0.0889008939266204
0.2300045043230056,0.0001654922525631,0.0002133942762156,550.956812,480.270977,2.0,180.0,-42.301559,-85.835487,-0.0,-22.204,-180.0,0.0838078707456588
0.2912518680095672,0.0001287902559852,0.0001865528465714,550.956812,480.270977,3.0,180.0,-42.301559,-85.835487,-0.0,-22.204,-180.0,0.0981371700763702
0.2970436215400696,0.0001507740089436,0.0002272462443215,550.956812,480.270977,4.0,180.0,-42.301559,-85.835487,-0.0,-22.204,-180.0,0.1071594431996345
0.2509338557720184,0.0001638406392885,0.0002226558281108,550.956812,480.270977,5.0,180.0,-42.301559,-85.835487,-0.0,-22.204,-180.0,0.0816365331411361
0.2403464168310165,0.0001958846696652,0.0002695769362617,550.956812,480.270977,6.0,180.0,-42.301559,-85.835487,-0.0,-22.204,-180.0,0.0853407308459281
0.2858674228191376,0.0001622284034965,0.0002373545576119,550.956812,480.270977,7.0,180.0,-42.301559,-85.835487,-0.0,-22.204,-180.0,0.0957046598196029
0.2548714578151703,0.0002232370170531,0.0003159442567266,550.956812,480.270977,8.0,180.0,-42.301559,-85.835487,-0.0,-22.204,-180.0,0.0811144635081291
0.2134522646665573,0.0002341882500331,0.0003065733180847,550.956812,480.270977,9.0,180.0,-42.301559,-85.835487,-0.0,-22.204,-180.0,0.0691282823681831
0.235465258359909,0.0002202195610152,0.0002974341623485,550.956812,480.270977,10.0,180.0,-42.301559,-85.835487,-0.0,-22.204,-180.0,0.0797941610217094
0.2532674670219421,0.0002375888871029,0.0003390217607375,550.956812,480.270977,11.0,180.0,-42.301559,-85.835487,-0.0,-22.204,-180.0,0.0822786167263984
0.2455686628818512,0.0003152539138682,0.0004538430366665,550.956812,480.270977,12.0,180.0,-42.301559,-85.835487,-0.0,-22.204,-180.0,0.0884513258934021
0.2773792743682861,0.0002847641299013,0.0004282158624846,550.956812,480.270977,13.0,180.0,-42.301559,-85.835487,-0.0,-22.204,-180.0,0.0982455536723136
0.2618310153484344,0.000287759641651,0.0004291737859603,550.956812,480.270977,14.0,180.0,-42.301559,-85.835487,-0.0,-22.204,-180.0,0.0892254337668418
0.2348541021347046,0.0003011053486261,0.0004298008861951,550.956812,480.270977,15.0,180.0,-42.301559,-85.835487,-0.0,-22.204,-180.0,0.0751532390713691
0.2170449793338775,0.0003361615526955,0.0004672488139476,550.956812,480.270977,16.0,180.0,-42.301559,-85.835487,-0.0,-22.204,-180.0,0.076390266418457
0.1764400452375412,0.000362076156307,0.0004736727569252,550.956812,480.270977,17.0,180.0,-42.301559,-85.835487,-0.0,-22.204,-180.0,0.0600132383406162
0.29628586769104,0.0002740415220614,0.0004356628051027,550.956812,480.270977,18.0,180.0,-42.301559,-85.835487,-0.0,-22.204,-180.0,0.1059322133660316
0.306262731552124,0.0002849406155291,0.0004624377470463,550.956812,480.270977,19.0,180.0,-42.301559,-85.835487,-0.0,-22.204,-180.0,0.1153422519564628
0.2674184143543243,0.0001015895977616,0.0001349883968941,550.956812,480.270977,0.0,180.0,-42.301559,-85.835487,-0.0,-22.218,-180.0,0.1012487187981605
0.2562331259250641,0.0001337305293418,0.0001820188044803,550.956812,480.270977,1.0,180.0,-42.301559,-85.835487,-0.0,-22.218,-180.0,0.0873813033103942
0.2594011723995209,0.0001656344975344,0.0002272225538035,550.956812,480.270977,2.0,180.0,-42.301559,-85.835487,-0.0,-22.218,-180.0,0.0935560166835784
0.262286365032196,0.0001498810888733,0.000208252997254,550.956812,480.270977,3.0,180.0,-42.301559,-85.835487,-0.0,-22.218,-180.0,0.0955157876014709
0.2897265553474426,0.0001656072272453,0.0002443837001919,550.956812,480.270977,4.0,180.0,-42.301559,-85.835487,-0.0,-22.218,-180.0,0.1044480726122856
0.2432635128498077,0.0001693273661658,0.0002297798782819,550.956812,480.270977,5.0,180.0,-42.301559,-85.835487,-0.0,-22.218,-180.0,0.0798884779214859
0.2422103434801101,0.0001973319449461,0.0002751873107627,550.956812,480.270977,6.0,180.0,-42.301559,-85.835487,-0.0,-22.218,-180.0,0.0838968530297279
0.3050771653652191,0.0001399008760927,0.0002167304919566,550.956812,480.270977,7.0,180.0,-42.301559,-85.835487,-0.0,-22.218,-180.0,0.095769502222538
0.2484849542379379,0.0001951486920006,0.0002740573254413,550.956812,480.270977,8.0,180.0,-42.301559,-85.835487,-0.0,-22.218,-180.0,0.085741326212883
0.2457111030817031,0.0001955559855559,0.0002639677259139,550.956812,480.270977,9.0,180.0,-42.301559,-85.835487,-0.0,-22.218,-180.0,0.0775087252259254
0.2395453304052353,0.000260482658632,0.0003671356535051,550.956812,480.270977,10.0,180.0,-42.301559,-85.835487,-0.0,-22.218,-180.0,0.0840950608253479
0.2590252459049225,0.0002527229953557,0.0003721370303537,550.956812,480.270977,11.0,180.0,-42.301559,-85.835487,-0.0,-22.218,-180.0,0.0855625718832016
0.2489630132913589,0.0002739484189078,0.0004007119277957,550.956812,480.270977,12.0,180.0,-42.301559,-85.835487,-0.0,-22.218,-180.0,0.0832004472613334
0.2594938576221466,0.0002910353068728,0.0004373290285002,550.956812,480.270977,13.0,180.0,-42.301559,-85.835487,-0.0,-22.218,-180.0,0.0853484570980072
0.2517252266407013,0.0002678298333194,0.0003941661852877,550.956812,480.270977,14.0,180.0,-42.301559,-85.835487,-0.0,-22.218,-180.0,0.0853020101785659
0.2623880505561828,0.0002414038026472,0.0003645842662081,550.956812,480.270977,15.0,180.0,-42.301559,-85.835487,-0.0,-22.218,-180.0,0.0878207236528396
0.2399089485406875,0.0002708134707063,0.0003987797244917,550.956812,480.270977,16.0,180.0,-42.301559,-85.835487,-0.0,-22.218,-180.0,0.0799272060394287
0.2843315005302429,0.0002702317433431,0.0004246839089319,550.956812,480.270977,17.0,180.0,-42.301559,-85.835487,-0.0,-22.218,-180.0,0.0971743091940879
0.2419893890619278,0.0003463229804765,0.0005107360775582,550.956812,480.270977,18.0,180.0,-42.301559,-85.835487,-0.0,-22.218,-180.0,0.0902636498212814
0.2756488919258117,0.0003277282812632,0.000515148800332,550.956812,480.270977,19.0,180.0,-42.301559,-85.835487,-0.0,-22.218,-180.0,0.1063500344753265
